id;context;situation;question_id;speaker_x;speaker_y;implied_meaning;options;correct_answer
0;X and Y are childhood neighbours who unexpectedly run into each other at a cafe.;meeting_childhood_neighbour;0;Would you like to exchange numbers?;I'll get my contacts open here.;He likes to exchange numbers;['Yes', 'No', 'Yes, subject to some conditions', 'In the middle, neither yes nor no', 'Other'];Yes
1;Y has just moved into a neighbourhood and meets his/her new neighbour X.;meeting_new_neighbour;1;Have you lived in this area long?;Several of my neighbors remember me in diapers.;He has been living in the area since his childhood;['Yes', 'No', 'Yes, subject to some conditions', 'In the middle, neither yes nor no', 'Other'];Yes
2;X wants to know what activities Y likes to do during weekends.;weekend_activities;2;Are you going to the high school football game tonight?;I'd rather do anything else.;He prefer to do anyother activity as he is not interested in high school football game tonight.;['Yes', 'No', 'Yes, subject to some conditions', 'In the middle, neither yes nor no', 'Other'];No
3;X and Y are colleagues who are leaving work on a Friday at the same time.;colleagues_leaving_work;3;Got anything going on on Saturday?;I am planting the garden.;She already have a plan for gardening on saturday;['Yes', 'No', 'Yes, subject to some conditions', 'In the middle, neither yes nor no', 'Other'];Yes
4;Y has just told X that he/she is considering switching his/her job.;switching_jobs;4;Do you usually have to work late?;Often I find myself the last one at work.;He frequently stays at work until late hours or beyond regular working hours.;['Yes', 'No', 'Yes, subject to some conditions', 'In the middle, neither yes nor no', 'Other'];Yes
5;X wants to know about Y's music preferences.;music_preferences;5;Do you listen to classical music?;I'm not a fan;He don't have any special intereset in classiccal music, but he may listen to it;['Yes', 'No', 'Yes, subject to some conditions', 'In the middle, neither yes nor no', 'Other'];No
6;Y has just travelled from a different city to meet X.;travelling_to_meet_someone;6;Have you taken any big vacations lately?;I went to Europe for 3 weeks last fall.;He had recent and big vacation in Europe;['Yes', 'No', 'Yes, subject to some conditions', 'In the middle, neither yes nor no', 'Other'];Yes
7;Y has just travelled from a different city to meet X.;travelling_to_meet_someone;7;Would you like to pet my dog?;I am allergic.;He dont like to pet gogs because he is allergic;['Yes', 'No', 'Yes, subject to some conditions', 'In the middle, neither yes nor no', 'Other'];No
8;X and Y are colleagues who are leaving work on a Friday at the same time.;colleagues_leaving_work;8;Do you work near by?;We work together.;They are colleagues and work in the same place;['Yes', 'No', 'Yes, subject to some conditions', 'In the middle, neither yes nor no', 'Other'];Yes
9;X wants to know about Y's music preferences.;music_preferences;9;Do you like French cuisine?;I have only tried it once;His experience with French cuisine is limited, so his liking of it is uncertain;['Yes', 'No', 'Yes, subject to some conditions', 'In the middle, neither yes nor no', 'Other'];In the middle, neither yes nor no
10;X wants to know what activities Y likes to do during weekends.;weekend_activities;10;Are you looking to meet people?;I'm happy on my own.;He is happy with being alone and he don't want to meet people;['Yes', 'No', 'Yes, subject to some conditions', 'In the middle, neither yes nor no', 'Other'];No
11;X wants to know about Y's food preferences.;food_preferences;11;How about some pancakes?;I had some yesterday.;He consumed pancakes yesterday and don't have immediate desire to have it again;['Yes', 'No', 'Yes, subject to some conditions', 'In the middle, neither yes nor no', 'Other'];No
12;X wants to know about Y's food preferences.;food_preferences;12;Do you like buffets?;I can never eat that much.;He likes buffet but unable to eat large quantity of food associated with it;['Yes', 'No', 'Yes, subject to some conditions', 'In the middle, neither yes nor no', 'Other'];No
13;X wants to know what sorts of books Y likes to read.;book_preferences;13;Want to go to the library to browse?;More than you know.;He has strong desire for going to library to browse;['Yes', 'No', 'Yes, subject to some conditions', 'In the middle, neither yes nor no', 'Other'];Yes
14;Y has just told X that he/she is considering switching his/her job.;switching_jobs;14;Do you have five years of experience?;Only three.;He doesn't have five years of experience, he only has three years.;['Yes', 'No', 'Yes, subject to some conditions', 'In the middle, neither yes nor no', 'Other'];No
15;X wants to know what sorts of books Y likes to read.;book_preferences;15;Are you into biographies?;When it's autobiography.;He has interest in biographies specially in autobiographies.;['Yes', 'No', 'Yes, subject to some conditions', 'In the middle, neither yes nor no', 'Other'];Yes, subject to some conditions
16;Y has just told X that he/she is considering switching his/her job.;switching_jobs;16;Are you eligible for promotion?;I won't be for another six months.;He is not eligible for promotion at the present moment.;['Yes', 'No', 'Yes, subject to some conditions', 'In the middle, neither yes nor no', 'Other'];No
17;X wants to know about Y's music preferences.;music_preferences;17;Do you listen to new music every Friday?;I listen to the radio daily.;He listen to music every day regardless of new releases.;['Yes', 'No', 'Yes, subject to some conditions', 'In the middle, neither yes nor no', 'Other'];Yes
18;X wants to know what sorts of books Y likes to read.;book_preferences;18;Do you read everyday?;Depends how busy my job is.;He may not get enough time toread every day if his job is demanding.;['Yes', 'No', 'Yes, subject to some conditions', 'In the middle, neither yes nor no', 'Other'];Yes, subject to some conditions
19;Y has just moved into a neighbourhood and meets his/her new neighbour X.;meeting_new_neighbour;19;Do you like horror movies?;Oh I love scary movies.;He has strong intereset in horror movies;['Yes', 'No', 'Yes, subject to some conditions', 'In the middle, neither yes nor no', 'Other'];Yes
20;X wants to know what sorts of books Y likes to read.;book_preferences;20;Are you a history fan?;Only of Eurasian history.;He is not a fan of history in general, only interested in Eurasian history.;['Yes', 'No', 'Yes, subject to some conditions', 'In the middle, neither yes nor no', 'Other'];Yes, subject to some conditions
21;Y has just moved into a neighbourhood and meets his/her new neighbour X.;meeting_new_neighbour;21;Do you like the neighborhood so far;I think its great;He likes the neighborhood;['Yes', 'No', 'Yes, subject to some conditions', 'In the middle, neither yes nor no', 'Other'];Yes
22;X and Y are childhood neighbours who unexpectedly run into each other at a cafe.;meeting_childhood_neighbour;22;Have you continued doing sports?;Only when I have the time;He continued doing sports but depends on the availability of time.;['Yes', 'No', 'Yes, subject to some conditions', 'In the middle, neither yes nor no', 'Other'];Yes, subject to some conditions
23;Y has just travelled from a different city to meet X.;travelling_to_meet_someone;23;do you want to go swimming?;I'd rather go skating.;His preference is skating rather than swimming;['Yes', 'No', 'Yes, subject to some conditions', 'In the middle, neither yes nor no', 'Other'];No
24;X wants to know about Y's music preferences.;music_preferences;24;Want to go see a musical?;If it has good reviews.;He want to see only those musical which has good reviews.;['Yes', 'No', 'Yes, subject to some conditions', 'In the middle, neither yes nor no', 'Other'];Yes, subject to some conditions
25;Y has just told X that he/she is considering switching his/her job.;switching_jobs;25;Do you want a new challenge?;I've been so bored t work.;He want a new challenge, as he wish to escape from the boring current job;['Yes', 'No', 'Yes, subject to some conditions', 'In the middle, neither yes nor no', 'Other'];Yes
26;Y has just travelled from a different city to meet X.;travelling_to_meet_someone;26;Are you relieved to get some time away?;It feels great!;He feels great enjoyment to have some time away.;['Yes', 'No', 'Yes, subject to some conditions', 'In the middle, neither yes nor no', 'Other'];Yes
27;X wants to know about Y's food preferences.;food_preferences;27;Would you be into eating at a diner with burgers?;I want to get a salad.;He don't want burgers as dinner and he prefer salad.;['Yes', 'No', 'Yes, subject to some conditions', 'In the middle, neither yes nor no', 'Other'];No
28;X wants to know what activities Y likes to do during weekends.;weekend_activities;28;Do you play football on weekends?;I gave that up.;He has stopped playing football;['Yes', 'No', 'Yes, subject to some conditions', 'In the middle, neither yes nor no', 'Other'];No
29;X wants to know about Y's food preferences.;food_preferences;29;Do you enjoy seafood?;I like crab and lobster.;He is not interested in seafood in general, only likes crab and lobster.;['Yes', 'No', 'Yes, subject to some conditions', 'In the middle, neither yes nor no', 'Other'];Yes
30;X and Y are childhood neighbours who unexpectedly run into each other at a cafe.;meeting_childhood_neighbour;30;Want to grab a coffee one of these days?;How about a beer?;He prefer beer rather than coffee;['Yes', 'No', 'Yes, subject to some conditions', 'In the middle, neither yes nor no', 'Other'];No
31;X wants to know what sorts of books Y likes to read.;book_preferences;31;Ever read any Russian literature?;It always seemed to hard to read.;He read Russian literature and find it difficult to follow.;['Yes', 'No', 'Yes, subject to some conditions', 'In the middle, neither yes nor no', 'Other'];No
32;X wants to know what sorts of books Y likes to read.;book_preferences;32;Do you read alot?;I try to read every evening.;He maintains a regular reading habit and consequently reads a lot.;['Yes', 'No', 'Yes, subject to some conditions', 'In the middle, neither yes nor no', 'Other'];Yes
33;X wants to know what sorts of books Y likes to read.;book_preferences;33;Will you be joining any book clubs?;If I can find one that meets on weekends.;He is interested in joining a book club that meets on weekends;['Yes', 'No', 'Yes, subject to some conditions', 'In the middle, neither yes nor no', 'Other'];Yes, subject to some conditions
34;Y has just moved into a neighbourhood and meets his/her new neighbour X.;meeting_new_neighbour;34;Do you enjoy mowing the lawn?;It's very zen.;He finds a meditative sense of enjoyment from mowing the lawn.;['Yes', 'No', 'Yes, subject to some conditions', 'In the middle, neither yes nor no', 'Other'];Yes
35;X wants to know what sorts of books Y likes to read.;book_preferences;35;Have you been to a book reading lately?;I prefer to read novels in the comfort of my own home.;He is not interested in book reading events and instead he finds enjoyment in private reading.;['Yes', 'No', 'Yes, subject to some conditions', 'In the middle, neither yes nor no', 'Other'];No
36;X wants to know what sorts of books Y likes to read.;book_preferences;36;Have you read Stephen King?;His writing is too scary for me.;He has indeed read Stephen King's book and finds them to be too scary.;['Yes', 'No', 'Yes, subject to some conditions', 'In the middle, neither yes nor no', 'Other'];No
37;Y has just told X that he/she is thinking of buying a flat in New York.;buying_a_flat;37;Have you started looking yet?;I'll look when we arrive.;He has not yet start looking for a flat.;['Yes', 'No', 'Yes, subject to some conditions', 'In the middle, neither yes nor no', 'Other'];No
38;Y has just travelled from a different city to meet X.;travelling_to_meet_someone;38;Do you want to catch a Christmas movie later?;I hope it is funny.;He wish to watch humorous Chrismas movie.;['Yes', 'No', 'Yes, subject to some conditions', 'In the middle, neither yes nor no', 'Other'];Yes
39;Y has just told X that he/she is considering switching his/her job.;switching_jobs;39;Will you be the head of your department?;That position has been filled.;He is aware that someone else has already been appointed, indicating that he will not get a chance.;['Yes', 'No', 'Yes, subject to some conditions', 'In the middle, neither yes nor no', 'Other'];No
40;X wants to know what activities Y likes to do during weekends.;weekend_activities;40;Do you prefer to relax on the weekends?;I pack my weekends with activities.;His weekends are filled with activities rather than focused on relaxation.;['Yes', 'No', 'Yes, subject to some conditions', 'In the middle, neither yes nor no', 'Other'];No
41;X wants to know what sorts of books Y likes to read.;book_preferences;41;Do you read science type books?;In school I need to read them.;He is not personally interested in science books but compelled to read them for acadamic purpose.;['Yes', 'No', 'Yes, subject to some conditions', 'In the middle, neither yes nor no', 'Other'];Yes
42;Y has just told X that he/she is thinking of buying a flat in New York.;buying_a_flat;42;Can you show proof of income?;I haven't gotten a job there yet.;He is not willing to show the income proof because his job is somewhere else.;['Yes', 'No', 'Yes, subject to some conditions', 'In the middle, neither yes nor no', 'Other'];No
43;X wants to know what activities Y likes to do during weekends.;weekend_activities;43;Are you free this weekend?;I have a full weekend.;He has prior commitments througout the weekends, so he is not available.;['Yes', 'No', 'Yes, subject to some conditions', 'In the middle, neither yes nor no', 'Other'];No
44;X and Y are childhood neighbours who unexpectedly run into each other at a cafe.;meeting_childhood_neighbour;44;Are you still living in the same house?;There are condos where the house was now.;He no longer lives in the same house, that has been replaced by condos.;['Yes', 'No', 'Yes, subject to some conditions', 'In the middle, neither yes nor no', 'Other'];No
45;X and Y are childhood neighbours who unexpectedly run into each other at a cafe.;meeting_childhood_neighbour;45;Are you still in contact with the other neighbors?;some of them I am;He still keep contact with some of his neighbors but not with all of them.;['Yes', 'No', 'Yes, subject to some conditions', 'In the middle, neither yes nor no', 'Other'];Yes
46;Y has just told X that he/she is thinking of buying a flat in New York.;buying_a_flat;46;Have you considered the cost of living?;My budget is really tight.;He is much concerned about cost of living because of his tight budget.;['Yes', 'No', 'Yes, subject to some conditions', 'In the middle, neither yes nor no', 'Other'];In the middle, neither yes nor no
47;Y has just told X that he/she is thinking of buying a flat in New York.;buying_a_flat;47;Are you getting a flat in the city?;I can only afford New Jersey.;His budget allows him to consider obtaining a flat in New Jersey city.;['Yes', 'No', 'Yes, subject to some conditions', 'In the middle, neither yes nor no', 'Other'];No
48;X and Y are colleagues who are leaving work on a Friday at the same time.;colleagues_leaving_work;48;Will you be going out at the weekend ?;I'm headed out to the slopes.;He plans to spend his weekends in slope areas.;['Yes', 'No', 'Yes, subject to some conditions', 'In the middle, neither yes nor no', 'Other'];Yes
49;X wants to know what activities Y likes to do during weekends.;weekend_activities;49;Are you dating anyone right now?;I have been married for several years.;He is in a committed marital relationship and not actively in dating.;['Yes', 'No', 'Yes, subject to some conditions', 'In the middle, neither yes nor no', 'Other'];No
50;X wants to know about Y's music preferences.;music_preferences;50;Did you listen to the new Taylor Swift album?;I'm not a fan of her;He has not listened to Taylor Swift's music because that doesnot align with his genre.;['Yes', 'No', 'Yes, subject to some conditions', 'In the middle, neither yes nor no', 'Other'];No
51;X wants to know about Y's music preferences.;music_preferences;51;Do you have any formal musical training?;I went to London College of Music.;He has received formal musical training at the London College of Music.;['Yes', 'No', 'Yes, subject to some conditions', 'In the middle, neither yes nor no', 'Other'];Yes
52;X wants to know about Y's music preferences.;music_preferences;52;Did you hear about that popular band  coming to town?;I haven't seen anything.;He has no idea about the popular band's upcoming visit to town.;['Yes', 'No', 'Yes, subject to some conditions', 'In the middle, neither yes nor no', 'Other'];No
53;Y has just moved into a neighbourhood and meets his/her new neighbour X.;meeting_new_neighbour;53;Are community gatherings important?;I don't usually go to them.;He don't think community gathering is relevant, so he usually stay away from it.;['Yes', 'No', 'Yes, subject to some conditions', 'In the middle, neither yes nor no', 'Other'];No
54;Y has just travelled from a different city to meet X.;travelling_to_meet_someone;54;Are you doing well?;Life is really good.;His overall life is going well, indicating a positive well-being.;['Yes', 'No', 'Yes, subject to some conditions', 'In the middle, neither yes nor no', 'Other'];Yes
55;Y has just told X that he/she is considering switching his/her job.;switching_jobs;25;Do you want a new challenge?;I was getting a little stale.;He desires a new challenge because he has been feeling stagnant.;['Yes', 'No', 'Yes, subject to some conditions', 'In the middle, neither yes nor no', 'Other'];Yes
56;Y has just moved into a neighbourhood and meets his/her new neighbour X.;meeting_new_neighbour;55;Does your house have a swimming pool?;Our house is very small and bijou.;His house is small and it doesnot have amenities like swimming pool.;['Yes', 'No', 'Yes, subject to some conditions', 'In the middle, neither yes nor no', 'Other'];No
57;Y has just moved into a neighbourhood and meets his/her new neighbour X.;meeting_new_neighbour;56;Are you into any sci-fi movies?;Only some of them;He has an interest in certain sci-fi movies but not all of them.;['Yes', 'No', 'Yes, subject to some conditions', 'In the middle, neither yes nor no', 'Other'];Yes
58;X and Y are colleagues who are leaving work on a Friday at the same time.;colleagues_leaving_work;57;Do you want to get together tomorrow?;If I don't have to take my kids to soccer practice.;His primary preference is his kid's soccer practice and after that he can think about get together.;['Yes', 'No', 'Yes, subject to some conditions', 'In the middle, neither yes nor no', 'Other'];Yes, subject to some conditions
59;X wants to know what sorts of books Y likes to read.;book_preferences;58;Did you enjoy reading non-fiction books in school?;It was more fun to read fiction.;He found reading fiction books more enjoyable that reading non-fiction books.;['Yes', 'No', 'Yes, subject to some conditions', 'In the middle, neither yes nor no', 'Other'];No
60;X and Y are childhood neighbours who unexpectedly run into each other at a cafe.;meeting_childhood_neighbour;59;Do you still live with your parents?;They moved.;He no longer lives with his parents because thay have relocated to a different place.;['Yes', 'No', 'Yes, subject to some conditions', 'In the middle, neither yes nor no', 'Other'];No
61;Y has just travelled from a different city to meet X.;travelling_to_meet_someone;60;Do you want to play some videogames?;I have epilepsy and can't look at rapidly moving graphics.;He has interest in playing video game but his medical condition prevents him.;['Yes', 'No', 'Yes, subject to some conditions', 'In the middle, neither yes nor no', 'Other'];No
62;X and Y are colleagues who are leaving work on a Friday at the same time.;colleagues_leaving_work;61;Will you be in tomorrow?;I don't come back till next week.;He will not be available tomorrow because he will be away until the following week.;['Yes', 'No', 'Yes, subject to some conditions', 'In the middle, neither yes nor no', 'Other'];No
63;Y has just moved into a neighbourhood and meets his/her new neighbour X.;meeting_new_neighbour;62;Are you enjoying the neighborhood?;It seems nice so far;He is having a positive impression of the neighborhood which indicate he is enjoying with them.;['Yes', 'No', 'Yes, subject to some conditions', 'In the middle, neither yes nor no', 'Other'];Yes
64;X and Y are colleagues who are leaving work on a Friday at the same time.;colleagues_leaving_work;63;Are you going out this weekend?;I'm going out of town.;He is planning to travel out of town.;['Yes', 'No', 'Yes, subject to some conditions', 'In the middle, neither yes nor no', 'Other'];Yes
65;Y has just travelled from a different city to meet X.;travelling_to_meet_someone;64;Would you be interested in seeing a comedy show?;I love comedy.;He has a strong interest and enjoyment in see comedy show.;['Yes', 'No', 'Yes, subject to some conditions', 'In the middle, neither yes nor no', 'Other'];Yes
66;X wants to know about Y's food preferences.;food_preferences;65;Do you like American style cuisine?;I like burgers.;He likes some of the American style cuisine, especially burgers.;['Yes', 'No', 'Yes, subject to some conditions', 'In the middle, neither yes nor no', 'Other'];Yes
67;Y has just told X that he/she is considering switching his/her job.;switching_jobs;66;Are you concerned about your salary?;It's way too low.;He is concerened about his salary which is significantly inadequate.;['Yes', 'No', 'Yes, subject to some conditions', 'In the middle, neither yes nor no', 'Other'];Yes
68;X wants to know what activities Y likes to do during weekends.;weekend_activities;67;Do you have any plans this weekend?;I need to buy a car.;His plan for the weekend is to purchase a car.;['Yes', 'No', 'Yes, subject to some conditions', 'In the middle, neither yes nor no', 'Other'];Yes
69;Y has just told X that he/she is thinking of buying a flat in New York.;buying_a_flat;68;Do you have any kids?;With such over-population, I made a conscientious choice to not add to the problem.;He has made a decision not to have children due to concerns about over population.;['Yes', 'No', 'Yes, subject to some conditions', 'In the middle, neither yes nor no', 'Other'];No
70;Y has just told X that he/she is thinking of buying a flat in New York.;buying_a_flat;69;Are you planning on walking to work?;I bought a bike.;He intends to commute to work by riding a bike instead of walking.;['Yes', 'No', 'Yes, subject to some conditions', 'In the middle, neither yes nor no', 'Other'];No
71;X wants to know about Y's music preferences.;music_preferences;70;Do you enjoy drum solos?;When someone's a master.;He enjoy drum solos when performed by someone who is highly skiled in drumming.;['Yes', 'No', 'Yes, subject to some conditions', 'In the middle, neither yes nor no', 'Other'];Yes, subject to some conditions
72;Y has just told X that he/she is thinking of buying a flat in New York.;buying_a_flat;71;Is New York your only option?;There is also an opening in Boston.;Other than New York, he is having oppertunity in Boston as well.;['Yes', 'No', 'Yes, subject to some conditions', 'In the middle, neither yes nor no', 'Other'];No
73;Y has just told X that he/she is thinking of buying a flat in New York.;buying_a_flat;72;Did you look at what's out there?;I had a peek;He just had a glance at the available offerings.;['Yes', 'No', 'Yes, subject to some conditions', 'In the middle, neither yes nor no', 'Other'];Yes
74;X wants to know what activities Y likes to do during weekends.;weekend_activities;73;Do you like going to movies?;It's one of my hobbies;He enjoys watching movies in a regular basis.;['Yes', 'No', 'Yes, subject to some conditions', 'In the middle, neither yes nor no', 'Other'];Yes
75;X wants to know about Y's music preferences.;music_preferences;74;Do you play the piano?;I took lessons in college.;He is a trained piano player.;['Yes', 'No', 'Yes, subject to some conditions', 'In the middle, neither yes nor no', 'Other'];Yes
76;Y has just travelled from a different city to meet X.;travelling_to_meet_someone;75;Are you watching any new TV shows?;I've been bingeing Mrs. Maisel.;He is prioratized watching continuously Mrs. Maisel's TV shows.;['Yes', 'No', 'Yes, subject to some conditions', 'In the middle, neither yes nor no', 'Other'];Yes
77;X wants to know what activities Y likes to do during weekends.;weekend_activities;76;Can you swim?;I swim like a fish.;He is an extra ordinary swimmer.;['Yes', 'No', 'Yes, subject to some conditions', 'In the middle, neither yes nor no', 'Other'];Yes
78;Y has just told X that he/she is considering switching his/her job.;switching_jobs;77;Do you get promoted often?;I've only moved up once since I've been there.;He has experienced only one promotion oppertunity in his career.;['Yes', 'No', 'Yes, subject to some conditions', 'In the middle, neither yes nor no', 'Other'];No
79;X wants to know about Y's music preferences.;music_preferences;78;Is live music something you enjoy?;I love concerts.;He derives great enjoyment from live music performance.;['Yes', 'No', 'Yes, subject to some conditions', 'In the middle, neither yes nor no', 'Other'];Yes
80;Y has just told X that he/she is thinking of buying a flat in New York.;buying_a_flat;79;Did you figure out the commute times to work from different boroughs?;I still need to do those calculations.;He has not yet completed the task of calculating the commute times from different boroughs to workplace.;['Yes', 'No', 'Yes, subject to some conditions', 'In the middle, neither yes nor no', 'Other'];No
81;X wants to know about Y's food preferences.;food_preferences;80;Do you want large portions?;When I'm super hungry.;He don't want large portion at the moment because he is not currently feeling super hungry.;['Yes', 'No', 'Yes, subject to some conditions', 'In the middle, neither yes nor no', 'Other'];Yes, subject to some conditions
82;Y has just told X that he/she is considering switching his/her job.;switching_jobs;81;Would you like more benefits from your job?;I could use more dental coverage.;He has dental concerns, and he is hoping to receive its coverage as part of his job benifits.;['Yes', 'No', 'Yes, subject to some conditions', 'In the middle, neither yes nor no', 'Other'];Yes
83;Y has just told X that he/she is considering switching his/her job.;switching_jobs;82;Do you like working the production line?;I find it gratifying,;He is expressing a sense of satisfation from working on the production line.;['Yes', 'No', 'Yes, subject to some conditions', 'In the middle, neither yes nor no', 'Other'];Yes
84;X wants to know about Y's food preferences.;food_preferences;83;Do you like ethnic food?;I like anything from another country.;He has enjoyment in experiencing  the diverse range of food that include ethnic food also.;['Yes', 'No', 'Yes, subject to some conditions', 'In the middle, neither yes nor no', 'Other'];Yes
85;Y has just told X that he/she is considering switching his/her job.;switching_jobs;16;Are you eligible for promotion?;I'm at the top level.;He already proved his eligibility and currently he is at the highest position in his current career.;['Yes', 'No', 'Yes, subject to some conditions', 'In the middle, neither yes nor no', 'Other'];No
86;Y has just told X that he/she is thinking of buying a flat in New York.;buying_a_flat;84;Are you willing to live by yourself?;If I can afford it.;He is willing to live himself but he is much concerned about his financial ability to do so.;['Yes', 'No', 'Yes, subject to some conditions', 'In the middle, neither yes nor no', 'Other'];Yes, subject to some conditions
87;Y has just travelled from a different city to meet X.;travelling_to_meet_someone;85;do you have any places in mind you want to go?;I really want to see the newest art exhibitions.;His passion lies in exploring latest art exibitions.;['Yes', 'No', 'Yes, subject to some conditions', 'In the middle, neither yes nor no', 'Other'];Yes
88;X wants to know what sorts of books Y likes to read.;book_preferences;86;Do you read murder mystery?;I prefer fantasy novels.;He finds great enjoyment in reading fantasy novels rather than murder mystery.;['Yes', 'No', 'Yes, subject to some conditions', 'In the middle, neither yes nor no', 'Other'];No
89;Y has just moved into a neighbourhood and meets his/her new neighbour X.;meeting_new_neighbour;87;Are you a traveler?;I've never been outside the state of Virginia.;He likes to travel but he has limited travel experience, not beyond the borders of Virginia.;['Yes', 'No', 'Yes, subject to some conditions', 'In the middle, neither yes nor no', 'Other'];No
90;X wants to know what activities Y likes to do during weekends.;weekend_activities;88;Do you like to take some time for yourself on the weekends?;It's important to me.;He prioratizes having personal moments during the weekends.;['Yes', 'No', 'Yes, subject to some conditions', 'In the middle, neither yes nor no', 'Other'];Yes
91;X and Y are colleagues who are leaving work on a Friday at the same time.;colleagues_leaving_work;89;Do you want to go for brunch tomorrow?;I would love to try something new.;He is interested and wanted to try new brunch options.;['Yes', 'No', 'Yes, subject to some conditions', 'In the middle, neither yes nor no', 'Other'];Yes
92;Y has just moved into a neighbourhood and meets his/her new neighbour X.;meeting_new_neighbour;90;Do you like to have family in town?;It's nice having them nearby.;He enjoys having his family in close proximity, but not necessarily in same town.;['Yes', 'No', 'Yes, subject to some conditions', 'In the middle, neither yes nor no', 'Other'];Yes
93;X and Y are colleagues who are leaving work on a Friday at the same time.;colleagues_leaving_work;91;Do you want to walk to the bus stop together?;That would be nice.;He likes the companionship and feels pleasant to walk with together.;['Yes', 'No', 'Yes, subject to some conditions', 'In the middle, neither yes nor no', 'Other'];Yes
94;Y has just told X that he/she is considering switching his/her job.;switching_jobs;92;Do you get bored at your current job?;I spend a lot of time looking out of the window whilst at work.;He experiences boredom in his current job which makes him distracted and search for something interesting.;['Yes', 'No', 'Yes, subject to some conditions', 'In the middle, neither yes nor no', 'Other'];Yes
95;X wants to know what activities Y likes to do during weekends.;weekend_activities;93;Do you enjoy the theater?;I love live performances.;He has strong affinity for live performance and he finds enjoyment in theater experience.;['Yes', 'No', 'Yes, subject to some conditions', 'In the middle, neither yes nor no', 'Other'];Yes
96;X wants to know about Y's music preferences.;music_preferences;94;Is reggae your thing?;It's good music for chilling in the summer.;Reggae music is not in his primary preference but he appreciate for certain occasions.;['Yes', 'No', 'Yes, subject to some conditions', 'In the middle, neither yes nor no', 'Other'];Yes
97;X wants to know about Y's music preferences.;music_preferences;95;Do you like reggaeton music?;It gives me a headache.;He does not enjoy reggaeton music and finds it discomforting that leads to headache.;['Yes', 'No', 'Yes, subject to some conditions', 'In the middle, neither yes nor no', 'Other'];No
98;Y has just told X that he/she is thinking of buying a flat in New York.;buying_a_flat;96;Did you research the pros and cons?;I've had a lot of advice.;He collected relevant information from the experts and had significant amount of advices.;['Yes', 'No', 'Yes, subject to some conditions', 'In the middle, neither yes nor no', 'Other'];Yes
99;X wants to know about Y's food preferences.;food_preferences;97;Do you eat organic foods?;Only when I can afford them.;He likes to have organic foods but normally they are costly and he is concerned about his budget.;['Yes', 'No', 'Yes, subject to some conditions', 'In the middle, neither yes nor no', 'Other'];Yes, subject to some conditions
100;X wants to know about Y's food preferences.;food_preferences;98;Do you enjoy eating spicy food?;It upsets my stomach.;He does not enjoy eating spicy food buecause it badly affect his stomach.;['Yes', 'No', 'Yes, subject to some conditions', 'In the middle, neither yes nor no', 'Other'];No
101;Y has just told X that he/she is thinking of buying a flat in New York.;buying_a_flat;99;Have you lived in New York before?;I've lived in three borroughs.;He has lived in three different borroughs of New York.;['Yes', 'No', 'Yes, subject to some conditions', 'In the middle, neither yes nor no', 'Other'];Yes
102;X wants to know about Y's food preferences.;food_preferences;100;Have you ever had allergies to food?;I only have allergies to bee stings.;He does not have any food allergies but specifically has allergies to bee stings.;['Yes', 'No', 'Yes, subject to some conditions', 'In the middle, neither yes nor no', 'Other'];No
103;Y has just told X that he/she is thinking of buying a flat in New York.;buying_a_flat;101;Do you want to live close to a subway stop?;That's a given.;He expected to live in proximity to a subway stop.;['Yes', 'No', 'Yes, subject to some conditions', 'In the middle, neither yes nor no', 'Other'];Yes
104;X wants to know about Y's food preferences.;food_preferences;102;Are you lactose intolerant?;I can only eat dairy sparingly.;He experience digestive issues while consuming diary because of lactose intolerant.;['Yes', 'No', 'Yes, subject to some conditions', 'In the middle, neither yes nor no', 'Other'];Yes
105;Y has just moved into a neighbourhood and meets his/her new neighbour X.;meeting_new_neighbour;103;Have you traveled out of the country?;We travel frequently.;They have frequent habit of traveling, so it seems they traveled out of the country.;['Yes', 'No', 'Yes, subject to some conditions', 'In the middle, neither yes nor no', 'Other'];Yes
106;X wants to know about Y's food preferences.;food_preferences;104;Where would you like to go eat?;Pizza sounds good.;She expresses her preference for having pizza from any pizza shop.;['Yes', 'No', 'Yes, subject to some conditions', 'In the middle, neither yes nor no', 'Other'];Other
107;X and Y are colleagues who are leaving work on a Friday at the same time.;colleagues_leaving_work;105;Ready for the weekend?;We're going to my mom's house.;She is ready with her weekend plan to visit her mom's house.;['Yes', 'No', 'Yes, subject to some conditions', 'In the middle, neither yes nor no', 'Other'];Yes
108;X and Y are colleagues who are leaving work on a Friday at the same time.;colleagues_leaving_work;106;Do you have your keys?;I forgot them upstairs.;She dont have keys at the moment because she forgot it to take.;['Yes', 'No', 'Yes, subject to some conditions', 'In the middle, neither yes nor no', 'Other'];No
109;X and Y are colleagues who are leaving work on a Friday at the same time.;colleagues_leaving_work;107;Do you want to hang out later?;I could do with a stiff drink.;She desires a strong alcoholic beverage.;['Yes', 'No', 'Yes, subject to some conditions', 'In the middle, neither yes nor no', 'Other'];Yes
110;Y has just travelled from a different city to meet X.;travelling_to_meet_someone;108;Would you want to go for a walk downtown?;I think I need a nap first.;she is in need of sleep before engaging in any activities.;['Yes', 'No', 'Yes, subject to some conditions', 'In the middle, neither yes nor no', 'Other'];Yes, subject to some conditions
111;X and Y are colleagues who are leaving work on a Friday at the same time.;colleagues_leaving_work;109;Are you spending time with friends or family over the weekend?;I have too much work to do.;Her workload is preventing from spending time with her friends or family during the weekend.;['Yes', 'No', 'Yes, subject to some conditions', 'In the middle, neither yes nor no', 'Other'];No
112;Y has just told X that he/she is considering switching his/her job.;switching_jobs;110;Have you got a salary in mind?;I'm fairly flexible.;She has no plan to demand for a particular range of salary.;['Yes', 'No', 'Yes, subject to some conditions', 'In the middle, neither yes nor no', 'Other'];No
113;Y has just told X that he/she is thinking of buying a flat in New York.;buying_a_flat;111;Are you thinking about moving to New York permanently ?;I don't want to retire there.;She does not intend to spend their retirement time in New York.;['Yes', 'No', 'Yes, subject to some conditions', 'In the middle, neither yes nor no', 'Other'];No
114;X wants to know about Y's music preferences.;music_preferences;112;Have you ever been to a rock concert?;I go to one once a week.;She has regular bahit of attending rock concerts.;['Yes', 'No', 'Yes, subject to some conditions', 'In the middle, neither yes nor no', 'Other'];Yes
115;Y has just travelled from a different city to meet X.;travelling_to_meet_someone;113;Have you heard of any local restaurants?;I'm sure you'll point us in the right direction.;She is not aware of any local restaurants and she is open to receive guidance from him.;['Yes', 'No', 'Yes, subject to some conditions', 'In the middle, neither yes nor no', 'Other'];No
116;Y has just moved into a neighbourhood and meets his/her new neighbour X.;meeting_new_neighbour;114;Do you work in town?;I work at the city high school.;Her work place is located at town and the name is city high school.;['Yes', 'No', 'Yes, subject to some conditions', 'In the middle, neither yes nor no', 'Other'];Yes
117;X wants to know what sorts of books Y likes to read.;book_preferences;115;Do you like modern literature?;The only genre I don't really like is true crime.;Modern literature is there in her liking list of genre.;['Yes', 'No', 'Yes, subject to some conditions', 'In the middle, neither yes nor no', 'Other'];Yes, subject to some conditions
118;X wants to know about Y's music preferences.;music_preferences;116;Have you been to a musical/opera?;I prefer ballet.;He has preferences for ballet performance over musicals or operas.;['Yes', 'No', 'Yes, subject to some conditions', 'In the middle, neither yes nor no', 'Other'];No
119;Y has just told X that he/she is considering switching his/her job.;switching_jobs;117;Is it close to your house?;It's a short commute.;it's just a short commute from her home.;['Yes', 'No', 'Yes, subject to some conditions', 'In the middle, neither yes nor no', 'Other'];Yes
120;Y has just told X that he/she is considering switching his/her job.;switching_jobs;118;Do you spend your time behind a computer screen?;I spend 10 hours a day at my computer.;Her daily activities involve a significant amount of time engaging with a computer.;['Yes', 'No', 'Yes, subject to some conditions', 'In the middle, neither yes nor no', 'Other'];Yes
121;Y has just told X that he/she is considering switching his/her job.;switching_jobs;119;Did you have nice bosses?;My superiors were not the best people to work for.;She did not have positive experience with her superiors.;['Yes', 'No', 'Yes, subject to some conditions', 'In the middle, neither yes nor no', 'Other'];No
122;X and Y are childhood neighbours who unexpectedly run into each other at a cafe.;meeting_childhood_neighbour;120;Can I buy you a drink?;I am not stopping you.;She is also interested to have a drink.;['Yes', 'No', 'Yes, subject to some conditions', 'In the middle, neither yes nor no', 'Other'];Yes
123;Y has just moved into a neighbourhood and meets his/her new neighbour X.;meeting_new_neighbour;121;Do you watch sports?;Only when my brother is in town.;Her brother is a fan of sports and he is in town she accompany him in watching sports.;['Yes', 'No', 'Yes, subject to some conditions', 'In the middle, neither yes nor no', 'Other'];Yes, subject to some conditions
124;X wants to know about Y's food preferences.;food_preferences;122;Do you want a place close to home?;I don't want to go out.;Rather than stay close to home, she prefer to stay home itself.;['Yes', 'No', 'Yes, subject to some conditions', 'In the middle, neither yes nor no', 'Other'];No
125;X wants to know about Y's music preferences.;music_preferences;123;Have you gone to a concert recently?;I think the last one was around 5 years ago.;She has not attended a concert in a significant amount of time, specifically around 5 years ago.;['Yes', 'No', 'Yes, subject to some conditions', 'In the middle, neither yes nor no', 'Other'];No
126;Y has just travelled from a different city to meet X.;travelling_to_meet_someone;124;Do you want to meet some of my friends?;I need new friends.;She is expressing her desire to have new friends and for that she is ready to meet his friends.;['Yes', 'No', 'Yes, subject to some conditions', 'In the middle, neither yes nor no', 'Other'];Yes
127;Y has just travelled from a different city to meet X.;travelling_to_meet_someone;125;Were you able to stop for a break on your way here?;I will try to;She recognizes the importance of talking a break but she is uncertain to do so.;['Yes', 'No', 'Yes, subject to some conditions', 'In the middle, neither yes nor no', 'Other'];In the middle, neither yes nor no
128;Y has just told X that he/she is thinking of buying a flat in New York.;buying_a_flat;126;Do you mind a long subway ride?;Riding the subway gives me a chance to read more.;She like to have a long subway ride as an oppertunity to engage in reading.;['Yes', 'No', 'Yes, subject to some conditions', 'In the middle, neither yes nor no', 'Other'];No
129;X wants to know about Y's music preferences.;music_preferences;127;Have you been to a concert recently?;Laurie Anderson was fantastic.;She has attended a concert lead by Laurie Anderson and had a fantastic experience.;['Yes', 'No', 'Yes, subject to some conditions', 'In the middle, neither yes nor no', 'Other'];Yes
130;X and Y are colleagues who are leaving work on a Friday at the same time.;colleagues_leaving_work;128;Are you doing anything fun tonight?;I'm going to hit the hay early.;She does not have any plans and instead intends to go to bed early.;['Yes', 'No', 'Yes, subject to some conditions', 'In the middle, neither yes nor no', 'Other'];No
131;X wants to know about Y's music preferences.;music_preferences;129;Do you have a favorite singer?;I prefer groups.;She mostly enjoy group songs and her music preference is not depend on a particular singer.;['Yes', 'No', 'Yes, subject to some conditions', 'In the middle, neither yes nor no', 'Other'];No
132;Y has just travelled from a different city to meet X.;travelling_to_meet_someone;130;Do you want to look through the museum?;Let's check out the ancient Egypt exhibit.;She prefer to visit museum which exhibit the culture of ancient Egypt.;['Yes', 'No', 'Yes, subject to some conditions', 'In the middle, neither yes nor no', 'Other'];Yes
133;Y has just told X that he/she is thinking of buying a flat in New York.;buying_a_flat;131;Does it have two bedrooms?;It's a studio.;As it is a studio apaertment, it mostly have single bedroom.;['Yes', 'No', 'Yes, subject to some conditions', 'In the middle, neither yes nor no', 'Other'];No
134;Y has just told X that he/she is thinking of buying a flat in New York.;buying_a_flat;131;Does it have two bedrooms?;It's a studio.;As it is a studio apaertment, it mostly have single bedroom.;['Yes', 'No', 'Yes, subject to some conditions', 'In the middle, neither yes nor no', 'Other'];No
135;X and Y are colleagues who are leaving work on a Friday at the same time.;colleagues_leaving_work;48;Will you be going out at the weekend ?;Probably just going to stay home and relax.;She don't have any outing plan at this weekend.;['Yes', 'No', 'Yes, subject to some conditions', 'In the middle, neither yes nor no', 'Other'];No
136;X wants to know what activities Y likes to do during weekends.;weekend_activities;132;Would you ever be willing to volunteer?;That's a terrible idea.;She is not interested to join as volunteer because she consider it as a hectic task.;['Yes', 'No', 'Yes, subject to some conditions', 'In the middle, neither yes nor no', 'Other'];No
137;Y has just told X that he/she is thinking of buying a flat in New York.;buying_a_flat;133;Is a basement flat okay?;I need to be above ground.;She is not at all ok with basement or even groud floor flat, she is looking for first floor onwards.;['Yes', 'No', 'Yes, subject to some conditions', 'In the middle, neither yes nor no', 'Other'];No
138;X and Y are colleagues who are leaving work on a Friday at the same time.;colleagues_leaving_work;134;Will you be watching that new drama this evening?;If it's available on netlfix.;She wish to watch that new drama today evening at netflix because she have only netflix subscription.;['Yes', 'No', 'Yes, subject to some conditions', 'In the middle, neither yes nor no', 'Other'];Yes, subject to some conditions
139;X wants to know what activities Y likes to do during weekends.;weekend_activities;135;Would you like to go out for a drink?;Let's go to your favorite bar.;He was also looking for a companion for a drink.;['Yes', 'No', 'Yes, subject to some conditions', 'In the middle, neither yes nor no', 'Other'];Yes
140;Y has just told X that he/she is considering switching his/her job.;switching_jobs;136;Is it in the same industry?;I'm moving on to something totally different.;She was working in the same industry but now moving to extreemly different one.;['Yes', 'No', 'Yes, subject to some conditions', 'In the middle, neither yes nor no', 'Other'];No
141;Y has just told X that he/she is considering switching his/her job.;switching_jobs;137;Are you looking for something more challenging?;That would be great.;He is not satisfied with the current task and is open to take more challenging oppertunity.;['Yes', 'No', 'Yes, subject to some conditions', 'In the middle, neither yes nor no', 'Other'];Yes
142;Y has just told X that he/she is considering switching his/her job.;switching_jobs;138;Are you in a support position?;I am the head of a department.;She is not in a support role rather she holds a high-level position of authority.;['Yes', 'No', 'Yes, subject to some conditions', 'In the middle, neither yes nor no', 'Other'];No
143;Y has just moved into a neighbourhood and meets his/her new neighbour X.;meeting_new_neighbour;139;Are you new to the area?;I've lived here forever.;She is not new to the area and has been living there for long period of time.;['Yes', 'No', 'Yes, subject to some conditions', 'In the middle, neither yes nor no', 'Other'];No
144;X and Y are childhood neighbours who unexpectedly run into each other at a cafe.;meeting_childhood_neighbour;140;Do you have kids?;My daughter is five years old.;She is having a five year old child.;['Yes', 'No', 'Yes, subject to some conditions', 'In the middle, neither yes nor no', 'Other'];Yes
145;Y has just told X that he/she is thinking of buying a flat in New York.;buying_a_flat;141;Do you know what you'll do there?;I hope to work with artists.;She has a desire to engage in activities related to artists.;['Yes', 'No', 'Yes, subject to some conditions', 'In the middle, neither yes nor no', 'Other'];Yes
146;Y has just moved into a neighbourhood and meets his/her new neighbour X.;meeting_new_neighbour;142;Do you know anyone in the area?;I've met a few co-workers.;She know a few people who work with her.;['Yes', 'No', 'Yes, subject to some conditions', 'In the middle, neither yes nor no', 'Other'];Yes
147;X wants to know what activities Y likes to do during weekends.;weekend_activities;143;Are you partying this weekend?;I'm going to go out every night.;Not only in weekend,  she enjoys socializing every day.;['Yes', 'No', 'Yes, subject to some conditions', 'In the middle, neither yes nor no', 'Other'];Yes
148;X wants to know what sorts of books Y likes to read.;book_preferences;144;Did you ever read any books by Robert Ludlum?;I have not heard of Robert Ludlum;She has not come across any books written by Robert Ludlum and even she don't know about that author.;['Yes', 'No', 'Yes, subject to some conditions', 'In the middle, neither yes nor no', 'Other'];No
149;Y has just told X that he/she is thinking of buying a flat in New York.;buying_a_flat;145;Are you interested in calling some Realtors?;That'd be helpful.;She expresses her interest in realtors by recognizing the potential benifits of reaching out them.;['Yes', 'No', 'Yes, subject to some conditions', 'In the middle, neither yes nor no', 'Other'];Yes
150;Y has just told X that he/she is thinking of buying a flat in New York.;buying_a_flat;146;Do you think you can get a job in New York?;It's a place with a lot of opportunities;She believes New York city offers numerous employment oppertunities, so she expect her career also there.;['Yes', 'No', 'Yes, subject to some conditions', 'In the middle, neither yes nor no', 'Other'];Yes
151;Y has just told X that he/she is considering switching his/her job.;switching_jobs;147;Are you in-line for a promotion?;I've been here long enough.;She believes her long years experience in the company might consider as a factor for promotion.;['Yes', 'No', 'Yes, subject to some conditions', 'In the middle, neither yes nor no', 'Other'];Yes
152;X and Y are colleagues who are leaving work on a Friday at the same time.;colleagues_leaving_work;148;Heading home?;I am off to the horse track.;She interested in horse racing and is planning to engage in that instead of going home.;['Yes', 'No', 'Yes, subject to some conditions', 'In the middle, neither yes nor no', 'Other'];No
153;Y has just told X that he/she is considering switching his/her job.;switching_jobs;149;Do you want to try something new?;Everything else has gotten stale.;She  is open to exploring new things to overcome the dissatisfaction with her current routine.;['Yes', 'No', 'Yes, subject to some conditions', 'In the middle, neither yes nor no', 'Other'];Yes
154;Y has just told X that he/she is considering switching his/her job.;switching_jobs;150;Are you looking in the same field?;I still want to work in the same field.;She passionate in her current job and wish to continue to work in the same field.;['Yes', 'No', 'Yes, subject to some conditions', 'In the middle, neither yes nor no', 'Other'];Yes
155;X wants to know what sorts of books Y likes to read.;book_preferences;151;Enjoy reading books that make you laugh?;I love it when something makes me chuckle.;She enjoys humour and she finds enjoyment in reading humorous books.;['Yes', 'No', 'Yes, subject to some conditions', 'In the middle, neither yes nor no', 'Other'];Yes
156;Y has just told X that he/she is thinking of buying a flat in New York.;buying_a_flat;152;Are you wanting to move into the capital?;My first choice is Manhattan.;She has a specific interest to live in the capital city, specifically Manhattan;['Yes', 'No', 'Yes, subject to some conditions', 'In the middle, neither yes nor no', 'Other'];No
157;X wants to know what activities Y likes to do during weekends.;weekend_activities;153;Do you like to run?;I can't stop running.;She has strong passion for running.;['Yes', 'No', 'Yes, subject to some conditions', 'In the middle, neither yes nor no', 'Other'];Yes
158;Y has just travelled from a different city to meet X.;travelling_to_meet_someone;154;Do you like BBQ?;When it has a robust smoky flavor.;She has preference for BBQ dishes that have smoky flavor.;['Yes', 'No', 'Yes, subject to some conditions', 'In the middle, neither yes nor no', 'Other'];Yes, subject to some conditions
159;Y has just travelled from a different city to meet X.;travelling_to_meet_someone;155;Do you want to change before we go out to dinner?;I'm comfortable in what I have on.;She does not feel to change her current attire for the dinner outing.;['Yes', 'No', 'Yes, subject to some conditions', 'In the middle, neither yes nor no', 'Other'];No
160;Y has just told X that he/she is thinking of buying a flat in New York.;buying_a_flat;156;Have you discussed buying a flat with your family?;My mom doesn't know yet.;Her mother is not aware of her intention to purchase a flat, she kept it as a secret.;['Yes', 'No', 'Yes, subject to some conditions', 'In the middle, neither yes nor no', 'Other'];No
161;Y has just told X that he/she is thinking of buying a flat in New York.;buying_a_flat;157;Do you love fast life?;I can handle it OK.;She is comfortable with flat life.;['Yes', 'No', 'Yes, subject to some conditions', 'In the middle, neither yes nor no', 'Other'];Yes
162;X wants to know what sorts of books Y likes to read.;book_preferences;158;Do you read newspapers?;I prefer novels.;She is more interested in narratives in novels rather than reading updations in news paper.;['Yes', 'No', 'Yes, subject to some conditions', 'In the middle, neither yes nor no', 'Other'];No
163;Y has just travelled from a different city to meet X.;travelling_to_meet_someone;159;Want to eat at a restaurant?;I'd love to go out for Italian.;She enjoys dining out but especially interested in exploring Italian flavors.;['Yes', 'No', 'Yes, subject to some conditions', 'In the middle, neither yes nor no', 'Other'];Yes
164;Y has just moved into a neighbourhood and meets his/her new neighbour X.;meeting_new_neighbour;160;Do you mind hearing music from time to time?;I listen to it all the time.;She enjoys music all the time.;['Yes', 'No', 'Yes, subject to some conditions', 'In the middle, neither yes nor no', 'Other'];No
165;Y has just travelled from a different city to meet X.;travelling_to_meet_someone;161;Are you ready for some food?;I've been thinking about your secret brownie recipe all day.;She wishes to have his secret brownie recipe.;['Yes', 'No', 'Yes, subject to some conditions', 'In the middle, neither yes nor no', 'Other'];Yes
166;X wants to know about Y's food preferences.;food_preferences;162;Would you eat fish?;I'm a vegetarian.;She is pure vegetarian, so she don't eat fish.;['Yes', 'No', 'Yes, subject to some conditions', 'In the middle, neither yes nor no', 'Other'];No
167;X wants to know about Y's food preferences.;food_preferences;162;Would you eat fish?;I'm a vegetarian.;She is pure vegetarian, so she don't eat fish.;['Yes', 'No', 'Yes, subject to some conditions', 'In the middle, neither yes nor no', 'Other'];No
168;X and Y are childhood neighbours who unexpectedly run into each other at a cafe.;meeting_childhood_neighbour;163;Do you have any children ?;I am kid free at the moment;She don't have kids at this moment.;['Yes', 'No', 'Yes, subject to some conditions', 'In the middle, neither yes nor no', 'Other'];No
169;Y has just told X that he/she is thinking of buying a flat in New York.;buying_a_flat;164;Do you not like where you live now?;New York is just too exciting to pass up.;He is not satisfied with his current living situation and he consider New York as a highly desirable place to live.;['Yes', 'No', 'Yes, subject to some conditions', 'In the middle, neither yes nor no', 'Other'];In the middle, neither yes nor no
170;X and Y are colleagues who are leaving work on a Friday at the same time.;colleagues_leaving_work;165;Do you have your kids this weekend?;They are at their dad's house.;Her children have a shared custody arrangement and this weekend they are with their dad's house.;['Yes', 'No', 'Yes, subject to some conditions', 'In the middle, neither yes nor no', 'Other'];No
171;X wants to know what activities Y likes to do during weekends.;weekend_activities;166;Do you like going to the movies?;I go very rarely.;He does not have a strong preference for going to movie.;['Yes', 'No', 'Yes, subject to some conditions', 'In the middle, neither yes nor no', 'Other'];No
172;X and Y are colleagues who are leaving work on a Friday at the same time.;colleagues_leaving_work;167;Do you enjoy Mexican cuisine?;I prefer Asian food.;Rather than Mexican cuisine she enjoys Asian food.;['Yes', 'No', 'Yes, subject to some conditions', 'In the middle, neither yes nor no', 'Other'];No
173;Y has just told X that he/she is thinking of buying a flat in New York.;buying_a_flat;168;Do you want to rent or buy?;I'd rather buy.;From the given choice, he prefer to buy a flat at New York rather than renting it.;['Yes', 'No', 'Yes, subject to some conditions', 'In the middle, neither yes nor no', 'Other'];Other
174;X wants to know what sorts of books Y likes to read.;book_preferences;169;Have you read Fifty Shades of Gray?;I try to stay away from books that are adapted to movies.;She prefer to read more classic literature which is not popularized or adapted to movies.;['Yes', 'No', 'Yes, subject to some conditions', 'In the middle, neither yes nor no', 'Other'];No
175;Y has just moved into a neighbourhood and meets his/her new neighbour X.;meeting_new_neighbour;170;Are you from this city?;I moved here from the counrty;He is from a rural settings and have recently moved to city.;['Yes', 'No', 'Yes, subject to some conditions', 'In the middle, neither yes nor no', 'Other'];No
176;Y has just travelled from a different city to meet X.;travelling_to_meet_someone;171;Do you find the weather pleasant?;It is lovely right now;The weather she is experiencing now is pleasant for her.;['Yes', 'No', 'Yes, subject to some conditions', 'In the middle, neither yes nor no', 'Other'];Yes
177;Y has just travelled from a different city to meet X.;travelling_to_meet_someone;172;Shall we going shopping?;we might as well;He is open to the idea of going shopping.;['Yes', 'No', 'Yes, subject to some conditions', 'In the middle, neither yes nor no', 'Other'];Yes
178;X wants to know what activities Y likes to do during weekends.;weekend_activities;173;Do you have a lot of free time on the weekends?;The kids keep me busy.;She rarely have free time at weekend because her kids always make her busy.;['Yes', 'No', 'Yes, subject to some conditions', 'In the middle, neither yes nor no', 'Other'];No
179;X wants to know about Y's music preferences.;music_preferences;174;Do you go to music festivals?;Only when they're local.;He likes to attend music festival that are within a convenient distance.;['Yes', 'No', 'Yes, subject to some conditions', 'In the middle, neither yes nor no', 'Other'];Yes, subject to some conditions
180;X wants to know about Y's food preferences.;food_preferences;175;Do you have a high budget?;I'm trying to cut back on my spending.;She had high level spending habit but now she is trying to control her habit with in minimum budget.;['Yes', 'No', 'Yes, subject to some conditions', 'In the middle, neither yes nor no', 'Other'];No
181;Y has just told X that he/she is considering switching his/her job.;switching_jobs;176;Does your job have decent hours?;I pick my hours.;He has the flexible in choosing his working hours, so he is much satisfied with it.;['Yes', 'No', 'Yes, subject to some conditions', 'In the middle, neither yes nor no', 'Other'];Yes
182;X and Y are colleagues who are leaving work on a Friday at the same time.;colleagues_leaving_work;177;Are you watching a movie this weekend?;I probably won't have time to.;She already have a busy schedule in the weekend and she don't probably have enough time to watch movie.;['Yes', 'No', 'Yes, subject to some conditions', 'In the middle, neither yes nor no', 'Other'];No
183;X wants to know about Y's food preferences.;food_preferences;178;Are you in the mood for ramen?;I'd rather have hotpot.;He prefer to have hotpot rather than ramen.;['Yes', 'No', 'Yes, subject to some conditions', 'In the middle, neither yes nor no', 'Other'];No
184;X and Y are colleagues who are leaving work on a Friday at the same time.;colleagues_leaving_work;179;Wanna hang out at the weekend?;I'm going out of town.;She is unavailable to hang out because he is planning to having a trip out of town.;['Yes', 'No', 'Yes, subject to some conditions', 'In the middle, neither yes nor no', 'Other'];No
185;X and Y are colleagues who are leaving work on a Friday at the same time.;colleagues_leaving_work;180;Is your department busy this time of year?;There's not much work.;His department is having a low workload during this period.;['Yes', 'No', 'Yes, subject to some conditions', 'In the middle, neither yes nor no', 'Other'];No
186;X and Y are colleagues who are leaving work on a Friday at the same time.;colleagues_leaving_work;181;Have you made dinner plans yet?;I have reservations at the new French place.;He already have dinner plans and made all arrangements for dinner at French place.;['Yes', 'No', 'Yes, subject to some conditions', 'In the middle, neither yes nor no', 'Other'];Yes
187;X and Y are colleagues who are leaving work on a Friday at the same time.;colleagues_leaving_work;182;Would hanging out this weekend be something you're into?;I don't think I have time this weekend.;Her weekend plans are already scheduled and she don't think she will get time to hanging out.;['Yes', 'No', 'Yes, subject to some conditions', 'In the middle, neither yes nor no', 'Other'];No
188;X wants to know about Y's music preferences.;music_preferences;183;Do you like the rap music genre?;Hip-hop is high art.;He consider hip-hop as a culturally significant art form rather than the rap music genre.;['Yes', 'No', 'Yes, subject to some conditions', 'In the middle, neither yes nor no', 'Other'];Yes
189;Y has just told X that he/she is considering switching his/her job.;switching_jobs;184;Have you tried that kind of work before?;I'm a pro at this.;He has previous experience and expertise in the specific type of work.;['Yes', 'No', 'Yes, subject to some conditions', 'In the middle, neither yes nor no', 'Other'];Yes
190;X and Y are childhood neighbours who unexpectedly run into each other at a cafe.;meeting_childhood_neighbour;185;Are you living in the city now?;I still need to take a train in from home.;She does not currently reside in the city but commutes from their home to the city.;['Yes', 'No', 'Yes, subject to some conditions', 'In the middle, neither yes nor no', 'Other'];No
191;X wants to know what sorts of books Y likes to read.;book_preferences;186;Do you like children books?;I reread all my favorites at Christmas.;He likes to read children's book , particularly during the christmas season.;['Yes', 'No', 'Yes, subject to some conditions', 'In the middle, neither yes nor no', 'Other'];Yes
192;Y has just told X that he/she is thinking of buying a flat in New York.;buying_a_flat;187;Can you afford to live in New York?;I need a second job.;She is not able to afford to live in the New York city with her current job and she needs a second job for that.;['Yes', 'No', 'Yes, subject to some conditions', 'In the middle, neither yes nor no', 'Other'];No
193;Y has just travelled from a different city to meet X.;travelling_to_meet_someone;188;Did you have a nice flight?;it was very long;The duration of the fly was quite lenghthy which makes him unconfortable.;['Yes', 'No', 'Yes, subject to some conditions', 'In the middle, neither yes nor no', 'Other'];No
194;X wants to know what sorts of books Y likes to read.;book_preferences;31;Ever read any Russian literature?;I don't think so.;She never had a chance to read Russian literature.;['Yes', 'No', 'Yes, subject to some conditions', 'In the middle, neither yes nor no', 'Other'];No
195;X wants to know what activities Y likes to do during weekends.;weekend_activities;189;Are you a fan of mountain climbing?;I prefer swimming.;He is a fan of swimming and he don't give much preference to mountain climbing.;['Yes', 'No', 'Yes, subject to some conditions', 'In the middle, neither yes nor no', 'Other'];No
196;Y has just travelled from a different city to meet X.;travelling_to_meet_someone;190;Do you like Country side?;The air smells a lot better.;She like country side because she enjoys there fresh air.;['Yes', 'No', 'Yes, subject to some conditions', 'In the middle, neither yes nor no', 'Other'];Yes
197;X wants to know what sorts of books Y likes to read.;book_preferences;191;Do you know who Christine Feehan is?;Tell me about her.;He don't know about Christine Feehan but he is enthusiatic to know.;['Yes', 'No', 'Yes, subject to some conditions', 'In the middle, neither yes nor no', 'Other'];No
198;Y has just travelled from a different city to meet X.;travelling_to_meet_someone;155;Do you want to change before we go out to dinner?;I'll just go as I am;She is comfortable with her current costume and she does not want to change it.;['Yes', 'No', 'Yes, subject to some conditions', 'In the middle, neither yes nor no', 'Other'];No
199;X wants to know about Y's music preferences.;music_preferences;192;Are you into EDM?;It's not my favorite.;He does not have a strong preference for EDM.;['Yes', 'No', 'Yes, subject to some conditions', 'In the middle, neither yes nor no', 'Other'];No
200;Y has just moved into a neighbourhood and meets his/her new neighbour X.;meeting_new_neighbour;193;Did you move here recently?;I just bought my place last month.;She recently relocated to the area.;['Yes', 'No', 'Yes, subject to some conditions', 'In the middle, neither yes nor no', 'Other'];Yes
201;X and Y are childhood neighbours who unexpectedly run into each other at a cafe.;meeting_childhood_neighbour;194;Want to go grab coffee and catch up?;I think I have a little time.;He is willing to meet for a coffee but just for a short time.;['Yes', 'No', 'Yes, subject to some conditions', 'In the middle, neither yes nor no', 'Other'];Yes
202;X wants to know what activities Y likes to do during weekends.;weekend_activities;195;Do you like to drink?;I usually have a cocktail on the weekend.;He enjoys consuming cocktail only on weekends.;['Yes', 'No', 'Yes, subject to some conditions', 'In the middle, neither yes nor no', 'Other'];Yes
203;X and Y are childhood neighbours who unexpectedly run into each other at a cafe.;meeting_childhood_neighbour;196;Would you live there again if you had the chance?;I miss it very much.;She had a good experience living there and would be willing to live there again if given the opportunity.;['Yes', 'No', 'Yes, subject to some conditions', 'In the middle, neither yes nor no', 'Other'];Yes
204;X and Y are colleagues who are leaving work on a Friday at the same time.;colleagues_leaving_work;197;Hey if you're up to it, would you like to hit the gym with me in the morning?;I'm already going to a yoga class.;As he is already committed to yoga classes, he is unable to join gym sessions.;['Yes', 'No', 'Yes, subject to some conditions', 'In the middle, neither yes nor no', 'Other'];No
205;Y has just told X that he/she is considering switching his/her job.;switching_jobs;198;Do you work long hours?;I generally work 50 hours per week.;She consider 50 hours per week to be a regular substantial amount of time.;['Yes', 'No', 'Yes, subject to some conditions', 'In the middle, neither yes nor no', 'Other'];Yes
206;Y has just moved into a neighbourhood and meets his/her new neighbour X.;meeting_new_neighbour;199;Where do you work?;It's classified.;His workplace is confidential that cannot be disclosed.;['Yes', 'No', 'Yes, subject to some conditions', 'In the middle, neither yes nor no', 'Other'];In the middle, neither yes nor no
207;X and Y are colleagues who are leaving work on a Friday at the same time.;colleagues_leaving_work;200;Do you get along with our colleagues?;They're wonderful.;He has a healthy harmonious interactions with his colleagues.;['Yes', 'No', 'Yes, subject to some conditions', 'In the middle, neither yes nor no', 'Other'];Yes
208;X wants to know what sorts of books Y likes to read.;book_preferences;201;Did you ever read Tolstoy in school?;I read Tolstoy at home.;Tolstoy's book was not part of her curriculam but she read it at home.;['Yes', 'No', 'Yes, subject to some conditions', 'In the middle, neither yes nor no', 'Other'];No
209;X wants to know about Y's music preferences.;music_preferences;202;Were you young when you first went to a concert?;I went to Rick Springfield when I was 12.;He had an early experience of attending live concerts at relatively young age.;['Yes', 'No', 'Yes, subject to some conditions', 'In the middle, neither yes nor no', 'Other'];Yes
210;X and Y are colleagues who are leaving work on a Friday at the same time.;colleagues_leaving_work;203;Do you plan on going home?;I have errands to run first.;Her immediate priority is to complete her errands before returning home.;['Yes', 'No', 'Yes, subject to some conditions', 'In the middle, neither yes nor no', 'Other'];No
211;X and Y are colleagues who are leaving work on a Friday at the same time.;colleagues_leaving_work;204;Do you have house chores to do this weekend?;I've got to tidy up my kitchen this weekend.;She have scheduled house chores this weekend but among them her priority is to tidying up the kitchen.;['Yes', 'No', 'Yes, subject to some conditions', 'In the middle, neither yes nor no', 'Other'];Yes
212;X wants to know what activities Y likes to do during weekends.;weekend_activities;205;Do you enjoy being outdoor?;I love to hike and ski.;He likes to spend his most of the time outdoor rather than indoor.;['Yes', 'No', 'Yes, subject to some conditions', 'In the middle, neither yes nor no', 'Other'];Yes
213;X and Y are childhood neighbours who unexpectedly run into each other at a cafe.;meeting_childhood_neighbour;206;Are you still working as a lawyer?;I'm now a senior partner.;She was working as a lawyer but now she shifted to a senior partner.;['Yes', 'No', 'Yes, subject to some conditions', 'In the middle, neither yes nor no', 'Other'];Yes
214;Y has just told X that he/she is thinking of buying a flat in New York.;buying_a_flat;207;Will you be spending Christmas in Calgary?;I'll be Naples.;He will not be in Calgary during Christmas but instead will be in Naples.;['Yes', 'No', 'Yes, subject to some conditions', 'In the middle, neither yes nor no', 'Other'];No
215;X wants to know what sorts of books Y likes to read.;book_preferences;208;Do you like crime novels?;I usually read non fiction.;She usually prefers non-fiction books over crime novels.;['Yes', 'No', 'Yes, subject to some conditions', 'In the middle, neither yes nor no', 'Other'];No
216;X and Y are colleagues who are leaving work on a Friday at the same time.;colleagues_leaving_work;209;Do you find your coworkers pleasant?;I'd say they are very amicable.;He belives that his coworkers are friendly.;['Yes', 'No', 'Yes, subject to some conditions', 'In the middle, neither yes nor no', 'Other'];Yes
217;X wants to know about Y's food preferences.;food_preferences;210;Feel like Chinese?;I prefer Italian.;She loves to enjoy Italian dishes rather than Chinese.;['Yes', 'No', 'Yes, subject to some conditions', 'In the middle, neither yes nor no', 'Other'];No
218;Y has just moved into a neighbourhood and meets his/her new neighbour X.;meeting_new_neighbour;211;Are you happy with your job?;It's OK.;He neither strongly dislike nor strongly enjoys his job, but rather find it average.;['Yes', 'No', 'Yes, subject to some conditions', 'In the middle, neither yes nor no', 'Other'];In the middle, neither yes nor no
219;X wants to know what sorts of books Y likes to read.;book_preferences;212;Would you like to learn more about history?;Fiction is more interesting to me.;She finds fiction books more engaging than learning about history;['Yes', 'No', 'Yes, subject to some conditions', 'In the middle, neither yes nor no', 'Other'];No
220;Y has just moved into a neighbourhood and meets his/her new neighbour X.;meeting_new_neighbour;213;Are you into music?;I love my music;She likes any music, especially which included in her playlist.;['Yes', 'No', 'Yes, subject to some conditions', 'In the middle, neither yes nor no', 'Other'];Yes
221;X wants to know about Y's food preferences.;food_preferences;214;Do you like food with a lot of spices?;Although flavourful, I often have a bad reaction.;He is having a bad physical reaction while consuming spiced food, so usually try to stay away from such food.;['Yes', 'No', 'Yes, subject to some conditions', 'In the middle, neither yes nor no', 'Other'];No
222;X wants to know what sorts of books Y likes to read.;book_preferences;215;Do you like fantasy books?;When they're set in our world.;She likes fantasy books which have connections to reality.;['Yes', 'No', 'Yes, subject to some conditions', 'In the middle, neither yes nor no', 'Other'];Yes, subject to some conditions
223;Y has just travelled from a different city to meet X.;travelling_to_meet_someone;216;Did you stop anywhere on the way?;I didn't have time.;She is not able to make any stops during the journey because she is constrained by time.;['Yes', 'No', 'Yes, subject to some conditions', 'In the middle, neither yes nor no', 'Other'];No
224;X and Y are childhood neighbours who unexpectedly run into each other at a cafe.;meeting_childhood_neighbour;217;Did you marry your high school sweetheart?;I wasn't that fortunate.;He did not have the oppertunity to marry her high school sweetheart and still he holds a sense of regret for that.;['Yes', 'No', 'Yes, subject to some conditions', 'In the middle, neither yes nor no', 'Other'];No
225;Y has just told X that he/she is considering switching his/her job.;switching_jobs;218;Do you find your manager always offended?;They were very difficult to work with.;She had a difficult working relationship with her manager because he had a tendency to be easily offended.;['Yes', 'No', 'Yes, subject to some conditions', 'In the middle, neither yes nor no', 'Other'];Yes
226;Y has just moved into a neighbourhood and meets his/her new neighbour X.;meeting_new_neighbour;219;Did you move here because of work?;I got a great job here.;The job was the significant motivation behind his decision to relocate;['Yes', 'No', 'Yes, subject to some conditions', 'In the middle, neither yes nor no', 'Other'];Yes
227;Y has just told X that he/she is considering switching his/her job.;switching_jobs;220;Are you getting bored at work?;My job could be more exciting.;She is not satisfied with her job and she expect more challenges in her job.;['Yes', 'No', 'Yes, subject to some conditions', 'In the middle, neither yes nor no', 'Other'];Yes
228;X and Y are childhood neighbours who unexpectedly run into each other at a cafe.;meeting_childhood_neighbour;221;Do you still like McDonald's?;I gave up junk food.;He made conscious decision to avoid  junk food from his diet, including McDonald's.;['Yes', 'No', 'Yes, subject to some conditions', 'In the middle, neither yes nor no', 'Other'];No
229;Y has just moved into a neighbourhood and meets his/her new neighbour X.;meeting_new_neighbour;222;Do you have pets?;I love my dog, and my cat equally.;She loves to have pets, and she is having dog and cat.;['Yes', 'No', 'Yes, subject to some conditions', 'In the middle, neither yes nor no', 'Other'];Yes
230;Y has just moved into a neighbourhood and meets his/her new neighbour X.;meeting_new_neighbour;223;Do you like to BBQ?;I'm vegan.;Being vegan, he can have BBQ only if it is vegitariean.;['Yes', 'No', 'Yes, subject to some conditions', 'In the middle, neither yes nor no', 'Other'];No
231;Y has just travelled from a different city to meet X.;travelling_to_meet_someone;224;Did you know there's no sales tax in Oregon?;That's awesome!;The information regarding sales tax in Oregon is new for her and she finds it exciting.;['Yes', 'No', 'Yes, subject to some conditions', 'In the middle, neither yes nor no', 'Other'];In the middle, neither yes nor no
232;X wants to know what sorts of books Y likes to read.;book_preferences;225;Have you read anything from the NYT bestseller list?;I haven't read anything for a month or so.;She has not been actively reading books, including those from the NYT bestseller list.;['Yes', 'No', 'Yes, subject to some conditions', 'In the middle, neither yes nor no', 'Other'];No
233;Y has just told X that he/she is considering switching his/her job.;switching_jobs;226;Do you not like your boss?;She doesn't like me either.;He doesn't like his boss and also his boss doesn't like him.;['Yes', 'No', 'Yes, subject to some conditions', 'In the middle, neither yes nor no', 'Other'];Yes
234;X and Y are childhood neighbours who unexpectedly run into each other at a cafe.;meeting_childhood_neighbour;227;D you have plans for later?;I'm going to help plan a funeral.;His plan for later involve assisting in the organization and preperation of a funeral.;['Yes', 'No', 'Yes, subject to some conditions', 'In the middle, neither yes nor no', 'Other'];Yes
235;Y has just moved into a neighbourhood and meets his/her new neighbour X.;meeting_new_neighbour;228;Do you have a lot of hobbies?;I prefer do stick to one thing I'm good at.;She prefer to focus on and excel at one particular activity rather than pursuing multiple hobbies.;['Yes', 'No', 'Yes, subject to some conditions', 'In the middle, neither yes nor no', 'Other'];No
236;X and Y are childhood neighbours who unexpectedly run into each other at a cafe.;meeting_childhood_neighbour;229;Is it true you got married last year?;I have a  wedding ring to prove it.;He got married last year and he is having wedding ring as a proof.;['Yes', 'No', 'Yes, subject to some conditions', 'In the middle, neither yes nor no', 'Other'];Yes
237;Y has just told X that he/she is considering switching his/her job.;switching_jobs;230;Do you have to travel far?;It would be a pretty long commute.;The destination is not nearby because she would need to travel significant distance.;['Yes', 'No', 'Yes, subject to some conditions', 'In the middle, neither yes nor no', 'Other'];Yes
238;Y has just told X that he/she is thinking of buying a flat in New York.;buying_a_flat;231;Is the neighborhood good?;It's upscale with low crime.;He consider his neighborhood a good one due to its low crime rate.;['Yes', 'No', 'Yes, subject to some conditions', 'In the middle, neither yes nor no', 'Other'];Yes
239;X wants to know what activities Y likes to do during weekends.;weekend_activities;232;Have you been downtown to any of the museums?;I'm a member of the art museum.;She has visited the art meusium multiple times and holds a membership too.;['Yes', 'No', 'Yes, subject to some conditions', 'In the middle, neither yes nor no', 'Other'];Yes
240;X wants to know what sorts of books Y likes to read.;book_preferences;233;Are you into mystery novels?;If they're not too scary.;He has an interest in mystery novels, but prefers one that are not scary.;['Yes', 'No', 'Yes, subject to some conditions', 'In the middle, neither yes nor no', 'Other'];Yes, subject to some conditions
241;Y has just travelled from a different city to meet X.;travelling_to_meet_someone;234;Would you like to meet up with our old friends?;It would be great to catch up with them.;He is really excited to meet his old friends.;['Yes', 'No', 'Yes, subject to some conditions', 'In the middle, neither yes nor no', 'Other'];Yes
242;X wants to know what activities Y likes to do during weekends.;weekend_activities;235;Do you enjoy spending time with family on the weekend?;When I am close to them.;She values spending time with family but she much concerned about the travel.;['Yes', 'No', 'Yes, subject to some conditions', 'In the middle, neither yes nor no', 'Other'];Yes, subject to some conditions
243;X and Y are colleagues who are leaving work on a Friday at the same time.;colleagues_leaving_work;236;Did you want to grab a drink at happy hour before heading home?;I think I need to swing by my house first.;He needs to make a stop at his home before joining for a drink.;['Yes', 'No', 'Yes, subject to some conditions', 'In the middle, neither yes nor no', 'Other'];Yes, subject to some conditions
244;X wants to know about Y's music preferences.;music_preferences;237;Do you want to listen to screamo?;I'd rather hear classical music.;She loves classical music rather than screamo.;['Yes', 'No', 'Yes, subject to some conditions', 'In the middle, neither yes nor no', 'Other'];No
245;X wants to know about Y's food preferences.;food_preferences;238;Do you spend a lot on food?;We do eat out a lot.;His food expenses is much higher because his eating habit involve frequently dinning at restaurants.;['Yes', 'No', 'Yes, subject to some conditions', 'In the middle, neither yes nor no', 'Other'];Yes
246;X and Y are childhood neighbours who unexpectedly run into each other at a cafe.;meeting_childhood_neighbour;239;Do you have a house?;We are in a 9th floor apartment.;He do not have a standalone house but resides in an apartment located on the 9th floor.;['Yes', 'No', 'Yes, subject to some conditions', 'In the middle, neither yes nor no', 'Other'];No
247;X and Y are colleagues who are leaving work on a Friday at the same time.;colleagues_leaving_work;240;Do you want me to walk you to your car?;If you don't mind.;She likes his companionship and appreciate to have a walk with him to car.;['Yes', 'No', 'Yes, subject to some conditions', 'In the middle, neither yes nor no', 'Other'];Yes
248;X wants to know about Y's food preferences.;food_preferences;241;Do you like spice in your food?;It depends on how spicy it is.;He is not a fan of spicy food, so his food choices depend up on its spiceness.;['Yes', 'No', 'Yes, subject to some conditions', 'In the middle, neither yes nor no', 'Other'];Yes, subject to some conditions
249;Y has just told X that he/she is considering switching his/her job.;switching_jobs;242;Are you looking for the same kind of position as you had before?;Only if the pay is better.;She is not concerned about the better career position but she is looking for a better salary package.;['Yes', 'No', 'Yes, subject to some conditions', 'In the middle, neither yes nor no', 'Other'];Yes, subject to some conditions
250;X wants to know about Y's music preferences.;music_preferences;243;Would you like something European?;I like world music;He has a broad interest in music, rather than being in European music.;['Yes', 'No', 'Yes, subject to some conditions', 'In the middle, neither yes nor no', 'Other'];Yes
251;X wants to know what activities Y likes to do during weekends.;weekend_activities;244;Do you like arts and crafts?;I often knit things.;She enjoys engaging in creative activities like knitting.;['Yes', 'No', 'Yes, subject to some conditions', 'In the middle, neither yes nor no', 'Other'];Yes
252;X and Y are colleagues who are leaving work on a Friday at the same time.;colleagues_leaving_work;245;Want to go to the movies?;I'd rather go to the mall.;He prefer to have shopping rather than spending time for movie.;['Yes', 'No', 'Yes, subject to some conditions', 'In the middle, neither yes nor no', 'Other'];No
253;X wants to know about Y's food preferences.;food_preferences;246;Do you like rice?;I eat rice with nearly every meal!;She like rice and she must include it in every meal.;['Yes', 'No', 'Yes, subject to some conditions', 'In the middle, neither yes nor no', 'Other'];Yes
254;X wants to know about Y's music preferences.;music_preferences;247;Do you like blues?;I find blues relaxing.;He enjoys listen to blues music because of it smoothing effect.;['Yes', 'No', 'Yes, subject to some conditions', 'In the middle, neither yes nor no', 'Other'];Yes
255;X and Y are childhood neighbours who unexpectedly run into each other at a cafe.;meeting_childhood_neighbour;248;Have you been to the old neighborhood in the last year?;Several times, actually.;She has visited her old neighborhood multiple times within the last year.;['Yes', 'No', 'Yes, subject to some conditions', 'In the middle, neither yes nor no', 'Other'];Yes
256;Y has just told X that he/she is considering switching his/her job.;switching_jobs;249;Have you been with the company long?;Two or so years.;He has been working for the company for approximately two years which is a moderate lenght of employment with in the company.;['Yes', 'No', 'Yes, subject to some conditions', 'In the middle, neither yes nor no', 'Other'];Yes
257;X wants to know about Y's food preferences.;food_preferences;250;Do you drink alcohol?;I do love a glass of beer.;He enjoys consuming alcoholic beverages, especially beer on regular basis.;['Yes', 'No', 'Yes, subject to some conditions', 'In the middle, neither yes nor no', 'Other'];Yes
258;Y has just told X that he/she is thinking of buying a flat in New York.;buying_a_flat;251;Did you check your credit to see if you are able to apply for mortgage?;I have been meeting with the banks.;She keeps on checking the possibility of applying for a mortgage with the banks.;['Yes', 'No', 'Yes, subject to some conditions', 'In the middle, neither yes nor no', 'Other'];Yes
259;Y has just moved into a neighbourhood and meets his/her new neighbour X.;meeting_new_neighbour;252;Do you have a dog?;I have two.;He loves having pets and at present has two dogs.;['Yes', 'No', 'Yes, subject to some conditions', 'In the middle, neither yes nor no', 'Other'];Yes
260;Y has just moved into a neighbourhood and meets his/her new neighbour X.;meeting_new_neighbour;252;Do you have a dog?;I have two.;He loves having pets and at present has two dogs.;['Yes', 'No', 'Yes, subject to some conditions', 'In the middle, neither yes nor no', 'Other'];Yes
261;Y has just moved into a neighbourhood and meets his/her new neighbour X.;meeting_new_neighbour;253;Have you been to the area parks yet?;Not all of them;She has visited some of the area but haven't had oppertunity to visit all of them.;['Yes', 'No', 'Yes, subject to some conditions', 'In the middle, neither yes nor no', 'Other'];Yes, subject to some conditions
262;Y has just told X that he/she is thinking of buying a flat in New York.;buying_a_flat;254;Are you looking for a job in New York?;I've been looking for a year.;She sincerely wanted to get a job in New York and she have been trying for last one year.;['Yes', 'No', 'Yes, subject to some conditions', 'In the middle, neither yes nor no', 'Other'];Yes
263;X wants to know what sorts of books Y likes to read.;book_preferences;255;Are you a science fiction fan?;I refer self help;He interested in self-help materials rather than being science fiction literature fan.;['Yes', 'No', 'Yes, subject to some conditions', 'In the middle, neither yes nor no', 'Other'];No
264;X wants to know what activities Y likes to do during weekends.;weekend_activities;256;Do you watch many movies?;I watch one every weekend.;He enjoys watching movie and having a habit of watching it every week end.;['Yes', 'No', 'Yes, subject to some conditions', 'In the middle, neither yes nor no', 'Other'];Yes
265;X wants to know what sorts of books Y likes to read.;book_preferences;257;Do you often read nonfiction?;Biographies are my preference.;She enjoys reading nonfiction books, specifically biographies which is about the experiences of real people.;['Yes', 'No', 'Yes, subject to some conditions', 'In the middle, neither yes nor no', 'Other'];Yes
266;Y has just travelled from a different city to meet X.;travelling_to_meet_someone;258;Have you been here before?;This is my first time.;He never been here and this is his very first visit.;['Yes', 'No', 'Yes, subject to some conditions', 'In the middle, neither yes nor no', 'Other'];No
267;Y has just travelled from a different city to meet X.;travelling_to_meet_someone;258;Have you been here before?;This is my first time.;He never been here and this is his very first visit.;['Yes', 'No', 'Yes, subject to some conditions', 'In the middle, neither yes nor no', 'Other'];No
268;X wants to know about Y's music preferences.;music_preferences;259;Have you played an instrument?;I've noodled around with the piano.;She enjoy playing piano and has basic familiarity with it but not having proficiency.;['Yes', 'No', 'Yes, subject to some conditions', 'In the middle, neither yes nor no', 'Other'];Yes
269;Y has just told X that he/she is considering switching his/her job.;switching_jobs;260;Do you have management experience?;I've been a manager for many years.;He has extensive experience in managerial role for a significant period of time.;['Yes', 'No', 'Yes, subject to some conditions', 'In the middle, neither yes nor no', 'Other'];Yes
270;X wants to know about Y's music preferences.;music_preferences;261;Do you like Michael Buble?;Who?;She either have not heard of Michael Bubble or not familiar with his music work.;['Yes', 'No', 'Yes, subject to some conditions', 'In the middle, neither yes nor no', 'Other'];No
271;Y has just travelled from a different city to meet X.;travelling_to_meet_someone;262;Shall we head back to mine?;I'd like to stop at a convenience store on the way.;He has plan to visit a convenience store before heading back to his place.;['Yes', 'No', 'Yes, subject to some conditions', 'In the middle, neither yes nor no', 'Other'];Yes, subject to some conditions
272;Y has just travelled from a different city to meet X.;travelling_to_meet_someone;263;Did you have a nice journey?;It was hell on earth.;The journey was not at all pleasant for her and had discomfort too.;['Yes', 'No', 'Yes, subject to some conditions', 'In the middle, neither yes nor no', 'Other'];No
273;Y has just travelled from a different city to meet X.;travelling_to_meet_someone;264;Do you enjoy flying?;I find it peaceful.;He enjoys flying and perceives it comfortable while being on an airplane.;['Yes', 'No', 'Yes, subject to some conditions', 'In the middle, neither yes nor no', 'Other'];Yes
274;X wants to know what activities Y likes to do during weekends.;weekend_activities;265;Are you into fitness?;Jumping rope is important to me.;She is having a fitness routine and consider jumping rope as an essential exercise.;['Yes', 'No', 'Yes, subject to some conditions', 'In the middle, neither yes nor no', 'Other'];Yes
275;X wants to know what sorts of books Y likes to read.;book_preferences;266;Do you prefer reading nonfiction?;Fiction is more relaxing, in my opinion.;He enjoys reading fiction books rather than nonfiction.;['Yes', 'No', 'Yes, subject to some conditions', 'In the middle, neither yes nor no', 'Other'];No
276;X and Y are colleagues who are leaving work on a Friday at the same time.;colleagues_leaving_work;267;Are you leaving as well?;I'm on my way home.;She is getting ready to leave and heading towards her residence.;['Yes', 'No', 'Yes, subject to some conditions', 'In the middle, neither yes nor no', 'Other'];Yes
277;X wants to know what activities Y likes to do during weekends.;weekend_activities;268;Do you want to go solo?;I wouldn't mind some company.;He is open to have company of some one rather than going alone.;['Yes', 'No', 'Yes, subject to some conditions', 'In the middle, neither yes nor no', 'Other'];No
278;X and Y are colleagues who are leaving work on a Friday at the same time.;colleagues_leaving_work;106;Do you have your keys?;They're in my pocket.;She is having her keys, specifically in her pockets.;['Yes', 'No', 'Yes, subject to some conditions', 'In the middle, neither yes nor no', 'Other'];Yes
279;Y has just moved into a neighbourhood and meets his/her new neighbour X.;meeting_new_neighbour;269;Do you like to travel?;We recently cam back from India;He enjoys traveling and she has recently returned from a trip to India.;['Yes', 'No', 'Yes, subject to some conditions', 'In the middle, neither yes nor no', 'Other'];Yes
280;Y has just told X that he/she is considering switching his/her job.;switching_jobs;270;Are you not happy with you work conditions?;They're more stressful than I like.;She is not satisfied with his current work due to its heavy stress.;['Yes', 'No', 'Yes, subject to some conditions', 'In the middle, neither yes nor no', 'Other'];No
281;X and Y are childhood neighbours who unexpectedly run into each other at a cafe.;meeting_childhood_neighbour;271;Is your family well?;Everyone is doing great.;All his family members are in good health and overall well-being.;['Yes', 'No', 'Yes, subject to some conditions', 'In the middle, neither yes nor no', 'Other'];Yes
282;X wants to know about Y's food preferences.;food_preferences;272;What would you like to eat today?;I am open.;She is not having any specific interest today and she is open to any food item.;['Yes', 'No', 'Yes, subject to some conditions', 'In the middle, neither yes nor no', 'Other'];Other
283;Y has just moved into a neighbourhood and meets his/her new neighbour X.;meeting_new_neighbour;273;Hello and nice to see you, what do you do for work?;Nice to see you as well, I am a teacher;His profession is that of a teacher.;['Yes', 'No', 'Yes, subject to some conditions', 'In the middle, neither yes nor no', 'Other'];Other
284;X wants to know about Y's music preferences.;music_preferences;274;Do you like instrumental music?;I prefer to listen to vocals.;She has a preference for music with vocal rather than instrumental music.;['Yes', 'No', 'Yes, subject to some conditions', 'In the middle, neither yes nor no', 'Other'];No
285;X wants to know what activities Y likes to do during weekends.;weekend_activities;275;Are you into gaming at all?;Video games aren't really my thing.;He do not have a particular interest in video games.;['Yes', 'No', 'Yes, subject to some conditions', 'In the middle, neither yes nor no', 'Other'];No
286;Y has just moved into a neighbourhood and meets his/her new neighbour X.;meeting_new_neighbour;276;Are you in a relationship?;I have a husband of six years.;She is currently in a committed relationship and has been married for six years.;['Yes', 'No', 'Yes, subject to some conditions', 'In the middle, neither yes nor no', 'Other'];Yes
287;Y has just moved into a neighbourhood and meets his/her new neighbour X.;meeting_new_neighbour;277;Do you have any pets;I would love a dog;He does not currently have any pet but he is planning to have one.;['Yes', 'No', 'Yes, subject to some conditions', 'In the middle, neither yes nor no', 'Other'];No
288;X wants to know about Y's music preferences.;music_preferences;278;Is country music your favorite music?;I prefer pop;She enjoys pop music rather than country music.;['Yes', 'No', 'Yes, subject to some conditions', 'In the middle, neither yes nor no', 'Other'];No
289;Y has just told X that he/she is considering switching his/her job.;switching_jobs;279;Do you make enough money at your job?;I'm doing OK.;He may not have abundance of money but he is content with his current financial situation.;['Yes', 'No', 'Yes, subject to some conditions', 'In the middle, neither yes nor no', 'Other'];Yes
290;Y has just told X that he/she is considering switching his/her job.;switching_jobs;280;Do you have experience with this role?;I am one of the most experienced in the area.;She consider herself as a highly experienced person in the specific area because she is having significant years of work experience.;['Yes', 'No', 'Yes, subject to some conditions', 'In the middle, neither yes nor no', 'Other'];Yes
291;Y has just told X that he/she is thinking of buying a flat in New York.;buying_a_flat;281;Are you open to having roommates?;Right now I would really like to live alone.;Currently, he prefer to live alone and does not like to have roommates.;['Yes', 'No', 'Yes, subject to some conditions', 'In the middle, neither yes nor no', 'Other'];No
292;X and Y are colleagues who are leaving work on a Friday at the same time.;colleagues_leaving_work;282;Are you divorced?;We stuck it out.;Despite of facing many difficulties, she tried to overcome them and remain in marital relationship.;['Yes', 'No', 'Yes, subject to some conditions', 'In the middle, neither yes nor no', 'Other'];No
293;X wants to know what sorts of books Y likes to read.;book_preferences;283;Do you prefer fiction?;Actually, I read a lot of nonfiction.;His reading preference is nonfiction rather than fiction.;['Yes', 'No', 'Yes, subject to some conditions', 'In the middle, neither yes nor no', 'Other'];No
294;X wants to know about Y's food preferences.;food_preferences;284;Are you a vegetarian or vegan?;I don't eat fish.;She may not follow vegitarian or vegan lifestyle, but specifically he keeps away from fish.;['Yes', 'No', 'Yes, subject to some conditions', 'In the middle, neither yes nor no', 'Other'];In the middle, neither yes nor no
295;X wants to know what sorts of books Y likes to read.;book_preferences;285;Do you enjoy art?;It's fun to make.;He enjoys the process of making art.;['Yes', 'No', 'Yes, subject to some conditions', 'In the middle, neither yes nor no', 'Other'];Yes
296;X wants to know about Y's music preferences.;music_preferences;95;Do you like reggaeton music?;I don't really listen to reggaeton.;She do not have much interest in reggaeton music and she is not a regular listener of such music.;['Yes', 'No', 'Yes, subject to some conditions', 'In the middle, neither yes nor no', 'Other'];No
297;Y has just moved into a neighbourhood and meets his/her new neighbour X.;meeting_new_neighbour;211;Are you happy with your job?;Things are good there.;He is happy with his current job.;['Yes', 'No', 'Yes, subject to some conditions', 'In the middle, neither yes nor no', 'Other'];Yes
298;X wants to know about Y's food preferences.;food_preferences;286;Do you want fast food?;I prefer something healthier.;She is consious about healthy diet and do not want to consume fast food.;['Yes', 'No', 'Yes, subject to some conditions', 'In the middle, neither yes nor no', 'Other'];No
299;X wants to know about Y's music preferences.;music_preferences;287;Have you ever played an instrument?;The trumpet.;He is proficency in playing trumpet.;['Yes', 'No', 'Yes, subject to some conditions', 'In the middle, neither yes nor no', 'Other'];Yes
300;X and Y are childhood neighbours who unexpectedly run into each other at a cafe.;meeting_childhood_neighbour;288;Are you still in touch with friends from our old neighborhood?;Tina and I talk everyday.;She do have contact with only Tina, but not with all other old neighborhood friends.;['Yes', 'No', 'Yes, subject to some conditions', 'In the middle, neither yes nor no', 'Other'];Yes
301;X wants to know about Y's food preferences.;food_preferences;289;Are you a fan of seafood?;I like saltwater fish once in a while.;He is not much interested to have seafood and occasionally include it in his meal as part of diet.;['Yes', 'No', 'Yes, subject to some conditions', 'In the middle, neither yes nor no', 'Other'];Yes, subject to some conditions
302;X wants to know what sorts of books Y likes to read.;book_preferences;290;Want to recommend me any non-fiction book?;You might like this biography I'm reading right now.;She is currently reading a biography and she would like to recomment the same.;['Yes', 'No', 'Yes, subject to some conditions', 'In the middle, neither yes nor no', 'Other'];Yes
303;X wants to know about Y's food preferences.;food_preferences;291;Would you like to watch a movie while we eat dinner?;Dinner and a movie sounds great.;He is much interested in watching movie while having dinner.;['Yes', 'No', 'Yes, subject to some conditions', 'In the middle, neither yes nor no', 'Other'];Yes
304;Y has just travelled from a different city to meet X.;travelling_to_meet_someone;292;Are you staying here for a few weeks?;Just the weekend.;She is staying at the current location only for the upcoming weekend and not for few weeks.;['Yes', 'No', 'Yes, subject to some conditions', 'In the middle, neither yes nor no', 'Other'];No
305;X and Y are childhood neighbours who unexpectedly run into each other at a cafe.;meeting_childhood_neighbour;293;Have you been living here?;I moved here in the spring.;He has recently relocated to the area, specifically in the spring season.;['Yes', 'No', 'Yes, subject to some conditions', 'In the middle, neither yes nor no', 'Other'];Yes
306;X wants to know what activities Y likes to do during weekends.;weekend_activities;275;Are you into gaming at all?;Video games aren't my thing.;She is not at all interested in video games.;['Yes', 'No', 'Yes, subject to some conditions', 'In the middle, neither yes nor no', 'Other'];No
307;X wants to know what sorts of books Y likes to read.;book_preferences;294;Isn't Lord of the Rings boring?;I couldn't finish it.;He found Lord of the Rings boring to the extent that he was not able complete reading.;['Yes', 'No', 'Yes, subject to some conditions', 'In the middle, neither yes nor no', 'Other'];Yes
308;X and Y are childhood neighbours who unexpectedly run into each other at a cafe.;meeting_childhood_neighbour;295;Are you in contact with anyone else we need from our childhood?;only a couple of girls;She keeps contact with only a couple of girls from her childhood.;['Yes', 'No', 'Yes, subject to some conditions', 'In the middle, neither yes nor no', 'Other'];Yes
309;X wants to know what activities Y likes to do during weekends.;weekend_activities;296;Do you want to go to the movies this weekend?;If there is a comedy showing.;He is interested in going to the movie this weekend but has a preference for watching comedy genre.;['Yes', 'No', 'Yes, subject to some conditions', 'In the middle, neither yes nor no', 'Other'];Yes, subject to some conditions
310;X wants to know about Y's music preferences.;music_preferences;297;Have you ever been to a live rock gig?;I saw ACDC in concert once.;She has attended a live rock gig , specifically a concert by the band ACDC.;['Yes', 'No', 'Yes, subject to some conditions', 'In the middle, neither yes nor no', 'Other'];Yes
311;Y has just travelled from a different city to meet X.;travelling_to_meet_someone;298;Would you like to go ice skating?;I'd rather go snowshoeing.;He has a greater interest for engaging in the activity of snowshoeing rather than ice skating.;['Yes', 'No', 'Yes, subject to some conditions', 'In the middle, neither yes nor no', 'Other'];No
312;X wants to know what activities Y likes to do during weekends.;weekend_activities;299;Are you into team sports?;I prefer loner sports.;She has a preference for individual sports rather than team sports.;['Yes', 'No', 'Yes, subject to some conditions', 'In the middle, neither yes nor no', 'Other'];No
313;X wants to know about Y's music preferences.;music_preferences;300;Have you heard Lizzo new song?;I have her album;He is an active listner of Lizzo's song, including her new song.;['Yes', 'No', 'Yes, subject to some conditions', 'In the middle, neither yes nor no', 'Other'];Yes
314;Y has just told X that he/she is thinking of buying a flat in New York.;buying_a_flat;301;Do you have a big budget?;You have to have a reasonable amount of money to purchase property in NYC.;She is having significant amount of money because she is planning to purchase property in NYC.;['Yes', 'No', 'Yes, subject to some conditions', 'In the middle, neither yes nor no', 'Other'];Yes
315;X and Y are colleagues who are leaving work on a Friday at the same time.;colleagues_leaving_work;302;Are you joining the team at the bar tonight?;Which pub are we going to later ?;He is interested to join the team at the bar tonight but he is concerned about the pub which they are planning.;['Yes', 'No', 'Yes, subject to some conditions', 'In the middle, neither yes nor no', 'Other'];Yes
316;X wants to know what activities Y likes to do during weekends.;weekend_activities;303;Have you ever been bowling?;I haven't for a few years;She has not gone bowling in a significant period of time.;['Yes', 'No', 'Yes, subject to some conditions', 'In the middle, neither yes nor no', 'Other'];Yes
317;X wants to know what activities Y likes to do during weekends.;weekend_activities;304;Do you like to ski?;It is a hobby of mine;He has a personal interest in skiing and actively engage in that activity.;['Yes', 'No', 'Yes, subject to some conditions', 'In the middle, neither yes nor no', 'Other'];Yes
318;Y has just moved into a neighbourhood and meets his/her new neighbour X.;meeting_new_neighbour;305;Are you comfortable with kids playing outside?;I don't mind, I love kids.;She is not only comfortable with kids playing outside but also has a positive attitude towards them.;['Yes', 'No', 'Yes, subject to some conditions', 'In the middle, neither yes nor no', 'Other'];Yes
319;Y has just told X that he/she is thinking of buying a flat in New York.;buying_a_flat;306;Do you want to live in a quiet neighborhood?;I enjoy peace and quiet.;He love to live in a quiet and calm place.;['Yes', 'No', 'Yes, subject to some conditions', 'In the middle, neither yes nor no', 'Other'];Yes
320;X and Y are colleagues who are leaving work on a Friday at the same time.;colleagues_leaving_work;307;Are you planning on traveling this year?;No plans to be too far from home.;He is having travelling plans in this year but only near by places from home.;['Yes', 'No', 'Yes, subject to some conditions', 'In the middle, neither yes nor no', 'Other'];No
321;Y has just told X that he/she is considering switching his/her job.;switching_jobs;77;Do you get promoted often?;I suppose it depends on your definition of often.;she had promoted many times but its subjective to define often because that is subjective to individual perspective.;['Yes', 'No', 'Yes, subject to some conditions', 'In the middle, neither yes nor no', 'Other'];In the middle, neither yes nor no
322;X wants to know what activities Y likes to do during weekends.;weekend_activities;308;Do you go fishing for the weekends?;I don't have a rod or net.;He usually go for fishing but he don't own a rod or net.;['Yes', 'No', 'Yes, subject to some conditions', 'In the middle, neither yes nor no', 'Other'];No
323;X wants to know what sorts of books Y likes to read.;book_preferences;309;Are you a fantasy fan?;That's way too nerdy for me.;She is not a fan of fantasy.;['Yes', 'No', 'Yes, subject to some conditions', 'In the middle, neither yes nor no', 'Other'];No
324;X wants to know about Y's food preferences.;food_preferences;310;Do you like to go to high-end place?;I only eat McDonald's.;He prefer for a more affordable dining like McDonald's.;['Yes', 'No', 'Yes, subject to some conditions', 'In the middle, neither yes nor no', 'Other'];No
325;X wants to know about Y's food preferences.;food_preferences;311;Do you enjoy a quiet restaurant atmosphere?;It's very relaxing.;She enjoys calm and quiet restaurant atmosphere that always makes him feel relaxing.;['Yes', 'No', 'Yes, subject to some conditions', 'In the middle, neither yes nor no', 'Other'];Yes
326;X and Y are childhood neighbours who unexpectedly run into each other at a cafe.;meeting_childhood_neighbour;312;Do you have a job you enjoy?;I'm miserable in my career.;She is uncomfortable and not at all satisfied with her current job.;['Yes', 'No', 'Yes, subject to some conditions', 'In the middle, neither yes nor no', 'Other'];No
327;X wants to know what activities Y likes to do during weekends.;weekend_activities;313;Do you like going to the lake?;I try to visit the lake every day,;He has a strong passion to visit the lake and he took an effort on a daily basis.;['Yes', 'No', 'Yes, subject to some conditions', 'In the middle, neither yes nor no', 'Other'];Yes
328;X and Y are colleagues who are leaving work on a Friday at the same time.;colleagues_leaving_work;134;Will you be watching that new drama this evening?;If I can get home in time.;She would like to watch that new drama this evening but is uncertain if she will be able to to do so due to time constraints.;['Yes', 'No', 'Yes, subject to some conditions', 'In the middle, neither yes nor no', 'Other'];Yes, subject to some conditions
329;Y has just travelled from a different city to meet X.;travelling_to_meet_someone;60;Do you want to play some videogames?;we might as well;He is willing to engage in playing video games.;['Yes', 'No', 'Yes, subject to some conditions', 'In the middle, neither yes nor no', 'Other'];Yes
330;Y has just told X that he/she is considering switching his/her job.;switching_jobs;314;Are there many people who come and go?;Most people don't last a month.;People are not ready to stay at least a month long, they just moves with in a short span of time.;['Yes', 'No', 'Yes, subject to some conditions', 'In the middle, neither yes nor no', 'Other'];Yes
331;Y has just moved into a neighbourhood and meets his/her new neighbour X.;meeting_new_neighbour;315;Do you like video games?;I haven't had time to play them since I was in college.;Eventhough he likes to play video game, currently because of time constrain he is not able to play.;['Yes', 'No', 'Yes, subject to some conditions', 'In the middle, neither yes nor no', 'Other'];In the middle, neither yes nor no
332;X wants to know what sorts of books Y likes to read.;book_preferences;316;Are you a fan of the Harry Potter series?;I find it boring.;She does not has interest in Harry portter, he finds it boring.;['Yes', 'No', 'Yes, subject to some conditions', 'In the middle, neither yes nor no', 'Other'];No
333;X wants to know what sorts of books Y likes to read.;book_preferences;317;Do you read much non-fiction?;Only when forced.;He has not much interest in non-fiction books.;['Yes', 'No', 'Yes, subject to some conditions', 'In the middle, neither yes nor no', 'Other'];No
334;X wants to know about Y's music preferences.;music_preferences;318;Are you a fan of live music?;It's always interesting.;She enjoys live music and find it interesting always.;['Yes', 'No', 'Yes, subject to some conditions', 'In the middle, neither yes nor no', 'Other'];Yes
335;X wants to know about Y's music preferences.;music_preferences;319;Would you go to a punk rock show?;That is not my favorite genre.;He does not have a strong interest for punck rock show, so he just avoid it.;['Yes', 'No', 'Yes, subject to some conditions', 'In the middle, neither yes nor no', 'Other'];No
336;Y has just moved into a neighbourhood and meets his/her new neighbour X.;meeting_new_neighbour;320;Hey, hey where are you all from and what brings you to Texas?;Just passing through on our way from Canada to Mexico.;Texas is a stop along their route, just a temporary point on their travel itinerary.;['Yes', 'No', 'Yes, subject to some conditions', 'In the middle, neither yes nor no', 'Other'];Other
337;X and Y are colleagues who are leaving work on a Friday at the same time.;colleagues_leaving_work;321;Are you done for the week?;That is me done;She has finished her task for the week.;['Yes', 'No', 'Yes, subject to some conditions', 'In the middle, neither yes nor no', 'Other'];Yes
338;X wants to know about Y's music preferences.;music_preferences;322;Do you regularly attend concerts?;Only every few years.;He does not frequently go to concerts but rather attend every few years.;['Yes', 'No', 'Yes, subject to some conditions', 'In the middle, neither yes nor no', 'Other'];No
339;Y has just told X that he/she is thinking of buying a flat in New York.;buying_a_flat;323;Are you looking for a flat in a walkable neighborhood?;I'll probably take public transportation instead.;At present she is not able to afford the expense for a walkable distance flat.;['Yes', 'No', 'Yes, subject to some conditions', 'In the middle, neither yes nor no', 'Other'];In the middle, neither yes nor no
340;X wants to know about Y's music preferences.;music_preferences;324;Are you a fan of movie soundtracks?;It depends on the type of movie.;He has interest in movie soundtracks but he is very specific for the genre and his enjoyment varies depending on that.;['Yes', 'No', 'Yes, subject to some conditions', 'In the middle, neither yes nor no', 'Other'];Yes, subject to some conditions
341;X wants to know about Y's food preferences.;food_preferences;325;Do you like salads?;Eating vegetables is good and good for you.;She likes vegitable rich salads.;['Yes', 'No', 'Yes, subject to some conditions', 'In the middle, neither yes nor no', 'Other'];Yes
342;X wants to know about Y's music preferences.;music_preferences;326;Do you have a favorite music station?;I don't listen to the radio.;Radio itself is not his favorite kind of thing.;['Yes', 'No', 'Yes, subject to some conditions', 'In the middle, neither yes nor no', 'Other'];No
343;X wants to know about Y's music preferences.;music_preferences;326;Do you have a favorite music station?;I don't listen to the radio.;Radio itself is not his favorite kind of thing.;['Yes', 'No', 'Yes, subject to some conditions', 'In the middle, neither yes nor no', 'Other'];No
344;Y has just moved into a neighbourhood and meets his/her new neighbour X.;meeting_new_neighbour;327;Have you lived in the building long?;We just moved in last week.;They were lived in somewhere else and just last week they moved to the present location.;['Yes', 'No', 'Yes, subject to some conditions', 'In the middle, neither yes nor no', 'Other'];No
345;X wants to know about Y's music preferences.;music_preferences;328;Are you into Rock and Roll?;I like it quite a lot;He has strong affinity for Rock and Roll as a preferred style of music.;['Yes', 'No', 'Yes, subject to some conditions', 'In the middle, neither yes nor no', 'Other'];Yes
346;Y has just travelled from a different city to meet X.;travelling_to_meet_someone;329;Have you heard of any attractions nearby that interest you?;I've heard the art museums are wonderful here.;She has received pleasant recommendations about the art  museums in the area.;['Yes', 'No', 'Yes, subject to some conditions', 'In the middle, neither yes nor no', 'Other'];Yes
347;Y has just told X that he/she is considering switching his/her job.;switching_jobs;330;Does your job have a special skill required?;I need to know SalesForce down cold.;His job requires a high level of proficiency in SalesForce down cold.;['Yes', 'No', 'Yes, subject to some conditions', 'In the middle, neither yes nor no', 'Other'];Yes
348;X wants to know about Y's food preferences.;food_preferences;331;Are you a pescatarian?;I'm a vegan.;She is not a pescatarian but a strict vegan, therefore she avoid any animal product including fish.;['Yes', 'No', 'Yes, subject to some conditions', 'In the middle, neither yes nor no', 'Other'];No
349;Y has just told X that he/she is thinking of buying a flat in New York.;buying_a_flat;332;Do you need to be close to your job?;The subway is easy to navigate.;He  finds the subway system convenient for commuting to their job rather than live in close to his workplace.;['Yes', 'No', 'Yes, subject to some conditions', 'In the middle, neither yes nor no', 'Other'];No
350;Y has just told X that he/she is considering switching his/her job.;switching_jobs;333;Do you have the experience to succeed in that job?;I'm overqualified for the position.;She believe she can excel in her current position because she is having more experience than the position demands.;['Yes', 'No', 'Yes, subject to some conditions', 'In the middle, neither yes nor no', 'Other'];Yes
351;X and Y are childhood neighbours who unexpectedly run into each other at a cafe.;meeting_childhood_neighbour;334;Can I have your number so we can reconnect later?;Let me call your number so you can have it.;He is willing to share his number.;['Yes', 'No', 'Yes, subject to some conditions', 'In the middle, neither yes nor no', 'Other'];Yes
352;Y has just told X that he/she is considering switching his/her job.;switching_jobs;335;Are you looking for something more mentally challenging?;I'd prefer to work with my hands.;She has a preference for engaging in hands-on tasks rather than mentally challenging ones.;['Yes', 'No', 'Yes, subject to some conditions', 'In the middle, neither yes nor no', 'Other'];No
353;Y has just told X that he/she is considering switching his/her job.;switching_jobs;336;Will you work Monday through Friday?;I'll have to work weekends.;He is available only weekends and is willing to work accordingly.;['Yes', 'No', 'Yes, subject to some conditions', 'In the middle, neither yes nor no', 'Other'];No
354;X wants to know about Y's music preferences.;music_preferences;192;Are you into EDM?;If I have good headphones.;She enjoys EDM but she prefer to have good headphones to enhance the music quality.;['Yes', 'No', 'Yes, subject to some conditions', 'In the middle, neither yes nor no', 'Other'];Yes, subject to some conditions
355;X wants to know about Y's food preferences.;food_preferences;337;Can I buy you Chicken wings?;As long as they are not spicy.;He likes to have Chicken wings but without spicy flavor.;['Yes', 'No', 'Yes, subject to some conditions', 'In the middle, neither yes nor no', 'Other'];Yes, subject to some conditions
356;Y has just told X that he/she is considering switching his/her job.;switching_jobs;338;Do you like staying busy at work?;I find time goes by faster when I stay busy.;She enjoys staying busy at work bucause it perceive time passing more quickly.;['Yes', 'No', 'Yes, subject to some conditions', 'In the middle, neither yes nor no', 'Other'];Yes
357;Y has just told X that he/she is thinking of buying a flat in New York.;buying_a_flat;339;Is it in a good part of town?;The crime rate is low.;As he is staying in a crime rate low location, he consider his current location is good part of town.;['Yes', 'No', 'Yes, subject to some conditions', 'In the middle, neither yes nor no', 'Other'];Yes
358;X wants to know what activities Y likes to do during weekends.;weekend_activities;340;Want to go see some live music with me tonight?;I'd rather stay home and play video games.;Tonight, she prefer spending time at home playing video games instead of going out for live music.;['Yes', 'No', 'Yes, subject to some conditions', 'In the middle, neither yes nor no', 'Other'];No
359;X wants to know what sorts of books Y likes to read.;book_preferences;341;Do you watch romantic movies?;I love them!;He is into romantic movies.;['Yes', 'No', 'Yes, subject to some conditions', 'In the middle, neither yes nor no', 'Other'];Yes
360;Y has just told X that he/she is thinking of buying a flat in New York.;buying_a_flat;342;Do you have any pets?;Our goldfish and cats get along well.;She loves pets and having goldfish and cats.;['Yes', 'No', 'Yes, subject to some conditions', 'In the middle, neither yes nor no', 'Other'];Yes
361;X and Y are colleagues who are leaving work on a Friday at the same time.;colleagues_leaving_work;343;Are you planning to take a vacation soon?;We leave for Spain next month.;He has scheduled to visit Spain next month.;['Yes', 'No', 'Yes, subject to some conditions', 'In the middle, neither yes nor no', 'Other'];Yes
362;X and Y are colleagues who are leaving work on a Friday at the same time.;colleagues_leaving_work;344;Will you go straight home?;I need to run a few errands first.;She has errands to complete before heading home.;['Yes', 'No', 'Yes, subject to some conditions', 'In the middle, neither yes nor no', 'Other'];No
363;X wants to know what activities Y likes to do during weekends.;weekend_activities;345;Are outside activities something you enjoy?;I like hiking and skiing.;He find pleasure in engaging outside activities such as hiking and skiing.;['Yes', 'No', 'Yes, subject to some conditions', 'In the middle, neither yes nor no', 'Other'];Yes
364;X wants to know about Y's food preferences.;food_preferences;346;Do you like food that are primarily barbecued?;The important thing is the taste.;She is least concerned about a specific dish but she prioritize taste of the food.;['Yes', 'No', 'Yes, subject to some conditions', 'In the middle, neither yes nor no', 'Other'];Yes, subject to some conditions
365;X and Y are colleagues who are leaving work on a Friday at the same time.;colleagues_leaving_work;347;Would you like to join me for a beer?;I can't drink.;He likes to join for a drink but he has a personal restriction that prevents them from consuming it.;['Yes', 'No', 'Yes, subject to some conditions', 'In the middle, neither yes nor no', 'Other'];No
366;X and Y are childhood neighbours who unexpectedly run into each other at a cafe.;meeting_childhood_neighbour;348;Would you like to go for coffee to catch up more?;We could meet up this weekend.;She is interested for a coffee to continue the conversation but she want to schedule it on weekend.;['Yes', 'No', 'Yes, subject to some conditions', 'In the middle, neither yes nor no', 'Other'];Yes, subject to some conditions
367;Y has just told X that he/she is considering switching his/her job.;switching_jobs;349;Do you work more than 8 hours?;I work between 7-9 hours per day.;His daily working hours normally vary in between 7 to 9 hours.;['Yes', 'No', 'Yes, subject to some conditions', 'In the middle, neither yes nor no', 'Other'];Yes
368;X and Y are colleagues who are leaving work on a Friday at the same time.;colleagues_leaving_work;350;Is it time to relax?;I'm going to go soak in my bathtub.;She have desire to find relaxation by soak herself in her bathtub which is her usual relaxation tool.;['Yes', 'No', 'Yes, subject to some conditions', 'In the middle, neither yes nor no', 'Other'];Yes
369;X wants to know about Y's food preferences.;food_preferences;351;Do you prefer to eat later in the evening?;I try to eat before 7pm.;He has a habit of consuming his dinner earlier, before 7 pm.;['Yes', 'No', 'Yes, subject to some conditions', 'In the middle, neither yes nor no', 'Other'];No
370;X and Y are childhood neighbours who unexpectedly run into each other at a cafe.;meeting_childhood_neighbour;352;Do you live around here;I live round the corner;She resides in the close proximity to the current location being discussed.;['Yes', 'No', 'Yes, subject to some conditions', 'In the middle, neither yes nor no', 'Other'];Yes
371;Y has just told X that he/she is considering switching his/her job.;switching_jobs;353;Do you want to work closer to home?;Who wouldn't?;He agrees that working closer to home is desirable and he believe that most people would prefer so.;['Yes', 'No', 'Yes, subject to some conditions', 'In the middle, neither yes nor no', 'Other'];Yes
372;X wants to know about Y's food preferences.;food_preferences;354;Can you eat any type of food?;I have no limitations.;She is open to any type of food.;['Yes', 'No', 'Yes, subject to some conditions', 'In the middle, neither yes nor no', 'Other'];Yes
373;Y has just travelled from a different city to meet X.;travelling_to_meet_someone;355;Do you feel like going for a long walk tomorrow?;If I can get a good sleep tonight.;He would like to have a long walk but for that he need to have enough rest.;['Yes', 'No', 'Yes, subject to some conditions', 'In the middle, neither yes nor no', 'Other'];Yes, subject to some conditions
374;X and Y are childhood neighbours who unexpectedly run into each other at a cafe.;meeting_childhood_neighbour;356;Do you want to go for a coffee?;That's a great idea.;She is also interested to have a coffee.;['Yes', 'No', 'Yes, subject to some conditions', 'In the middle, neither yes nor no', 'Other'];Yes
375;Y has just told X that he/she is considering switching his/her job.;switching_jobs;357;Have you been looking for a new job?;I've already put in some applications.;He is not satisfied with his current job and he is looking for a better job.;['Yes', 'No', 'Yes, subject to some conditions', 'In the middle, neither yes nor no', 'Other'];Yes
376;X and Y are colleagues who are leaving work on a Friday at the same time.;colleagues_leaving_work;358;Did you guys have a productive week?;It was a pretty busy week.;Her week was productive and had a significant amount of work related activities.;['Yes', 'No', 'Yes, subject to some conditions', 'In the middle, neither yes nor no', 'Other'];Yes
377;Y has just travelled from a different city to meet X.;travelling_to_meet_someone;359;Interested in hitting the outlet mall?;Let's go!;He is enthusiastic in visiting outlet mall for the purpose of shopping.;['Yes', 'No', 'Yes, subject to some conditions', 'In the middle, neither yes nor no', 'Other'];Yes
378;X wants to know what activities Y likes to do during weekends.;weekend_activities;256;Do you watch many movies?;I spend too much time watching movies;She is a great fan of movies and watch it regularly.;['Yes', 'No', 'Yes, subject to some conditions', 'In the middle, neither yes nor no', 'Other'];Yes
379;X wants to know about Y's food preferences.;food_preferences;360;Do like a spicy foods?;Not as much as everyone else on this platform.;He does not have a strong preference for spicy foods compared to other individuals.;['Yes', 'No', 'Yes, subject to some conditions', 'In the middle, neither yes nor no', 'Other'];No
380;Y has just told X that he/she is considering switching his/her job.;switching_jobs;361;Do you work alone?;I share a cubicle with one other person.;She does not work alone and instead shares a workplace with others.;['Yes', 'No', 'Yes, subject to some conditions', 'In the middle, neither yes nor no', 'Other'];No
381;Y has just moved into a neighbourhood and meets his/her new neighbour X.;meeting_new_neighbour;362;Want to come in and have a cup of tea ?;You can come over to mine first;He is extending an invitation to her to visit his residence first.;['Yes', 'No', 'Yes, subject to some conditions', 'In the middle, neither yes nor no', 'Other'];No
382;Y has just told X that he/she is thinking of buying a flat in New York.;buying_a_flat;363;Will you need a loan to buy it?;Maybe a little one;She require a small loan to purchase the item being discussed.;['Yes', 'No', 'Yes, subject to some conditions', 'In the middle, neither yes nor no', 'Other'];Yes
383;X wants to know what sorts of books Y likes to read.;book_preferences;364;Are you into graphic novels?;I prefer them to books.;He find graphic novels more enjoyable compared to traditional books.;['Yes', 'No', 'Yes, subject to some conditions', 'In the middle, neither yes nor no', 'Other'];Yes
384;X wants to know what activities Y likes to do during weekends.;weekend_activities;365;Want to go dancing?;I've got two left feet.;She like dancing but she believes that she is not skilled for dancing.;['Yes', 'No', 'Yes, subject to some conditions', 'In the middle, neither yes nor no', 'Other'];No
385;X wants to know what activities Y likes to do during weekends.;weekend_activities;365;Want to go dancing?;I've got two left feet.;She like dancing but she believes that she is not skilled for dancing.;['Yes', 'No', 'Yes, subject to some conditions', 'In the middle, neither yes nor no', 'Other'];No
386;X wants to know what sorts of books Y likes to read.;book_preferences;366;Was that biography that you read any good?;I thought it was;He found the biography good and enjoyable;['Yes', 'No', 'Yes, subject to some conditions', 'In the middle, neither yes nor no', 'Other'];Yes
387;X and Y are childhood neighbours who unexpectedly run into each other at a cafe.;meeting_childhood_neighbour;367;Do you still live in the same house?;I moved ages ago;She relocated to a different place a long time ago.;['Yes', 'No', 'Yes, subject to some conditions', 'In the middle, neither yes nor no', 'Other'];No
388;Y has just travelled from a different city to meet X.;travelling_to_meet_someone;368;How was your flight?;I had a good sleep.;He had a more plesant travel experience and he slept well during the fly.;['Yes', 'No', 'Yes, subject to some conditions', 'In the middle, neither yes nor no', 'Other'];Other
389;X wants to know about Y's music preferences.;music_preferences;17;Do you listen to new music every Friday?;I don't keep up with music.;She is not actively engaged in staying updated with new music releases, particularly on a regular basis like every Friday.;['Yes', 'No', 'Yes, subject to some conditions', 'In the middle, neither yes nor no', 'Other'];No
390;Y has just travelled from a different city to meet X.;travelling_to_meet_someone;369;Does your son still enjoy going to high school ?;He's ready to graduate already.;His son is eager to move next phase of his life, such as graduation rather than enjoying high school experience.;['Yes', 'No', 'Yes, subject to some conditions', 'In the middle, neither yes nor no', 'Other'];In the middle, neither yes nor no
391;X wants to know about Y's music preferences.;music_preferences;370;Have you seen any live bands lately?;I was just at a show last weekend.;She recently attended a live band performance.;['Yes', 'No', 'Yes, subject to some conditions', 'In the middle, neither yes nor no', 'Other'];Yes
392;X and Y are colleagues who are leaving work on a Friday at the same time.;colleagues_leaving_work;371;Have you lived in Europe?;I have only resided in the USA.;His residence has been solely with in  the USA and he has not experienced living in any European countries.;['Yes', 'No', 'Yes, subject to some conditions', 'In the middle, neither yes nor no', 'Other'];No
393;X and Y are childhood neighbours who unexpectedly run into each other at a cafe.;meeting_childhood_neighbour;372;Would you like to get together to chat sometime?;I'd love to catch up.;She has genuine interest in meeting up.;['Yes', 'No', 'Yes, subject to some conditions', 'In the middle, neither yes nor no', 'Other'];Yes
394;X wants to know about Y's food preferences.;food_preferences;373;Can you eat Mexican?;I eat tacos.;He enjoys to consume mexican food , particularly tacos.;['Yes', 'No', 'Yes, subject to some conditions', 'In the middle, neither yes nor no', 'Other'];Yes
395;X and Y are childhood neighbours who unexpectedly run into each other at a cafe.;meeting_childhood_neighbour;374;Did you go to college abroad?;I went to college in my hometown.;He has no plan to continue his study in abroad and he already joined his hometown;['Yes', 'No', 'Yes, subject to some conditions', 'In the middle, neither yes nor no', 'Other'];No
396;X and Y are childhood neighbours who unexpectedly run into each other at a cafe.;meeting_childhood_neighbour;375;Do you have children?;I plan to someday.;She currently does not have children but intends to have them in the future.;['Yes', 'No', 'Yes, subject to some conditions', 'In the middle, neither yes nor no', 'Other'];No
397;X wants to know about Y's music preferences.;music_preferences;376;Do you enjoy listening to heavy guitar distortion?;I'm not familiar with that musical technique.;He does not have strong interest in enjoying different musical techniques, so he is not familiar with heavy guitar distortion.;['Yes', 'No', 'Yes, subject to some conditions', 'In the middle, neither yes nor no', 'Other'];No
398;X wants to know about Y's music preferences.;music_preferences;377;Do you like outside concerts?;if the weather is good;She like to attend outside concerts but she can enjoy only with a pleasant weather.;['Yes', 'No', 'Yes, subject to some conditions', 'In the middle, neither yes nor no', 'Other'];Yes, subject to some conditions
399;Y has just told X that he/she is thinking of buying a flat in New York.;buying_a_flat;378;Are you interested in the Bronx?;It's too far away.;Bronx is too far away and is not in his favorite list because he interested only in near by places from his current location.;['Yes', 'No', 'Yes, subject to some conditions', 'In the middle, neither yes nor no', 'Other'];No
400;X and Y are colleagues who are leaving work on a Friday at the same time.;colleagues_leaving_work;379;Are you going home now?;I am meeting my wife for drinks in the Brown Horse.;His immediate plan is to meet his wife at Brown Horse rather than going home.;['Yes', 'No', 'Yes, subject to some conditions', 'In the middle, neither yes nor no', 'Other'];No
401;X and Y are childhood neighbours who unexpectedly run into each other at a cafe.;meeting_childhood_neighbour;380;Are you still living in San Antonio?;All my life!;She still living in San Antonio and has no plan to move from there.;['Yes', 'No', 'Yes, subject to some conditions', 'In the middle, neither yes nor no', 'Other'];Yes
402;Y has just travelled from a different city to meet X.;travelling_to_meet_someone;381;Was the trip grueling?;It wasn't too far.;He does not encounter significant travel related difficulties, so he does not consider the trip was grueling.;['Yes', 'No', 'Yes, subject to some conditions', 'In the middle, neither yes nor no', 'Other'];No
403;Y has just told X that he/she is thinking of buying a flat in New York.;buying_a_flat;382;Do you want to live in Manhattan?;that would be ideal;She expresses a strong desire to live in Manhattan.;['Yes', 'No', 'Yes, subject to some conditions', 'In the middle, neither yes nor no', 'Other'];Yes
404;Y has just told X that he/she is considering switching his/her job.;switching_jobs;383;Do you work on weekends?;Depends if I get all my work done.;His priority is to complete the work, if work demands he is willing to work in weekends also.;['Yes', 'No', 'Yes, subject to some conditions', 'In the middle, neither yes nor no', 'Other'];Yes, subject to some conditions
405;Y has just told X that he/she is considering switching his/her job.;switching_jobs;384;Have you been to college?;I studied at Harvard.;She attended Harvard University for her college education.;['Yes', 'No', 'Yes, subject to some conditions', 'In the middle, neither yes nor no', 'Other'];Yes
406;X and Y are childhood neighbours who unexpectedly run into each other at a cafe.;meeting_childhood_neighbour;385;Are you still living in town?;I live just outside it.;He does not reside within the town being reffered to but rather in a location near to it.;['Yes', 'No', 'Yes, subject to some conditions', 'In the middle, neither yes nor no', 'Other'];No
407;Y has just travelled from a different city to meet X.;travelling_to_meet_someone;386;Would you like to go out for dinner?;I could go for some Mexican.;She would like to go out for dinner but she prefer Mexican cusine.;['Yes', 'No', 'Yes, subject to some conditions', 'In the middle, neither yes nor no', 'Other'];Yes, subject to some conditions
408;X wants to know about Y's music preferences.;music_preferences;387;Have you been to any shows lately?;A couple.;He has attended live events on multiple occasions.;['Yes', 'No', 'Yes, subject to some conditions', 'In the middle, neither yes nor no', 'Other'];Yes
409;X wants to know what activities Y likes to do during weekends.;weekend_activities;388;Would you like to go camping this weekend at the park?;If the weather is nice;She is open to the idea of camping at the park but his opinion may vary depending up on the weather condition.;['Yes', 'No', 'Yes, subject to some conditions', 'In the middle, neither yes nor no', 'Other'];Yes, subject to some conditions
410;X and Y are childhood neighbours who unexpectedly run into each other at a cafe.;meeting_childhood_neighbour;389;Did you get married?;I'm engaged.;He is currently in an engaged relationship and planning to marry soon.;['Yes', 'No', 'Yes, subject to some conditions', 'In the middle, neither yes nor no', 'Other'];No
411;X wants to know what sorts of books Y likes to read.;book_preferences;390;Is reading crime fiction something you like to do?;If it isn't too gory.;She enjoys reading crime fiction but prefer stories that are not excessively violent.;['Yes', 'No', 'Yes, subject to some conditions', 'In the middle, neither yes nor no', 'Other'];Yes, subject to some conditions
412;X wants to know what activities Y likes to do during weekends.;weekend_activities;256;Do you watch many movies?;When there's time.;He gives least preference to movies, so movie-watching depends on the availability of time.;['Yes', 'No', 'Yes, subject to some conditions', 'In the middle, neither yes nor no', 'Other'];Yes, subject to some conditions
413;X wants to know about Y's music preferences.;music_preferences;391;Do you like music you can dance to?;I often skip songs until I hear a groove.;She has a preference for songs that have a distinct groove that compels her to dance.;['Yes', 'No', 'Yes, subject to some conditions', 'In the middle, neither yes nor no', 'Other'];Yes
414;Y has just travelled from a different city to meet X.;travelling_to_meet_someone;392;Did you have a nice drive here?;It was a very pretty day.;He had a pleasant drive towards the current location.;['Yes', 'No', 'Yes, subject to some conditions', 'In the middle, neither yes nor no', 'Other'];Yes
415;X wants to know about Y's food preferences.;food_preferences;393;Do you eat breakfast food for lunch or dinner?;I'll occasionally have pancakes for dinner.;She sometimes chooses to have breakfast food, such as pancakes, for her dinner.;['Yes', 'No', 'Yes, subject to some conditions', 'In the middle, neither yes nor no', 'Other'];Yes
416;X wants to know what sorts of books Y likes to read.;book_preferences;18;Do you read everyday?;I always have several books going.;He is an avid reader and regularly engages in reading multiple books concurrently.;['Yes', 'No', 'Yes, subject to some conditions', 'In the middle, neither yes nor no', 'Other'];Yes
417;X and Y are colleagues who are leaving work on a Friday at the same time.;colleagues_leaving_work;394;Should we go for a drink?;We should go to our old hangout.;She prefer to revisit their familiar frequent place for a drink.;['Yes', 'No', 'Yes, subject to some conditions', 'In the middle, neither yes nor no', 'Other'];Yes
418;X wants to know about Y's food preferences.;food_preferences;395;Do you have a favorite restaurant?;I like the sushi place next door.;He has a preference for a specific sushi restaurant located nearby.;['Yes', 'No', 'Yes, subject to some conditions', 'In the middle, neither yes nor no', 'Other'];Yes
419;Y has just told X that he/she is considering switching his/her job.;switching_jobs;4;Do you usually have to work late?;Most of the time.;She usually has heavy work load that force her to work late.;['Yes', 'No', 'Yes, subject to some conditions', 'In the middle, neither yes nor no', 'Other'];Yes
420;X wants to know what activities Y likes to do during weekends.;weekend_activities;396;do you want to do something for free?;It would be nice to save some money.;He is interested in engaging in an activity that does not require any financial expenditure.;['Yes', 'No', 'Yes, subject to some conditions', 'In the middle, neither yes nor no', 'Other'];Yes
421;X and Y are colleagues who are leaving work on a Friday at the same time.;colleagues_leaving_work;397;Aren't you glad it's Friday?;Living for the weekend.;She looks forward to and enjoys the weekend.;['Yes', 'No', 'Yes, subject to some conditions', 'In the middle, neither yes nor no', 'Other'];Yes
422;X and Y are colleagues who are leaving work on a Friday at the same time.;colleagues_leaving_work;398;Want to grab dinner/lunch?;I am starving.;He is starving and ready to have anything that is substantial.;['Yes', 'No', 'Yes, subject to some conditions', 'In the middle, neither yes nor no', 'Other'];Yes
423;X wants to know what sorts of books Y likes to read.;book_preferences;399;Would a book of short stories appeal to you?;I enjoy reading something quick before bed.;She has a habit of reading short stories before bed.;['Yes', 'No', 'Yes, subject to some conditions', 'In the middle, neither yes nor no', 'Other'];Yes
424;X wants to know what sorts of books Y likes to read.;book_preferences;317;Do you read much non-fiction?;I prefer fiction;He prefer to read fiction than non-fiction.;['Yes', 'No', 'Yes, subject to some conditions', 'In the middle, neither yes nor no', 'Other'];No
425;Y has just told X that he/she is considering switching his/her job.;switching_jobs;400;Would you be happy to take a pay cut?;Only if I get lots of other benefits.;She would consider taking a pay cut if she receive significant additional benefits in return.;['Yes', 'No', 'Yes, subject to some conditions', 'In the middle, neither yes nor no', 'Other'];Yes, subject to some conditions
426;X and Y are colleagues who are leaving work on a Friday at the same time.;colleagues_leaving_work;401;Do you want to go for something to eat?;Let's get sushi.;He has specific preference for sushi.;['Yes', 'No', 'Yes, subject to some conditions', 'In the middle, neither yes nor no', 'Other'];Yes
427;Y has just told X that he/she is thinking of buying a flat in New York.;buying_a_flat;42;Can you show proof of income?;I have all of my financial records in order.;She is ready to provide evidence of her income if required because she is having a habit of maitaining all financial records in order.;['Yes', 'No', 'Yes, subject to some conditions', 'In the middle, neither yes nor no', 'Other'];Yes
428;X wants to know about Y's music preferences.;music_preferences;402;Can you share with me you favorite playlist?;I don't like sharing playlists.;He has a personal attachment to his playlist and don't like to share the same.;['Yes', 'No', 'Yes, subject to some conditions', 'In the middle, neither yes nor no', 'Other'];No
429;X wants to know what activities Y likes to do during weekends.;weekend_activities;403;Would you like to go to the movies this weekend?;That sounds like fun;She is excited for watching a movies in this weekend.;['Yes', 'No', 'Yes, subject to some conditions', 'In the middle, neither yes nor no', 'Other'];Yes
430;Y has just told X that he/she is considering switching his/her job.;switching_jobs;404;Do you feel passionately about your position or your industry?;I could take it or leave it.;He does not have strong feelings of passion towards her position or the industry she work in.;['Yes', 'No', 'Yes, subject to some conditions', 'In the middle, neither yes nor no', 'Other'];No
431;Y has just told X that he/she is thinking of buying a flat in New York.;buying_a_flat;405;Are you going to get a roommate?;I would rather not;She prefer to not have a roommate because she is not at all interested to share her living space.;['Yes', 'No', 'Yes, subject to some conditions', 'In the middle, neither yes nor no', 'Other'];No
432;Y has just told X that he/she is thinking of buying a flat in New York.;buying_a_flat;405;Are you going to get a roommate?;I would rather not;She prefer to not have a roommate because she is not at all interested to share her living space.;['Yes', 'No', 'Yes, subject to some conditions', 'In the middle, neither yes nor no', 'Other'];No
433;Y has just travelled from a different city to meet X.;travelling_to_meet_someone;406;Shall we go shopping now?;I would rather rest and catch up for a little while.;He prefer to take a break and spend time relaxing instead of going shopping immediately.;['Yes', 'No', 'Yes, subject to some conditions', 'In the middle, neither yes nor no', 'Other'];No
434;Y has just moved into a neighbourhood and meets his/her new neighbour X.;meeting_new_neighbour;407;Would you ever move to a different state?;I would consider it;She is open to relocate to a new state if certain opportunities arise.;['Yes', 'No', 'Yes, subject to some conditions', 'In the middle, neither yes nor no', 'Other'];Yes
435;Y has just travelled from a different city to meet X.;travelling_to_meet_someone;408;Are you employed?;I'm a veterinary technician.;He is employed and he work as veterinary technician.;['Yes', 'No', 'Yes, subject to some conditions', 'In the middle, neither yes nor no', 'Other'];Yes
436;X wants to know about Y's food preferences.;food_preferences;409;Are you a fan of Korean food?;I wouldn't say so;She does not has a strong desire to consume Kerean food.;['Yes', 'No', 'Yes, subject to some conditions', 'In the middle, neither yes nor no', 'Other'];No
437;Y has just told X that he/she is thinking of buying a flat in New York.;buying_a_flat;410;Are you bringing any pets into the flat?;I do not own any pets;He does not has any pets and is not planning to bring any pets in to the flat.;['Yes', 'No', 'Yes, subject to some conditions', 'In the middle, neither yes nor no', 'Other'];No
438;X and Y are childhood neighbours who unexpectedly run into each other at a cafe.;meeting_childhood_neighbour;411;Is your family still living in the neighborhood?;My parents are snowbirds now.;Her parents are now living in a seasonal lifestyle, spending one season of the year in one location and another season in a different location.;['Yes', 'No', 'Yes, subject to some conditions', 'In the middle, neither yes nor no', 'Other'];In the middle, neither yes nor no
439;X wants to know about Y's food preferences.;food_preferences;412;Do you enjoy foreign cuisine?;I like many cuisines.;He enjoys trying different cuisines which includes foreign also.;['Yes', 'No', 'Yes, subject to some conditions', 'In the middle, neither yes nor no', 'Other'];Yes
440;Y has just travelled from a different city to meet X.;travelling_to_meet_someone;413;Is your new job going well?;I love what I do.;She enjoys all her activities, indicating that she likes her current job and its going well.;['Yes', 'No', 'Yes, subject to some conditions', 'In the middle, neither yes nor no', 'Other'];Yes
441;X wants to know what sorts of books Y likes to read.;book_preferences;414;Are long books your thing?;I rarely read any other type of book.;He has strong preference for long books.;['Yes', 'No', 'Yes, subject to some conditions', 'In the middle, neither yes nor no', 'Other'];Yes
442;X wants to know about Y's food preferences.;food_preferences;415;Have you had pizza recently;My husband ordered some last night.;Pizza is not in her favorite list but her husband likes pizza and he had pizza last night.;['Yes', 'No', 'Yes, subject to some conditions', 'In the middle, neither yes nor no', 'Other'];Yes
443;Y has just told X that he/she is thinking of buying a flat in New York.;buying_a_flat;416;Is the apartment big enough?;All of my stuff will fit.;The apartment is big enough to accommodate all of his belongings.;['Yes', 'No', 'Yes, subject to some conditions', 'In the middle, neither yes nor no', 'Other'];Yes
444;X wants to know what activities Y likes to do during weekends.;weekend_activities;417;Do you enjoy playing any sports?;Basketball is a lot of fun.;She has strong interest in sports, specifically she enjoys Basketball.;['Yes', 'No', 'Yes, subject to some conditions', 'In the middle, neither yes nor no', 'Other'];Yes
445;X wants to know about Y's music preferences.;music_preferences;418;Do you like Rnb?;I like some of it;He enjoys some of the Rnb music but he does not like all of that music genre.;['Yes', 'No', 'Yes, subject to some conditions', 'In the middle, neither yes nor no', 'Other'];Yes
446;X wants to know about Y's food preferences.;food_preferences;419;Do you like beer with your Pizza?;That is very gross.;He finds the combination of beer and pizza unappealing.;['Yes', 'No', 'Yes, subject to some conditions', 'In the middle, neither yes nor no', 'Other'];No
447;Y has just told X that he/she is thinking of buying a flat in New York.;buying_a_flat;420;Are you taking any animals?;I'll bring my dog.;She has a pet dog and are willing to bring it to the place.;['Yes', 'No', 'Yes, subject to some conditions', 'In the middle, neither yes nor no', 'Other'];Yes
448;Y has just travelled from a different city to meet X.;travelling_to_meet_someone;421;Do you want to have a BBQ this evening?;I already have plans;He already planned to have BBQ this evening.;['Yes', 'No', 'Yes, subject to some conditions', 'In the middle, neither yes nor no', 'Other'];No
449;X wants to know what activities Y likes to do during weekends.;weekend_activities;422;Do you like any sports?;Tennis is fun to play.;She enjoys playing sports and has a preference for tennis.;['Yes', 'No', 'Yes, subject to some conditions', 'In the middle, neither yes nor no', 'Other'];Yes
450;X and Y are childhood neighbours who unexpectedly run into each other at a cafe.;meeting_childhood_neighbour;423;Do you talk to any of our old friends?;Only to Shannon.;Among his old friends, he kept communication only with Shannon.;['Yes', 'No', 'Yes, subject to some conditions', 'In the middle, neither yes nor no', 'Other'];Yes, subject to some conditions
451;X and Y are colleagues who are leaving work on a Friday at the same time.;colleagues_leaving_work;424;Will you be working tomorrow?;I managed to finish everything today.;She has no plan to work tomorrow, so she is trying hard to complete her work today itself.;['Yes', 'No', 'Yes, subject to some conditions', 'In the middle, neither yes nor no', 'Other'];No
452;X and Y are childhood neighbours who unexpectedly run into each other at a cafe.;meeting_childhood_neighbour;411;Is your family still living in the neighborhood?;Just down the street.;His family is not living in the in the same place, but close proximity to the neighborhood being referred to.;['Yes', 'No', 'Yes, subject to some conditions', 'In the middle, neither yes nor no', 'Other'];Yes
453;Y has just travelled from a different city to meet X.;travelling_to_meet_someone;425;Did you drive straight here?;I had to stop at my mom's house.;She did not drive directly to the current location, in between she stopped at her mom's house.;['Yes', 'No', 'Yes, subject to some conditions', 'In the middle, neither yes nor no', 'Other'];No
454;Y has just travelled from a different city to meet X.;travelling_to_meet_someone;426;Are you enjoying your job?;It's gotten really interesting.;He is really enjoying his job.;['Yes', 'No', 'Yes, subject to some conditions', 'In the middle, neither yes nor no', 'Other'];Yes
455;X wants to know about Y's food preferences.;food_preferences;427;Have you got an allergy to nuts?;I'm not allergic to anything.;She does not have any allergies, including nuts.;['Yes', 'No', 'Yes, subject to some conditions', 'In the middle, neither yes nor no', 'Other'];No
456;Y has just told X that he/she is considering switching his/her job.;switching_jobs;428;Do you travel any?;Once a week.;He enjoys travelling and has a regular practice of traveling once a week.;['Yes', 'No', 'Yes, subject to some conditions', 'In the middle, neither yes nor no', 'Other'];Yes
457;X wants to know about Y's food preferences.;food_preferences;429;Are you still on a Paleo diet?;I have started on the Keto diet.;She started an alternative Keto diet instead of Paleo diet.;['Yes', 'No', 'Yes, subject to some conditions', 'In the middle, neither yes nor no', 'Other'];No
458;X wants to know about Y's music preferences.;music_preferences;430;Do you like jazz music?;I think I should have been born in the Jazz Age.;He has strong affinity for jazz music.;['Yes', 'No', 'Yes, subject to some conditions', 'In the middle, neither yes nor no', 'Other'];Yes
459;Y has just travelled from a different city to meet X.;travelling_to_meet_someone;431;Do you still like hiking?;I still try to hit the trails at least once a month.;She has still interest in hiking and make an effort to go on hiking trips regularly, at least once a month.;['Yes', 'No', 'Yes, subject to some conditions', 'In the middle, neither yes nor no', 'Other'];Yes
460;Y has just travelled from a different city to meet X.;travelling_to_meet_someone;432;Do you go bar hoping often?;I don't drink anymore.;He used to drink alcohol in the past but has since stopped drinking.;['Yes', 'No', 'Yes, subject to some conditions', 'In the middle, neither yes nor no', 'Other'];No
461;Y has just told X that he/she is thinking of buying a flat in New York.;buying_a_flat;433;Did you consult with your partner/parents?;I haven't spoken to my partner in ages.;She has not communicated with her partner for a considerable amount of time but has consulted with her parents.;['Yes', 'No', 'Yes, subject to some conditions', 'In the middle, neither yes nor no', 'Other'];No
462;Y has just moved into a neighbourhood and meets his/her new neighbour X.;meeting_new_neighbour;434;How do you like the area?;The mountains are awesome.;He enjoys the current location because of the presence of mountains.;['Yes', 'No', 'Yes, subject to some conditions', 'In the middle, neither yes nor no', 'Other'];Yes
463;Y has just told X that he/she is thinking of buying a flat in New York.;buying_a_flat;435;Do you need a lot of space?;I could do with a small studio.;She is not looking for a large living space, she prefer to have a small studio space.;['Yes', 'No', 'Yes, subject to some conditions', 'In the middle, neither yes nor no', 'Other'];No
464;Y has just travelled from a different city to meet X.;travelling_to_meet_someone;436;Want to get a pedicure?;My toes are a mess.;She feels her toes need attention, therefore she want pedicure to address the feet condition.;['Yes', 'No', 'Yes, subject to some conditions', 'In the middle, neither yes nor no', 'Other'];Yes
465;X and Y are childhood neighbours who unexpectedly run into each other at a cafe.;meeting_childhood_neighbour;437;Have you stayed in touch with anyone from school?;I really haven't;He is not at all interested to keep in touch with school friends.;['Yes', 'No', 'Yes, subject to some conditions', 'In the middle, neither yes nor no', 'Other'];No
466;X wants to know about Y's food preferences.;food_preferences;438;Are you a big meat-eater?;I prefer leafy greens.;She has a preference for vegetarian food, instead of consuming meat.;['Yes', 'No', 'Yes, subject to some conditions', 'In the middle, neither yes nor no', 'Other'];No
467;Y has just told X that he/she is thinking of buying a flat in New York.;buying_a_flat;439;Have you researched the areas you are interested in?;I've been looking a lot online.;He is still in gathering information regarding his interested area through online medium.;['Yes', 'No', 'Yes, subject to some conditions', 'In the middle, neither yes nor no', 'Other'];Yes
468;X wants to know what activities Y likes to do during weekends.;weekend_activities;440;Do you like travelling?;In first class.;She has a preference for traveling in luxury and comfort, specifically in first class.;['Yes', 'No', 'Yes, subject to some conditions', 'In the middle, neither yes nor no', 'Other'];Yes, subject to some conditions
469;X wants to know what sorts of books Y likes to read.;book_preferences;441;Do you enjoy sci-fi books?;My husband has gotten me into them.;Now, he enjoyssci-fi books because of her husband's influence.;['Yes', 'No', 'Yes, subject to some conditions', 'In the middle, neither yes nor no', 'Other'];Yes
470;X wants to know what activities Y likes to do during weekends.;weekend_activities;442;Do you like to see live music?;if the band is good;She intersted in live music but the enjoyment is dependent on the quality of the music performance.;['Yes', 'No', 'Yes, subject to some conditions', 'In the middle, neither yes nor no', 'Other'];Yes, subject to some conditions
471;X wants to know what activities Y likes to do during weekends.;weekend_activities;443;Have you been bowling before?;Years ago, and haven't been back since.;He has been bowling in the past and has not retuned to bowling since then.;['Yes', 'No', 'Yes, subject to some conditions', 'In the middle, neither yes nor no', 'Other'];Yes
472;X and Y are childhood neighbours who unexpectedly run into each other at a cafe.;meeting_childhood_neighbour;444;Are your mum and dad still alive ?;I'm an orphan.;Being an orphan she is not aware about the current status of her parents.;['Yes', 'No', 'Yes, subject to some conditions', 'In the middle, neither yes nor no', 'Other'];No
473;Y has just moved into a neighbourhood and meets his/her new neighbour X.;meeting_new_neighbour;445;Are you new in town?;I've just got here.;He is new in town.;['Yes', 'No', 'Yes, subject to some conditions', 'In the middle, neither yes nor no', 'Other'];Yes
474;X and Y are colleagues who are leaving work on a Friday at the same time.;colleagues_leaving_work;446;how was your day?;Just a typical Friday.;For her, this friday went as usual and nothing special happened.;['Yes', 'No', 'Yes, subject to some conditions', 'In the middle, neither yes nor no', 'Other'];In the middle, neither yes nor no
475;X and Y are colleagues who are leaving work on a Friday at the same time.;colleagues_leaving_work;447;Do you want to meet up this weekend?;If I have a free moment.;He wish to meet up this weekend but he is much concerned about his time availability.;['Yes', 'No', 'Yes, subject to some conditions', 'In the middle, neither yes nor no', 'Other'];Yes, subject to some conditions
476;X wants to know about Y's food preferences.;food_preferences;448;Have you had sushi before?;Sushi is raw, which is bad for my stomach.;She had sushi before and he experienced stomac upset because of its raw nature.;['Yes', 'No', 'Yes, subject to some conditions', 'In the middle, neither yes nor no', 'Other'];No
477;X wants to know about Y's music preferences.;music_preferences;449;Are you interested in trap music?;I don't know what that is;He never had a chance to see trap music, so he is not aware of its enjoyment level.;['Yes', 'No', 'Yes, subject to some conditions', 'In the middle, neither yes nor no', 'Other'];No
478;X wants to know about Y's music preferences.;music_preferences;449;Are you interested in trap music?;I don't know what that is;He never had a chance to see trap music, so he is not aware of its enjoyment level.;['Yes', 'No', 'Yes, subject to some conditions', 'In the middle, neither yes nor no', 'Other'];In the middle, neither yes nor no
479;X wants to know about Y's music preferences.;music_preferences;449;Are you interested in trap music?;I don't know what that is;She is not even aware of the trap music.;['Yes', 'No', 'Yes, subject to some conditions', 'In the middle, neither yes nor no', 'Other'];No
480;X wants to know about Y's music preferences.;music_preferences;449;Are you interested in trap music?;I don't know what that is;She is not even aware of the trap music.;['Yes', 'No', 'Yes, subject to some conditions', 'In the middle, neither yes nor no', 'Other'];In the middle, neither yes nor no
481;X wants to know what activities Y likes to do during weekends.;weekend_activities;417;Do you enjoy playing any sports?;I like to read or watch TV.;She don't prefer to have physical activities, instead she is interested in indoor activities like reading, watching TV.;['Yes', 'No', 'Yes, subject to some conditions', 'In the middle, neither yes nor no', 'Other'];No
482;X wants to know about Y's food preferences.;food_preferences;450;Do you eat seafood?;I love catching my own fish and cooking it.;He enjoys fishing and cooking it but he do not eat it.;['Yes', 'No', 'Yes, subject to some conditions', 'In the middle, neither yes nor no', 'Other'];Yes
483;Y has just travelled from a different city to meet X.;travelling_to_meet_someone;451;Do you enjoy living out of town?;I love living in the countryside.;She enjoys living outside of town , specifically in countryside.;['Yes', 'No', 'Yes, subject to some conditions', 'In the middle, neither yes nor no', 'Other'];Yes
484;X wants to know what activities Y likes to do during weekends.;weekend_activities;452;Have you been to the art museum?;I love looking at pictures.;He regularly visits art museums because he has genuine interest in viewing artworks.;['Yes', 'No', 'Yes, subject to some conditions', 'In the middle, neither yes nor no', 'Other'];In the middle, neither yes nor no
485;X wants to know about Y's food preferences.;food_preferences;453;Would you prefer a locally owned restaurant?;I never really dine at restaurant chains.;She prefers locally owned restaurants rather than established large chain restaurants.;['Yes', 'No', 'Yes, subject to some conditions', 'In the middle, neither yes nor no', 'Other'];Yes
486;Y has just travelled from a different city to meet X.;travelling_to_meet_someone;454;Looking forward to this weekend?;I have been dreading it.;He is unpleasant about the weekend, leading to the lack of enthusiasm for its arrival.;['Yes', 'No', 'Yes, subject to some conditions', 'In the middle, neither yes nor no', 'Other'];No
487;Y has just moved into a neighbourhood and meets his/her new neighbour X.;meeting_new_neighbour;455;Are you new to this city?;I've been here all my life.;The place is very familiar for her, she has been there for significant long period of time.;['Yes', 'No', 'Yes, subject to some conditions', 'In the middle, neither yes nor no', 'Other'];No
488;Y has just travelled from a different city to meet X.;travelling_to_meet_someone;456;Want to go dancing tomorrow night?;I'd rather see a movie.;He prefer to see a movie rather than attending dance party because he is not willing to dance.;['Yes', 'No', 'Yes, subject to some conditions', 'In the middle, neither yes nor no', 'Other'];No
489;X wants to know what activities Y likes to do during weekends.;weekend_activities;457;Do you play golf on weekends?;I vowed I'd never play golf.;She has no interest in playing golf and she made a strong commitment to never play golf.;['Yes', 'No', 'Yes, subject to some conditions', 'In the middle, neither yes nor no', 'Other'];No
490;X wants to know about Y's food preferences.;food_preferences;458;Are you on a budget?;I would be at the minute;He is currently on a budget and limiting his expenses at the moment.;['Yes', 'No', 'Yes, subject to some conditions', 'In the middle, neither yes nor no', 'Other'];Yes
491;Y has just told X that he/she is thinking of buying a flat in New York.;buying_a_flat;459;Do you own property already?;I would prefer to pay a mortgage more than rent.;She currently does not own property and rather having an option of paying a mortgage to own a property than being a tenant.;['Yes', 'No', 'Yes, subject to some conditions', 'In the middle, neither yes nor no', 'Other'];In the middle, neither yes nor no
492;X wants to know about Y's food preferences.;food_preferences;460;Do you like a variety of food?;I like eating good stuff.;He prioratize to have quality and taisty food rather than variety of food.;['Yes', 'No', 'Yes, subject to some conditions', 'In the middle, neither yes nor no', 'Other'];In the middle, neither yes nor no
493;X wants to know about Y's music preferences.;music_preferences;461;Have you been to a concert this month?;I went to one last night.;She is likely a fan of live music and she already attended one last night.;['Yes', 'No', 'Yes, subject to some conditions', 'In the middle, neither yes nor no', 'Other'];Yes
494;X wants to know about Y's food preferences.;food_preferences;462;Do you like steak?;Only if it's cooked rare.;He enjoys eating steak but he is very specific in its tsate and cooking style.;['Yes', 'No', 'Yes, subject to some conditions', 'In the middle, neither yes nor no', 'Other'];Yes, subject to some conditions
495;Y has just told X that he/she is thinking of buying a flat in New York.;buying_a_flat;463;Does it have to be in the city itself?;It can be on the outskirts;The location under discussion does not necessarily within the city itself, instead it can be situated outside the city.;['Yes', 'No', 'Yes, subject to some conditions', 'In the middle, neither yes nor no', 'Other'];No
496;Y has just travelled from a different city to meet X.;travelling_to_meet_someone;464;Want to go to the cinema?;I'd prefer to see the sights.;She prefer to have outdoor activities like sight seeing rather than going to the cinema.;['Yes', 'No', 'Yes, subject to some conditions', 'In the middle, neither yes nor no', 'Other'];No
497;X and Y are colleagues who are leaving work on a Friday at the same time.;colleagues_leaving_work;465;Do you have a date?;I'm meeting my kids.;Currently He is not interested in dating, instead he focused on spending time with his kids.;['Yes', 'No', 'Yes, subject to some conditions', 'In the middle, neither yes nor no', 'Other'];No
498;Y has just told X that he/she is thinking of buying a flat in New York.;buying_a_flat;466;Is is close to the Subway station?;It's just down the street.;it's just a short distance between the place they are referring to and the nearby subway station.;['Yes', 'No', 'Yes, subject to some conditions', 'In the middle, neither yes nor no', 'Other'];Yes
499;Y has just moved into a neighbourhood and meets his/her new neighbour X.;meeting_new_neighbour;467;Want to go to the park?;I don't have time at the moment.;She wish to go to park but she don't have enough time to spend;['Yes', 'No', 'Yes, subject to some conditions', 'In the middle, neither yes nor no', 'Other'];No
500;Y has just told X that he/she is thinking of buying a flat in New York.;buying_a_flat;468;Will you have to share the flat with anyone?;I'm excited to live on my own.;He prefer to stay alone rather than share the living space with anyone.;['Yes', 'No', 'Yes, subject to some conditions', 'In the middle, neither yes nor no', 'Other'];No
501;Y has just told X that he/she is considering switching his/her job.;switching_jobs;469;Do you like to have a flexible schedule or are regular hours better for you?;I prefer a rigid routine;She like to work in a rigid schedule because she knows that flexible schedule will encourage her to become lazy.;['Yes', 'No', 'Yes, subject to some conditions', 'In the middle, neither yes nor no', 'Other'];Other
502;X wants to know about Y's food preferences.;food_preferences;470;did you enjoy the sushi bar?;I want to eat there more often.;He find comfortable in sushi bar and most often sushi bar is his first option for having outside food.;['Yes', 'No', 'Yes, subject to some conditions', 'In the middle, neither yes nor no', 'Other'];Yes
503;X wants to know about Y's music preferences.;music_preferences;471;Do you often listen to pop music?;I prefer jazz.;She is not really interested in pop but she prefer jazz music.;['Yes', 'No', 'Yes, subject to some conditions', 'In the middle, neither yes nor no', 'Other'];No
504;X wants to know what sorts of books Y likes to read.;book_preferences;472;Do you like novels based in World War 2?;I love any war novels.;He is a great fan of any war novels which includes Word War 2 also.;['Yes', 'No', 'Yes, subject to some conditions', 'In the middle, neither yes nor no', 'Other'];Yes
505;X and Y are childhood neighbours who unexpectedly run into each other at a cafe.;meeting_childhood_neighbour;473;Do your remember our block fondly?;I enjoyed living there;It was an enjoyable experieice in her past living situation and still she recollect it pleasantly.;['Yes', 'No', 'Yes, subject to some conditions', 'In the middle, neither yes nor no', 'Other'];Yes
506;X wants to know what activities Y likes to do during weekends.;weekend_activities;474;Do you prefer being indoors?;When it's wet outside.;He prefers being indoors specifically during the rainy weather.;['Yes', 'No', 'Yes, subject to some conditions', 'In the middle, neither yes nor no', 'Other'];Yes, subject to some conditions
507;X and Y are colleagues who are leaving work on a Friday at the same time.;colleagues_leaving_work;475;Want to grab a drink?;Let's do happy hour.;She is open to the idea of grabbing a drink but she prefer to join during happy hour.;['Yes', 'No', 'Yes, subject to some conditions', 'In the middle, neither yes nor no', 'Other'];Yes, subject to some conditions
508;X wants to know what sorts of books Y likes to read.;book_preferences;476;Do you prefer happy endings?;I can only handle good endings.;He prefer only happy ending books.;['Yes', 'No', 'Yes, subject to some conditions', 'In the middle, neither yes nor no', 'Other'];Yes
509;Y has just told X that he/she is thinking of buying a flat in New York.;buying_a_flat;477;Is it in a safe area?;The neighborhood doesn't see much crime.;Comparitively the current living area is safe area because there crime rate is really low.;['Yes', 'No', 'Yes, subject to some conditions', 'In the middle, neither yes nor no', 'Other'];Yes
510;X and Y are childhood neighbours who unexpectedly run into each other at a cafe.;meeting_childhood_neighbour;478;Did you go to college near here?;I went to NU.;She attended college at NU which is away from the current location.;['Yes', 'No', 'Yes, subject to some conditions', 'In the middle, neither yes nor no', 'Other'];In the middle, neither yes nor no
511;X and Y are colleagues who are leaving work on a Friday at the same time.;colleagues_leaving_work;479;Do you want to grab some food?;If we go to a vegetarian place.;He is hungry and want to have only vegitaian food.;['Yes', 'No', 'Yes, subject to some conditions', 'In the middle, neither yes nor no', 'Other'];Yes, subject to some conditions
512;X wants to know what sorts of books Y likes to read.;book_preferences;480;Are you a fan of classic literature?;I think I have read much of what would be considered \\classic lit\\, but now adays I chose more current reads.;She was a great fan of classic literature but now she changed her preference to current affairs.;['Yes', 'No', 'Yes, subject to some conditions', 'In the middle, neither yes nor no', 'Other'];In the middle, neither yes nor no
513;X wants to know what activities Y likes to do during weekends.;weekend_activities;481;Do you like being creative?;I like to draw.;He like creative art such as drawing.;['Yes', 'No', 'Yes, subject to some conditions', 'In the middle, neither yes nor no', 'Other'];Yes
514;X and Y are childhood neighbours who unexpectedly run into each other at a cafe.;meeting_childhood_neighbour;482;Does it feel strange to see me again?;It's weird.;Their meeting was unexpected and the encounter has brought up the feeling of discomfort for her.;['Yes', 'No', 'Yes, subject to some conditions', 'In the middle, neither yes nor no', 'Other'];Yes
515;Y has just moved into a neighbourhood and meets his/her new neighbour X.;meeting_new_neighbour;483;Do you own a pet?;My dog is my best friend.;He loves pets and his dog is his best friend.;['Yes', 'No', 'Yes, subject to some conditions', 'In the middle, neither yes nor no', 'Other'];Yes
516;Y has just told X that he/she is considering switching his/her job.;switching_jobs;484;Want to work for another company?;I want to start my own business.;He is planning to have a start up rather than working in another company.;['Yes', 'No', 'Yes, subject to some conditions', 'In the middle, neither yes nor no', 'Other'];No
517;Y has just told X that he/she is thinking of buying a flat in New York.;buying_a_flat;485;Would you be interested in buying a loft?;If I could afford it.;She is interested in buying a loft but she is much concerned about her financial situation.;['Yes', 'No', 'Yes, subject to some conditions', 'In the middle, neither yes nor no', 'Other'];Yes, subject to some conditions
518;X wants to know about Y's music preferences.;music_preferences;486;Do you like going to gigs?;Only when someone I know is playing.;Generally, she don't like gigs but she can enjoy it when someone from her known list is playing.;['Yes', 'No', 'Yes, subject to some conditions', 'In the middle, neither yes nor no', 'Other'];Yes, subject to some conditions
519;Y has just travelled from a different city to meet X.;travelling_to_meet_someone;487;Wanna go for some Chinese food?;If we can share a couple of entrees.;He is interested for chinese food but he would like to share dishes, so that he can try variety of dishes.;['Yes', 'No', 'Yes, subject to some conditions', 'In the middle, neither yes nor no', 'Other'];Yes, subject to some conditions
520;X and Y are childhood neighbours who unexpectedly run into each other at a cafe.;meeting_childhood_neighbour;488;Are your parents still living in your childhood house?;They moved last year;They lived for a long time in her childhood house but last year they relocated to some where else.;['Yes', 'No', 'Yes, subject to some conditions', 'In the middle, neither yes nor no', 'Other'];No
521;X wants to know what activities Y likes to do during weekends.;weekend_activities;489;Are you in any weekend leisure sports teams?;I'm in a city volleyball league.;He enjoy playing volleyball as part of city league in weekend leisure time.;['Yes', 'No', 'Yes, subject to some conditions', 'In the middle, neither yes nor no', 'Other'];Yes
522;Y has just travelled from a different city to meet X.;travelling_to_meet_someone;490;Would you like to go to the movies tonight?;I'm open to it.;She is willing to go to the movies tonight.;['Yes', 'No', 'Yes, subject to some conditions', 'In the middle, neither yes nor no', 'Other'];Yes
523;X and Y are colleagues who are leaving work on a Friday at the same time.;colleagues_leaving_work;491;Are you going out tonight?;I am not;Today, he is not at all interestes for an outing rather he planned to stay back at home.;['Yes', 'No', 'Yes, subject to some conditions', 'In the middle, neither yes nor no', 'Other'];No
524;X and Y are childhood neighbours who unexpectedly run into each other at a cafe.;meeting_childhood_neighbour;492;Have you gone by to see your old house?;I saw they tore it down.;She visited the location where her old house used to be and find it demolished.;['Yes', 'No', 'Yes, subject to some conditions', 'In the middle, neither yes nor no', 'Other'];Yes
525;Y has just moved into a neighbourhood and meets his/her new neighbour X.;meeting_new_neighbour;493;Do you enjoy sports?;Only team sports.;He enjoys participating in sports activities, but he specifically prefer team sports over individual sports.;['Yes', 'No', 'Yes, subject to some conditions', 'In the middle, neither yes nor no', 'Other'];Yes, subject to some conditions
526;X wants to know about Y's food preferences.;food_preferences;494;Do you like vegan food?;I always feel good about plant based.;She likes vegan food because he feels positive about eating plant-based food.;['Yes', 'No', 'Yes, subject to some conditions', 'In the middle, neither yes nor no', 'Other'];Yes
527;Y has just travelled from a different city to meet X.;travelling_to_meet_someone;495;Want to go see a movie?;I'm down.;He is interested and willing to go see a movie.;['Yes', 'No', 'Yes, subject to some conditions', 'In the middle, neither yes nor no', 'Other'];Yes
528;X and Y are childhood neighbours who unexpectedly run into each other at a cafe.;meeting_childhood_neighbour;496;Have you stayed in contact with any of our other friends?;There are a few a speak to online.;She is in contact with a few of their friends.;['Yes', 'No', 'Yes, subject to some conditions', 'In the middle, neither yes nor no', 'Other'];Yes
529;Y has just told X that he/she is considering switching his/her job.;switching_jobs;497;Are you willing to do any contract work?;If the pay is high enough.;He expect a high payment for his work and his decision for taking a contract work depends on the compensation offered.;['Yes', 'No', 'Yes, subject to some conditions', 'In the middle, neither yes nor no', 'Other'];Yes, subject to some conditions
530;X wants to know what sorts of books Y likes to read.;book_preferences;498;Do you like short stories?;I prefer a long book.;She enjoys reading long books rather than short stories.;['Yes', 'No', 'Yes, subject to some conditions', 'In the middle, neither yes nor no', 'Other'];No
531;Y has just travelled from a different city to meet X.;travelling_to_meet_someone;499;Do you plan to see your friend during this visit?;I hope I see them;He has a plan to visit his friend during this visit.;['Yes', 'No', 'Yes, subject to some conditions', 'In the middle, neither yes nor no', 'Other'];Yes
532;X and Y are colleagues who are leaving work on a Friday at the same time.;colleagues_leaving_work;500;Want to grab something to eat?;Let's get tacos.;She is hungry and ready to grab food, specifically tacos.;['Yes', 'No', 'Yes, subject to some conditions', 'In the middle, neither yes nor no', 'Other'];Yes
533;Y has just told X that he/she is thinking of buying a flat in New York.;buying_a_flat;501;Would you like a building with a doorman?;That would be nice;He would welcome the idea of having a bulding with a doorman.;['Yes', 'No', 'Yes, subject to some conditions', 'In the middle, neither yes nor no', 'Other'];Yes
534;X wants to know what sorts of books Y likes to read.;book_preferences;502;Do you like illustrations?;Pictures make a book more interesting.;She like book with illustrations because she believe that illustration improve the readability of the book.;['Yes', 'No', 'Yes, subject to some conditions', 'In the middle, neither yes nor no', 'Other'];Yes
535;X and Y are colleagues who are leaving work on a Friday at the same time.;colleagues_leaving_work;503;Want to go get a drink??;I want to have 3 drinks.;He is really enthusiastic to have drink and he demands for 3 drinks instead of 1.;['Yes', 'No', 'Yes, subject to some conditions', 'In the middle, neither yes nor no', 'Other'];Yes
536;X wants to know what sorts of books Y likes to read.;book_preferences;504;Are you an avid reader?;I read constantly.;She daily managed to get time for reading in regular basis.;['Yes', 'No', 'Yes, subject to some conditions', 'In the middle, neither yes nor no', 'Other'];Yes
537;X wants to know about Y's food preferences.;food_preferences;505;Do you mind seafood?;I'm in the mood for crab legs.;He likes seafood and at present he is interested to have crab leg.;['Yes', 'No', 'Yes, subject to some conditions', 'In the middle, neither yes nor no', 'Other'];No
538;X wants to know about Y's food preferences.;food_preferences;506;Do you like eating fast food?;I do not eat fast food.;She likes fast food but he is strictly prohibited from consuming fast food because of some health issues.;['Yes', 'No', 'Yes, subject to some conditions', 'In the middle, neither yes nor no', 'Other'];No
539;Y has just travelled from a different city to meet X.;travelling_to_meet_someone;507;Do you want to go to the mall?;I hate shopping.;He do not want to go mall for the purpose of shopping because he hate offline shopping.;['Yes', 'No', 'Yes, subject to some conditions', 'In the middle, neither yes nor no', 'Other'];No
540;X wants to know about Y's music preferences.;music_preferences;508;Would you want to go to see Garth Brooks tomorrow?;that would bencie;She is happy and willing to join the plan to see Garth Brooks tomorrow.;['Yes', 'No', 'Yes, subject to some conditions', 'In the middle, neither yes nor no', 'Other'];Yes
541;X wants to know about Y's music preferences.;music_preferences;509;Do you still play guitar?;I ended up selling my guitar to pay for textbooks.;He no longer plays the guitar because he had to sell it to meet the textbook expenses.;['Yes', 'No', 'Yes, subject to some conditions', 'In the middle, neither yes nor no', 'Other'];No
542;X wants to know what sorts of books Y likes to read.;book_preferences;510;Do you like mysteries?;I only read them once in a while.;She is not a fan of mysteries and ahe rarely read that genre.;['Yes', 'No', 'Yes, subject to some conditions', 'In the middle, neither yes nor no', 'Other'];Yes
543;X wants to know what sorts of books Y likes to read.;book_preferences;511;Do like readers digest?;I've never gotten into them.;He has no interest in reading Reader's Digest.;['Yes', 'No', 'Yes, subject to some conditions', 'In the middle, neither yes nor no', 'Other'];No
544;Y has just moved into a neighbourhood and meets his/her new neighbour X.;meeting_new_neighbour;512;Have you lived here very long?;I moved in 6 months ago.;She just have a 6 months familiarity with the place.;['Yes', 'No', 'Yes, subject to some conditions', 'In the middle, neither yes nor no', 'Other'];No
545;Y has just travelled from a different city to meet X.;travelling_to_meet_someone;513;Do you want to go sightseeing this weekend?;That would be nice;He is open to the plan of sightseeing in this weekend.;['Yes', 'No', 'Yes, subject to some conditions', 'In the middle, neither yes nor no', 'Other'];Yes
546;X and Y are childhood neighbours who unexpectedly run into each other at a cafe.;meeting_childhood_neighbour;514;Are you working nearby?;I work in this building.;She is working in the same building itself, just a wall away.;['Yes', 'No', 'Yes, subject to some conditions', 'In the middle, neither yes nor no', 'Other'];Yes
547;X and Y are childhood neighbours who unexpectedly run into each other at a cafe.;meeting_childhood_neighbour;482;Does it feel strange to see me again?;If feels great to see you again.;He is happy with the surprise meeting.;['Yes', 'No', 'Yes, subject to some conditions', 'In the middle, neither yes nor no', 'Other'];No
548;X and Y are colleagues who are leaving work on a Friday at the same time.;colleagues_leaving_work;515;Is it the end of the day already?;It's hard to believe.;The work load of the day was such a way that that he was no idea about passing of time.;['Yes', 'No', 'Yes, subject to some conditions', 'In the middle, neither yes nor no', 'Other'];Yes
549;Y has just travelled from a different city to meet X.;travelling_to_meet_someone;516;Want to see a sports game?;If we can see the Rockets play.;She has a preference for watching a specific team play in basketball.;['Yes', 'No', 'Yes, subject to some conditions', 'In the middle, neither yes nor no', 'Other'];Yes, subject to some conditions
550;X and Y are colleagues who are leaving work on a Friday at the same time.;colleagues_leaving_work;465;Do you have a date?;I have a date with my wife.;He is married and at present he is keeping date with his wife.;['Yes', 'No', 'Yes, subject to some conditions', 'In the middle, neither yes nor no', 'Other'];Yes
551;X wants to know about Y's food preferences.;food_preferences;517;Do you like food served at fast food restaurants?;I prefer salads.;She enjoys healthier food, like salads, over the fast food.;['Yes', 'No', 'Yes, subject to some conditions', 'In the middle, neither yes nor no', 'Other'];No
552;X wants to know what sorts of books Y likes to read.;book_preferences;518;Do you like books about astrology?;I don't believe in that stuff.;He is not into the astrology genre because he is unable to find it convincing.;['Yes', 'No', 'Yes, subject to some conditions', 'In the middle, neither yes nor no', 'Other'];No
553;Y has just told X that he/she is thinking of buying a flat in New York.;buying_a_flat;519;Are you thinking of moving soon?;I want to move by the end of the year.;She has already scheduled  to relocate at the end of the year than moving soon.;['Yes', 'No', 'Yes, subject to some conditions', 'In the middle, neither yes nor no', 'Other'];Yes
554;X wants to know what sorts of books Y likes to read.;book_preferences;520;Are you into novels with a complicated plot?;I like something simple.;He has not at all interested in reading complicated theme novels but she enjoys simple concepts.;['Yes', 'No', 'Yes, subject to some conditions', 'In the middle, neither yes nor no', 'Other'];No
555;X wants to know about Y's food preferences.;food_preferences;521;Are you a fan of foreign food?;It depends on where it's from.;Her food preference is specifically depends on the region it orginates from, indicate she is a fan of foreign food.;['Yes', 'No', 'Yes, subject to some conditions', 'In the middle, neither yes nor no', 'Other'];Yes, subject to some conditions
556;X and Y are colleagues who are leaving work on a Friday at the same time.;colleagues_leaving_work;522;Is your family going skiing this weekend?;If the kids get over their colds.;He has weekend for plan skiing but at present his kids are having cold and he is waiting for get it over.;['Yes', 'No', 'Yes, subject to some conditions', 'In the middle, neither yes nor no', 'Other'];Yes, subject to some conditions
557;X and Y are colleagues who are leaving work on a Friday at the same time.;colleagues_leaving_work;523;Do you have plans for this evening?;Not unless my friend answers my text.;Her evening plan is totally depends upon the convenience of her friend and she is waiting for the response in order to plan accordingly.;['Yes', 'No', 'Yes, subject to some conditions', 'In the middle, neither yes nor no', 'Other'];Yes, subject to some conditions
558;Y has just told X that he/she is thinking of buying a flat in New York.;buying_a_flat;524;Are you comfortable with a busy city?;I can handle it.;He is comfortable and believe that he can manage fast-paced and crowded nature of the urban areas.;['Yes', 'No', 'Yes, subject to some conditions', 'In the middle, neither yes nor no', 'Other'];Yes
559;Y has just travelled from a different city to meet X.;travelling_to_meet_someone;525;Do you like to go shopping?;I don't have a lot of spare cash.;She is running with a limited budget, so she is hesitated to go for shopping.;['Yes', 'No', 'Yes, subject to some conditions', 'In the middle, neither yes nor no', 'Other'];No
560;X wants to know what activities Y likes to do during weekends.;weekend_activities;526;Do you eat out for the weekends?;It depends on whether I have any spare cash.;His decision to eat out on weekends is influenced by his financial situation.;['Yes', 'No', 'Yes, subject to some conditions', 'In the middle, neither yes nor no', 'Other'];Yes, subject to some conditions
561;X and Y are colleagues who are leaving work on a Friday at the same time.;colleagues_leaving_work;527;Are you doing something fun this weekend?;We're going to the zoo.;She has planned to do something enjoyable over the weekend, specifically visiting the zoo.;['Yes', 'No', 'Yes, subject to some conditions', 'In the middle, neither yes nor no', 'Other'];Yes
562;X wants to know about Y's food preferences.;food_preferences;528;Do you like Chinese food?;I prefer Thai.;He prefer to have Thai food rather than Chinese food.;['Yes', 'No', 'Yes, subject to some conditions', 'In the middle, neither yes nor no', 'Other'];No
563;Y has just told X that he/she is thinking of buying a flat in New York.;buying_a_flat;529;Do you like spacious apartments?;I think it's great;He appreciate to have a spacious apartment.;['Yes', 'No', 'Yes, subject to some conditions', 'In the middle, neither yes nor no', 'Other'];Yes
564;Y has just travelled from a different city to meet X.;travelling_to_meet_someone;530;Would you like something more exotic?;I think I might;She is open to trying something more exotic.;['Yes', 'No', 'Yes, subject to some conditions', 'In the middle, neither yes nor no', 'Other'];Yes
565;X and Y are childhood neighbours who unexpectedly run into each other at a cafe.;meeting_childhood_neighbour;531;You get that job?;I'm on the shortlist;She is in the shortlisted candidate list but she has not yet recevied a final decision from them.;['Yes', 'No', 'Yes, subject to some conditions', 'In the middle, neither yes nor no', 'Other'];In the middle, neither yes nor no
566;X wants to know about Y's music preferences.;music_preferences;532;Are you going to see Elton John's farewell tour?;I think I'll watch the DVD when it comes out.;He has no plan to attend Elton John's farewell tour in person but intends to watch a recorded version of the performance on DVD.;['Yes', 'No', 'Yes, subject to some conditions', 'In the middle, neither yes nor no', 'Other'];No
567;Y has just told X that he/she is thinking of buying a flat in New York.;buying_a_flat;533;Will you be working there?;I just found a job in Soho.;He was unemployed and recently secured a job in Soho.;['Yes', 'No', 'Yes, subject to some conditions', 'In the middle, neither yes nor no', 'Other'];Yes
568;X and Y are childhood neighbours who unexpectedly run into each other at a cafe.;meeting_childhood_neighbour;534;You have any kids?;My daughters was just born last week.;She has a one week old baby.;['Yes', 'No', 'Yes, subject to some conditions', 'In the middle, neither yes nor no', 'Other'];Yes
569;X and Y are colleagues who are leaving work on a Friday at the same time.;colleagues_leaving_work;535;Will you be having a lie in in the morning?;I am going to sleep all weekend.;His had a very tiring week and he is planning to have a sleep all weekend.;['Yes', 'No', 'Yes, subject to some conditions', 'In the middle, neither yes nor no', 'Other'];Yes
570;X wants to know about Y's food preferences.;food_preferences;536;Do you like to dine in?;I order takeout 5 times a week.;She prefer to order in food delivery services rather than dinning in at home or restaurant.;['Yes', 'No', 'Yes, subject to some conditions', 'In the middle, neither yes nor no', 'Other'];Yes
571;Y has just told X that he/she is thinking of buying a flat in New York.;buying_a_flat;537;Are you looking for a newer flat?;Newer properties need less maintenance than older ones.;She prefer to look for newer flat rather than older ones because compared to older its maintenance cost is less.;['Yes', 'No', 'Yes, subject to some conditions', 'In the middle, neither yes nor no', 'Other'];Yes
572;X and Y are colleagues who are leaving work on a Friday at the same time.;colleagues_leaving_work;538;Hey are you seeing that new movie this weekend?;If I have time;He likes to see that movie in this weekend but he is not sure about the availability of time.;['Yes', 'No', 'Yes, subject to some conditions', 'In the middle, neither yes nor no', 'Other'];Yes, subject to some conditions
573;X and Y are colleagues who are leaving work on a Friday at the same time.;colleagues_leaving_work;538;Hey are you seeing that new movie this weekend?;If I have time;He likes to see that movie in this weekend but he is not sure about the availability of time.;['Yes', 'No', 'Yes, subject to some conditions', 'In the middle, neither yes nor no', 'Other'];Yes, subject to some conditions
574;X and Y are childhood neighbours who unexpectedly run into each other at a cafe.;meeting_childhood_neighbour;539;Do you live here now?;I don't live here any more.;She used to live in the mentioned location but currently does not reside there.;['Yes', 'No', 'Yes, subject to some conditions', 'In the middle, neither yes nor no', 'Other'];No
575;X and Y are colleagues who are leaving work on a Friday at the same time.;colleagues_leaving_work;540;Have you got the energy to party tonight?;Sorry, I'm too tired.;He is totally tired and currently lacks the energy to engage in a party to night.;['Yes', 'No', 'Yes, subject to some conditions', 'In the middle, neither yes nor no', 'Other'];No
576;X and Y are colleagues who are leaving work on a Friday at the same time.;colleagues_leaving_work;541;Would you like to walk out together?;That would be nice.;He is open to the idea of walking out together.;['Yes', 'No', 'Yes, subject to some conditions', 'In the middle, neither yes nor no', 'Other'];Yes
577;X and Y are colleagues who are leaving work on a Friday at the same time.;colleagues_leaving_work;475;Want to grab a drink?;Maybe next week.;At present, she is not interested to have a drink but she is ready for next week.;['Yes', 'No', 'Yes, subject to some conditions', 'In the middle, neither yes nor no', 'Other'];Yes, subject to some conditions
578;Y has just told X that he/she is considering switching his/her job.;switching_jobs;542;Do you often feel unchallenged at work?;I have plenty to do.;She does not feel unchallenged because she has enough tasks and responsibilities to keep her occupied and engaged.;['Yes', 'No', 'Yes, subject to some conditions', 'In the middle, neither yes nor no', 'Other'];No
579;Y has just travelled from a different city to meet X.;travelling_to_meet_someone;431;Do you still like hiking?;Not as much as I used to.;He used to enjoy hiking more in the past, but his interest for hiking has decreased over time.;['Yes', 'No', 'Yes, subject to some conditions', 'In the middle, neither yes nor no', 'Other'];No
580;X wants to know about Y's food preferences.;food_preferences;543;Do you like spicy food?;I'll try anything once.;She is not opposed to trying spicy food and is willing to give it a chance.;['Yes', 'No', 'Yes, subject to some conditions', 'In the middle, neither yes nor no', 'Other'];In the middle, neither yes nor no
581;Y has just moved into a neighbourhood and meets his/her new neighbour X.;meeting_new_neighbour;544;Are you staying long-term?;My job contract is only a year.;His current plan is limited to one year due to their job contract.;['Yes', 'No', 'Yes, subject to some conditions', 'In the middle, neither yes nor no', 'Other'];No
582;Y has just told X that he/she is thinking of buying a flat in New York.;buying_a_flat;545;When will you close on the property?;I closed last week.;She has already completed the process of purchasing the property.;['Yes', 'No', 'Yes, subject to some conditions', 'In the middle, neither yes nor no', 'Other'];Other
583;X and Y are colleagues who are leaving work on a Friday at the same time.;colleagues_leaving_work;546;Got any plans?;I'm seeing friends this weekend.;He has a plan to visit friends this weekend.;['Yes', 'No', 'Yes, subject to some conditions', 'In the middle, neither yes nor no', 'Other'];Yes
584;Y has just travelled from a different city to meet X.;travelling_to_meet_someone;547;Are you staying for the weekend?;I'll be here through Monday.;She will be staying in the current location until Monday.;['Yes', 'No', 'Yes, subject to some conditions', 'In the middle, neither yes nor no', 'Other'];Yes
585;Y has just moved into a neighbourhood and meets his/her new neighbour X.;meeting_new_neighbour;548;Do you have family that will live here too?;I think they might stay behind;His family members are not planning to live in the same locathin.;['Yes', 'No', 'Yes, subject to some conditions', 'In the middle, neither yes nor no', 'Other'];No
586;X wants to know what activities Y likes to do during weekends.;weekend_activities;549;Have you been to the new bar downtown?;I haven't heard of it;He has not been to the new bar downtown because he not even heard of it.;['Yes', 'No', 'Yes, subject to some conditions', 'In the middle, neither yes nor no', 'Other'];No
587;X wants to know about Y's music preferences.;music_preferences;550;Do you play the cello?;I played it at school;She used to play cello during her school time.;['Yes', 'No', 'Yes, subject to some conditions', 'In the middle, neither yes nor no', 'Other'];Yes
588;X and Y are colleagues who are leaving work on a Friday at the same time.;colleagues_leaving_work;551;Are you leaving town for the weekend?;I'll be back on Monday night.;She already have weekend trip plan and he will return only on Monday.;['Yes', 'No', 'Yes, subject to some conditions', 'In the middle, neither yes nor no', 'Other'];Yes
589;X and Y are colleagues who are leaving work on a Friday at the same time.;colleagues_leaving_work;552;Are you going to the gym?;I'll wait and go tomorrow.;She is not going to the gym at the present moment, but she plan to go tomorrow.;['Yes', 'No', 'Yes, subject to some conditions', 'In the middle, neither yes nor no', 'Other'];Yes, subject to some conditions
590;X wants to know what sorts of books Y likes to read.;book_preferences;553;Do you enjoy biographies?;Dolly Parton is a great read.;She enjoys biographies, especially Dolly Parton.;['Yes', 'No', 'Yes, subject to some conditions', 'In the middle, neither yes nor no', 'Other'];Yes
591;X and Y are colleagues who are leaving work on a Friday at the same time.;colleagues_leaving_work;554;Have you got any plans tonight?;I am free tonight;He do not have any plan for tonight.;['Yes', 'No', 'Yes, subject to some conditions', 'In the middle, neither yes nor no', 'Other'];No
592;X and Y are childhood neighbours who unexpectedly run into each other at a cafe.;meeting_childhood_neighbour;555;Do you have any memberships to fitness club?;I belong to the one at the city park.;She love to follow fitness routine and she have membership in city park fitness club.;['Yes', 'No', 'Yes, subject to some conditions', 'In the middle, neither yes nor no', 'Other'];Yes
593;Y has just told X that he/she is considering switching his/her job.;switching_jobs;556;Does it pay better?;If it didn't I wouldn't be considering it.;It pay better because he consider only better pay job.;['Yes', 'No', 'Yes, subject to some conditions', 'In the middle, neither yes nor no', 'Other'];Yes
594;X and Y are colleagues who are leaving work on a Friday at the same time.;colleagues_leaving_work;557;Did you finish your big project?;I'm waiting on my team to contact me.;He hope his team finished the big project but he hasn't received a confirmation call from them.;['Yes', 'No', 'Yes, subject to some conditions', 'In the middle, neither yes nor no', 'Other'];In the middle, neither yes nor no
595;X wants to know what activities Y likes to do during weekends.;weekend_activities;558;Do you like going to the library?;When I have time.;Reading is not in her priority, so he visit library only when he has enough time.;['Yes', 'No', 'Yes, subject to some conditions', 'In the middle, neither yes nor no', 'Other'];Yes, subject to some conditions
596;X wants to know about Y's music preferences.;music_preferences;559;Are you going to any concerts this year?;I hope to be at one every weekend.;He wish to attend concerts every concerts but he is not able to manage time for that.;['Yes', 'No', 'Yes, subject to some conditions', 'In the middle, neither yes nor no', 'Other'];Yes
597;X wants to know what sorts of books Y likes to read.;book_preferences;560;Do you like murder mystery books?;I prefer non-fiction.;Her preference lies with non-fiction books rather than murder mystery books;['Yes', 'No', 'Yes, subject to some conditions', 'In the middle, neither yes nor no', 'Other'];No
598;Y has just told X that he/she is thinking of buying a flat in New York.;buying_a_flat;561;Do you know how much rent is?;Everything will be expensive.;The rent is high or above average.;['Yes', 'No', 'Yes, subject to some conditions', 'In the middle, neither yes nor no', 'Other'];Yes
599;Y has just moved into a neighbourhood and meets his/her new neighbour X.;meeting_new_neighbour;562;Did you get the pool key?;Where's the pool?;He has no idea about the pool key.;['Yes', 'No', 'Yes, subject to some conditions', 'In the middle, neither yes nor no', 'Other'];No
600;X and Y are childhood neighbours who unexpectedly run into each other at a cafe.;meeting_childhood_neighbour;563;Did you dye your hair red?;I thought it would look better than my natural brown.;She believe the red colour hair will be more suitable for him, so he did it.;['Yes', 'No', 'Yes, subject to some conditions', 'In the middle, neither yes nor no', 'Other'];Yes
601;X wants to know about Y's food preferences.;food_preferences;564;Are you vegetarian?;I'll always pick the vegetarian option.;She is pure vegetarian.;['Yes', 'No', 'Yes, subject to some conditions', 'In the middle, neither yes nor no', 'Other'];Yes
602;X wants to know what activities Y likes to do during weekends.;weekend_activities;565;Do you enjoy musicals?;I prefer other types of theater.;He does not particularly enjoy musicals and instead has a preference for other genres of theater performances.;['Yes', 'No', 'Yes, subject to some conditions', 'In the middle, neither yes nor no', 'Other'];No
603;X and Y are childhood neighbours who unexpectedly run into each other at a cafe.;meeting_childhood_neighbour;566;Are you still at the same job?;Oh I'll probably never b leave there.;She is content with her current job and has no intention of leaving it in the foreseeable future.;['Yes', 'No', 'Yes, subject to some conditions', 'In the middle, neither yes nor no', 'Other'];Yes
604;X and Y are childhood neighbours who unexpectedly run into each other at a cafe.;meeting_childhood_neighbour;567;Did your parents stay in your childhood home?;It was lost in a fire.;His parents stay in another home because he lost his childhood home in fire.;['Yes', 'No', 'Yes, subject to some conditions', 'In the middle, neither yes nor no', 'Other'];No
605;Y has just told X that he/she is considering switching his/her job.;switching_jobs;568;Is your job too stressful?;I need a break from the stress.;She is having a stressful job and now she is in an exhausted situation.;['Yes', 'No', 'Yes, subject to some conditions', 'In the middle, neither yes nor no', 'Other'];Yes
606;Y has just told X that he/she is considering switching his/her job.;switching_jobs;569;It is about the pay?;Not completely;Pay might be a consideration but it is not the sole factor being discussed.;['Yes', 'No', 'Yes, subject to some conditions', 'In the middle, neither yes nor no', 'Other'];No
607;X wants to know about Y's music preferences.;music_preferences;570;Do you play the guitar?;I wish.;He wish to play guitar but he is not trained for it.;['Yes', 'No', 'Yes, subject to some conditions', 'In the middle, neither yes nor no', 'Other'];No
608;X wants to know about Y's food preferences.;food_preferences;571;Do you eat breakfast early in the morning?;I usually skip it.;As part of her diet, she normally avoid breakfast.;['Yes', 'No', 'Yes, subject to some conditions', 'In the middle, neither yes nor no', 'Other'];No
609;X wants to know what sorts of books Y likes to read.;book_preferences;572;Do you like reading biographies?;Some people led really fascinating lives.;He enjoy reading biographies because he likes to follow fascinating lives of others.;['Yes', 'No', 'Yes, subject to some conditions', 'In the middle, neither yes nor no', 'Other'];Yes
610;X wants to know what activities Y likes to do during weekends.;weekend_activities;573;Did you see the last Avengers movie in theaters?;It was really good.;She thoroughly enjoyed the Avengers movie in theatre.;['Yes', 'No', 'Yes, subject to some conditions', 'In the middle, neither yes nor no', 'Other'];Yes
611;X wants to know about Y's music preferences.;music_preferences;574;Are you into going to festivals?;Crowds aren't my thing.;He has no plan for joining festivals because he would like to stay away from crowds.;['Yes', 'No', 'Yes, subject to some conditions', 'In the middle, neither yes nor no', 'Other'];No
612;Y has just moved into a neighbourhood and meets his/her new neighbour X.;meeting_new_neighbour;575;Would you like to talk about sports?;I don't know much about sports.;She is not interested to talk about sports because sports is not her thing.;['Yes', 'No', 'Yes, subject to some conditions', 'In the middle, neither yes nor no', 'Other'];No
613;X wants to know what activities Y likes to do during weekends.;weekend_activities;576;Are you into History?;I like going to museums!;He likes to have knowledge about history.;['Yes', 'No', 'Yes, subject to some conditions', 'In the middle, neither yes nor no', 'Other'];Yes
614;Y has just moved into a neighbourhood and meets his/her new neighbour X.;meeting_new_neighbour;577;Do you enjoy spending time outside?;if the weather is nice;He would like to spending time at outdoor, if and only if the weather is pleasant.;['Yes', 'No', 'Yes, subject to some conditions', 'In the middle, neither yes nor no', 'Other'];Yes, subject to some conditions
615;X and Y are colleagues who are leaving work on a Friday at the same time.;colleagues_leaving_work;578;Would you like to meet me for a drink?;I think I can make it before Happy Hour ends.;She is interested in meeting for a drink but is trying to ensure she can arrive in time to take advantage of the Happy Hour pricing.;['Yes', 'No', 'Yes, subject to some conditions', 'In the middle, neither yes nor no', 'Other'];Yes
616;X wants to know about Y's food preferences.;food_preferences;579;Have you had pho?;I eat it often.;He enjoys pho and has it as a regular part of his diet.;['Yes', 'No', 'Yes, subject to some conditions', 'In the middle, neither yes nor no', 'Other'];Yes
617;X wants to know about Y's food preferences.;food_preferences;580;Are you into spicy food?;I can't handle spicy food;She is not at all able to affort spicy food.;['Yes', 'No', 'Yes, subject to some conditions', 'In the middle, neither yes nor no', 'Other'];No
618;Y has just moved into a neighbourhood and meets his/her new neighbour X.;meeting_new_neighbour;581;Is this somewhere you plan on living for a while?;I move often due to work.;He has no such plan because as part of his job, he has to do relocation regularly.;['Yes', 'No', 'Yes, subject to some conditions', 'In the middle, neither yes nor no', 'Other'];No
619;Y has just travelled from a different city to meet X.;travelling_to_meet_someone;582;Do you want to do something now?;Let's just chill for a moment;At present she is interested to take a short break for relaxing.;['Yes', 'No', 'Yes, subject to some conditions', 'In the middle, neither yes nor no', 'Other'];No
620;X and Y are colleagues who are leaving work on a Friday at the same time.;colleagues_leaving_work;583;Do you want a lift home?;I am getting a taxi later.;He doesn't need a lift home at the moment because he has plans for transportation.;['Yes', 'No', 'Yes, subject to some conditions', 'In the middle, neither yes nor no', 'Other'];No
621;X wants to know what sorts of books Y likes to read.;book_preferences;584;Do you like science fiction?;I prefer books set on Earth, not space.;She is not particularly interested in science fiction that takes place in outer space and prefer to read science related to earth.;['Yes', 'No', 'Yes, subject to some conditions', 'In the middle, neither yes nor no', 'Other'];No
622;X and Y are colleagues who are leaving work on a Friday at the same time.;colleagues_leaving_work;585;Will you be driving?;I'm going to hop o n the bus.;He is not confident in his driving, so he use public transporation for travel.;['Yes', 'No', 'Yes, subject to some conditions', 'In the middle, neither yes nor no', 'Other'];No
623;X wants to know about Y's music preferences.;music_preferences;586;Have you learned how to play an instrument?;I know how to play guitar and the kazoo at the same time.;He is a trained instrument player and has proficiency in playing guitar and kazoo together.;['Yes', 'No', 'Yes, subject to some conditions', 'In the middle, neither yes nor no', 'Other'];Yes
624;X and Y are colleagues who are leaving work on a Friday at the same time.;colleagues_leaving_work;557;Did you finish your big project?;It's still looming.;She has not finished her big project yet, and it is still in progress.;['Yes', 'No', 'Yes, subject to some conditions', 'In the middle, neither yes nor no', 'Other'];No
625;Y has just moved into a neighbourhood and meets his/her new neighbour X.;meeting_new_neighbour;587;Do you like cats?;I prefer dogs.;He prefer dogs rather than cats.;['Yes', 'No', 'Yes, subject to some conditions', 'In the middle, neither yes nor no', 'Other'];No
626;X and Y are colleagues who are leaving work on a Friday at the same time.;colleagues_leaving_work;588;Do you want to the movies?;I'm too tired.;Today was a hectic day for her, so she has no interest to watch movie today.;['Yes', 'No', 'Yes, subject to some conditions', 'In the middle, neither yes nor no', 'Other'];No
627;Y has just moved into a neighbourhood and meets his/her new neighbour X.;meeting_new_neighbour;589;Are you the first owners of this home?;We bought the home from another family.;He is not the first owner of the home.;['Yes', 'No', 'Yes, subject to some conditions', 'In the middle, neither yes nor no', 'Other'];No
628;Y has just travelled from a different city to meet X.;travelling_to_meet_someone;454;Looking forward to this weekend?;I've been eager for it.;She has nice plans for the weekends and is eagerly waiting for the weekend.;['Yes', 'No', 'Yes, subject to some conditions', 'In the middle, neither yes nor no', 'Other'];Yes
629;Y has just travelled from a different city to meet X.;travelling_to_meet_someone;590;Have you tried the tex mex here?;I didn't know they had that.;He hasn't tried because he was not even aware of the availability of Tex Mex cuisine in that specific location.;['Yes', 'No', 'Yes, subject to some conditions', 'In the middle, neither yes nor no', 'Other'];No
630;X wants to know what sorts of books Y likes to read.;book_preferences;591;Are you a fan of vampires?;Twilight slays me.;She is expressing enthusiasm in the Twilight series, which is a vampire-themed book.;['Yes', 'No', 'Yes, subject to some conditions', 'In the middle, neither yes nor no', 'Other'];Yes
631;Y has just travelled from a different city to meet X.;travelling_to_meet_someone;592;Did you already eat?;I got a hamburger on the way.;He was very hungry and had a hamburger recently.;['Yes', 'No', 'Yes, subject to some conditions', 'In the middle, neither yes nor no', 'Other'];Yes
632;X wants to know about Y's music preferences.;music_preferences;593;Does your favorite music need to have a good beat to dance too?;When I'm feeling energetic.;She enjoys music with a good beat, especially when she is in an energetic mood and feel like dancing to it.;['Yes', 'No', 'Yes, subject to some conditions', 'In the middle, neither yes nor no', 'Other'];Yes, subject to some conditions
633;Y has just told X that he/she is considering switching his/her job.;switching_jobs;594;Do you get on with your current colleagues?;most of them I do;He generally has good relationships with the majority of their current colleagues, but there might be a few exceptions.;['Yes', 'No', 'Yes, subject to some conditions', 'In the middle, neither yes nor no', 'Other'];Yes
634;X and Y are childhood neighbours who unexpectedly run into each other at a cafe.;meeting_childhood_neighbour;595;Are you married now?;Been married for two years.;She is currently married, and they have been in this marital status for the past two years.;['Yes', 'No', 'Yes, subject to some conditions', 'In the middle, neither yes nor no', 'Other'];Yes
635;X wants to know about Y's food preferences.;food_preferences;596;Have you ever tried vegan cuisine?;There's a great vegan spot I often go to for lunch.;He has not only tried vegan cuisine but also enjoys it enough to visit a specific vegan restaurant frequently for lunch.;['Yes', 'No', 'Yes, subject to some conditions', 'In the middle, neither yes nor no', 'Other'];Yes
636;X and Y are childhood neighbours who unexpectedly run into each other at a cafe.;meeting_childhood_neighbour;597;Do you still have your pet hamster?;She died a few years ago.;She no longer has the pet hamster, as it passed away some years ago.;['Yes', 'No', 'Yes, subject to some conditions', 'In the middle, neither yes nor no', 'Other'];No
637;Y has just told X that he/she is considering switching his/her job.;switching_jobs;598;Do you have a degree?;I have two degrees.;He enjoys learning and instead of one he has two degrees.;['Yes', 'No', 'Yes, subject to some conditions', 'In the middle, neither yes nor no', 'Other'];Yes
638;X and Y are childhood neighbours who unexpectedly run into each other at a cafe.;meeting_childhood_neighbour;599;Does your brother still live in the neighborhood?;he moved to another country;Her brother lived in the neighborhood for a long time but due to job he recently relocated to another country.;['Yes', 'No', 'Yes, subject to some conditions', 'In the middle, neither yes nor no', 'Other'];No
639;X wants to know about Y's music preferences.;music_preferences;600;Have you been to the 360 amphitheater?;I have never been there.;She has not visited the 360 Amphitheater before.;['Yes', 'No', 'Yes, subject to some conditions', 'In the middle, neither yes nor no', 'Other'];No
640;Y has just travelled from a different city to meet X.;travelling_to_meet_someone;601;Are you trying to keep to a budget?;That is the only choice.;He is trying to keep to a budget because it is the most suitable option for their financial situation.;['Yes', 'No', 'Yes, subject to some conditions', 'In the middle, neither yes nor no', 'Other'];Yes
641;X and Y are childhood neighbours who unexpectedly run into each other at a cafe.;meeting_childhood_neighbour;602;Have you moved since we last met?;I recently moved, last month.;She has moved to new location just last month which means after their last meeting.;['Yes', 'No', 'Yes, subject to some conditions', 'In the middle, neither yes nor no', 'Other'];Yes
642;X wants to know about Y's music preferences.;music_preferences;603;Have you seen any live performances lately?;I went to my cousin's piano recital last week.;He recently attended a live performance, which was his cousin's piano recital held last week.;['Yes', 'No', 'Yes, subject to some conditions', 'In the middle, neither yes nor no', 'Other'];Yes
643;X wants to know what activities Y likes to do during weekends.;weekend_activities;604;Are you into books?;I love to read contemporary fiction.;She has strong affinity in reading, specifically contemporary fiction.;['Yes', 'No', 'Yes, subject to some conditions', 'In the middle, neither yes nor no', 'Other'];Yes
644;X wants to know what activities Y likes to do during weekends.;weekend_activities;605;Would you like to go see a movie?;I am not in the mood.;Currently he is not interested to watch movies because he can enjoy films in a happy mood.;['Yes', 'No', 'Yes, subject to some conditions', 'In the middle, neither yes nor no', 'Other'];No
645;Y has just told X that he/she is considering switching his/her job.;switching_jobs;606;Do you like being responsible for others?;I prefer not to be in a leadership role.;She does not enjoy being in a position where they are responsible for others and would rather avoid such roles.;['Yes', 'No', 'Yes, subject to some conditions', 'In the middle, neither yes nor no', 'Other'];No
646;X and Y are childhood neighbours who unexpectedly run into each other at a cafe.;meeting_childhood_neighbour;607;Are you fit and healthy?;This is the best shape I've ever been in.;He has great confidence in his health and fitness.;['Yes', 'No', 'Yes, subject to some conditions', 'In the middle, neither yes nor no', 'Other'];Yes
647;X and Y are colleagues who are leaving work on a Friday at the same time.;colleagues_leaving_work;608;Are you heading out?;I'm going straight to the bar.;He is indeed leaving the current location and heading to a bar.;['Yes', 'No', 'Yes, subject to some conditions', 'In the middle, neither yes nor no', 'Other'];Yes
648;X wants to know about Y's food preferences.;food_preferences;609;Would you eat snails?;I definitely wouldn't;She strongly dislike sail and is not even able to imagine of having it.;['Yes', 'No', 'Yes, subject to some conditions', 'In the middle, neither yes nor no', 'Other'];No
649;X and Y are childhood neighbours who unexpectedly run into each other at a cafe.;meeting_childhood_neighbour;610;Have you tried cake pops?;I have not heard of them before;He has not familiar with cake pops and has not tried them yet.;['Yes', 'No', 'Yes, subject to some conditions', 'In the middle, neither yes nor no', 'Other'];No
650;Y has just told X that he/she is thinking of buying a flat in New York.;buying_a_flat;611;Are you happy with the flat?;I'm kind of regretting the purchase now.;Once he was happy with the flat but now he is not at all satisfied with the flat and he regret in the decision of purchasing it.;['Yes', 'No', 'Yes, subject to some conditions', 'In the middle, neither yes nor no', 'Other'];No
651;Y has just told X that he/she is thinking of buying a flat in New York.;buying_a_flat;612;Is it close to a metro stop?;I'll only have to walk two minutes to get to the subway.;The location is very close to a subway stop just two minutes walk, making it convenient and easily accessible.;['Yes', 'No', 'Yes, subject to some conditions', 'In the middle, neither yes nor no', 'Other'];Yes
652;Y has just moved into a neighbourhood and meets his/her new neighbour X.;meeting_new_neighbour;613;Are you new to the city?;I have been a few times before;She is very familiar with the city, as she had multiple visit.;['Yes', 'No', 'Yes, subject to some conditions', 'In the middle, neither yes nor no', 'Other'];No
653;Y has just told X that he/she is thinking of buying a flat in New York.;buying_a_flat;524;Are you comfortable with a busy city?;I don't like all the noise;He would like to stay in a calm environment.;['Yes', 'No', 'Yes, subject to some conditions', 'In the middle, neither yes nor no', 'Other'];No
654;Y has just moved into a neighbourhood and meets his/her new neighbour X.;meeting_new_neighbour;614;Are you married?;We're having a long engagement.;They are engaged for long time but has not yet gotten married.;['Yes', 'No', 'Yes, subject to some conditions', 'In the middle, neither yes nor no', 'Other'];No
655;X wants to know about Y's music preferences.;music_preferences;615;Have you been to any jazz shows?;I used to play in a jazz band in high school.;She has experience with jazz music, not only as an audience but also as a participant by playing in a jazz band during high school days.;['Yes', 'No', 'Yes, subject to some conditions', 'In the middle, neither yes nor no', 'Other'];In the middle, neither yes nor no
656;Y has just told X that he/she is thinking of buying a flat in New York.;buying_a_flat;616;Do you like the building it's in?;It's a beauty.;He likes the building and find it attractive.;['Yes', 'No', 'Yes, subject to some conditions', 'In the middle, neither yes nor no', 'Other'];Yes
657;Y has just told X that he/she is thinking of buying a flat in New York.;buying_a_flat;617;Do you have a real estate agent that you're working with?;My friend Rebecca.;His friend Rebecca is a real estate agent and they are working together.;['Yes', 'No', 'Yes, subject to some conditions', 'In the middle, neither yes nor no', 'Other'];Yes
658;Y has just travelled from a different city to meet X.;travelling_to_meet_someone;618;Do you want to get a bagel?;My favorites are actually donuts.;She would prefer to get donuts instead of a bagel.;['Yes', 'No', 'Yes, subject to some conditions', 'In the middle, neither yes nor no', 'Other'];No
659;Y has just told X that he/she is considering switching his/her job.;switching_jobs;619;Did you work in tech?;I have done for a while;He has worked in the tech industry for some time and he changed his domain now.;['Yes', 'No', 'Yes, subject to some conditions', 'In the middle, neither yes nor no', 'Other'];Yes
660;X wants to know about Y's food preferences.;food_preferences;620;Do you like to eat at restaurants where they have a prix fix menus?;I prefer the a la carte menu when I dine out.;She doesn't prefer prix fixe menus and would rather choose individual items from the menu.;['Yes', 'No', 'Yes, subject to some conditions', 'In the middle, neither yes nor no', 'Other'];No
661;X and Y are childhood neighbours who unexpectedly run into each other at a cafe.;meeting_childhood_neighbour;621;Do you remember the last time we were in touch?;We when to the Cats play.;"He remeber their last meet and the performance of the musical ""Cats.""";['Yes', 'No', 'Yes, subject to some conditions', 'In the middle, neither yes nor no', 'Other'];Yes
662;Y has just moved into a neighbourhood and meets his/her new neighbour X.;meeting_new_neighbour;622;Did you move here with family?;I came all by myself.;At present he alone relocated to the place.;['Yes', 'No', 'Yes, subject to some conditions', 'In the middle, neither yes nor no', 'Other'];No
663;X wants to know what activities Y likes to do during weekends.;weekend_activities;623;do you like doing solo activities?;I'm more of a team player.;He himself believe a good team player, so he prefer to play team games.;['Yes', 'No', 'Yes, subject to some conditions', 'In the middle, neither yes nor no', 'Other'];No
664;X wants to know about Y's food preferences.;food_preferences;624;Are burgers ok?;If I can order bunless.;She is open to having burgers but he prefer bunless.;['Yes', 'No', 'Yes, subject to some conditions', 'In the middle, neither yes nor no', 'Other'];Yes, subject to some conditions
665;X wants to know what sorts of books Y likes to read.;book_preferences;625;Do you like to read fiction books?;I like the imagination behind fiction writers.;He likes fiction books, more over that he is a great fan of fiction writers.;['Yes', 'No', 'Yes, subject to some conditions', 'In the middle, neither yes nor no', 'Other'];Yes
666;X wants to know about Y's music preferences.;music_preferences;626;Ever listen to rap?;I did on the 80s.;Now, she is not that much interest in rap but she used to listen to rap music in 1980s;['Yes', 'No', 'Yes, subject to some conditions', 'In the middle, neither yes nor no', 'Other'];Yes
667;X wants to know about Y's food preferences.;food_preferences;627;Do you want to go to a sit-down restaurant?;I think I'd rather just get fast food.;He is in a busy schedule and he has no time to have food from a sit-down restaurant, so he prefer fast food.;['Yes', 'No', 'Yes, subject to some conditions', 'In the middle, neither yes nor no', 'Other'];No
668;Y has just told X that he/she is considering switching his/her job.;switching_jobs;628;Have you ever worked in that industry before?;I've worked in that are for five years.;She has experience working in the industry mentioned for a duration of five years.;['Yes', 'No', 'Yes, subject to some conditions', 'In the middle, neither yes nor no', 'Other'];Yes
669;X and Y are colleagues who are leaving work on a Friday at the same time.;colleagues_leaving_work;629;Want to go dancing tonight?;that would be fun;He is interested and willing to go dancing tonight.;['Yes', 'No', 'Yes, subject to some conditions', 'In the middle, neither yes nor no', 'Other'];Yes
670;Y has just travelled from a different city to meet X.;travelling_to_meet_someone;630;Did you want to see that movie?;Maybe we could go dancing instead.;Currently, she is not interested to see that movie, instead she prefer to go for dancing.;['Yes', 'No', 'Yes, subject to some conditions', 'In the middle, neither yes nor no', 'Other'];No
671;Y has just travelled from a different city to meet X.;travelling_to_meet_someone;631;Do you want to relax?;I'm ready for bed.;He is extreemly tired and he badly want to have sleep.;['Yes', 'No', 'Yes, subject to some conditions', 'In the middle, neither yes nor no', 'Other'];Yes
672;Y has just travelled from a different city to meet X.;travelling_to_meet_someone;632;Would you like to check out this museum?;Only if it's an art museum.;She only interested in art museum.;['Yes', 'No', 'Yes, subject to some conditions', 'In the middle, neither yes nor no', 'Other'];Yes, subject to some conditions
673;X wants to know what activities Y likes to do during weekends.;weekend_activities;633;Do you think it is worth the expense of going out to the movies?;The fun is worth it.;Despite the expense, he finds the experience of going out to the movies enjoyable and worth the cost.;['Yes', 'No', 'Yes, subject to some conditions', 'In the middle, neither yes nor no', 'Other'];Yes
674;X wants to know about Y's music preferences.;music_preferences;559;Are you going to any concerts this year?;I just bought tickets to see Thom Yorke!;She is excited about attending the Thom Yoke concert, indicating that she is indeed planning to attend a concert this year.;['Yes', 'No', 'Yes, subject to some conditions', 'In the middle, neither yes nor no', 'Other'];Yes
675;X wants to know about Y's music preferences.;music_preferences;634;Have you heard Let it Be?;Is that a song?;He is not listen to the famous song Let it Be.;['Yes', 'No', 'Yes, subject to some conditions', 'In the middle, neither yes nor no', 'Other'];No
676;Y has just told X that he/she is considering switching his/her job.;switching_jobs;635;Will you work on the weekends?;If they need me.;If her employer demands he will work on the weekends.;['Yes', 'No', 'Yes, subject to some conditions', 'In the middle, neither yes nor no', 'Other'];Yes, subject to some conditions
677;X and Y are colleagues who are leaving work on a Friday at the same time.;colleagues_leaving_work;636;Did you have a nice week?;I received so much good news.;This week was a nice week for him with a bunch of good news.;['Yes', 'No', 'Yes, subject to some conditions', 'In the middle, neither yes nor no', 'Other'];Yes
678;X and Y are childhood neighbours who unexpectedly run into each other at a cafe.;meeting_childhood_neighbour;637;Do you eat here often?;I've never been here.;She never visited the prescribed restaurant before.;['Yes', 'No', 'Yes, subject to some conditions', 'In the middle, neither yes nor no', 'Other'];No
679;Y has just travelled from a different city to meet X.;travelling_to_meet_someone;638;Was your flight on time?;We arrived early.;Their flight landed before timie.;['Yes', 'No', 'Yes, subject to some conditions', 'In the middle, neither yes nor no', 'Other'];Yes
680;X wants to know what activities Y likes to do during weekends.;weekend_activities;639;Did you like that Ethiopian place we tried the other day?;I didn't enjoy eating without utensils.;He didn't enjoy the Ethiopian place because of the experience of eating without utensils.;['Yes', 'No', 'Yes, subject to some conditions', 'In the middle, neither yes nor no', 'Other'];No
681;X wants to know about Y's food preferences.;food_preferences;640;Are you taking someone on a date this weekend?;"I don;t have any weekend plans.";Till now she hasn't made any plan for weekend.;['Yes', 'No', 'Yes, subject to some conditions', 'In the middle, neither yes nor no', 'Other'];No
682;X wants to know what activities Y likes to do during weekends.;weekend_activities;641;Do you like the outdoors?;When my allergies aren't acting up.;He like to be outdoor if the weather is confortable for him.;['Yes', 'No', 'Yes, subject to some conditions', 'In the middle, neither yes nor no', 'Other'];Yes, subject to some conditions
683;Y has just moved into a neighbourhood and meets his/her new neighbour X.;meeting_new_neighbour;642;Have you lived in the Pacific Northwest for a long time?;for a few years now;She has lived in the pacific northwest for a few years.;['Yes', 'No', 'Yes, subject to some conditions', 'In the middle, neither yes nor no', 'Other'];Yes
684;X and Y are childhood neighbours who unexpectedly run into each other at a cafe.;meeting_childhood_neighbour;643;Still working at Macy's?;I left a few years ago;Now, he is not working at Macy's.;['Yes', 'No', 'Yes, subject to some conditions', 'In the middle, neither yes nor no', 'Other'];No
685;Y has just told X that he/she is thinking of buying a flat in New York.;buying_a_flat;644;Can you handle the cost of living there?;Only if I get my promotion.;At present she is not able to afford the living cost there but she expect a promotion to overcome that.;['Yes', 'No', 'Yes, subject to some conditions', 'In the middle, neither yes nor no', 'Other'];Yes, subject to some conditions
686;Y has just moved into a neighbourhood and meets his/her new neighbour X.;meeting_new_neighbour;645;Is your job in Portland?;It's pretty close to there.;The job is located near Portland, but not necessarily in the city itself.;['Yes', 'No', 'Yes, subject to some conditions', 'In the middle, neither yes nor no', 'Other'];No
687;X and Y are childhood neighbours who unexpectedly run into each other at a cafe.;meeting_childhood_neighbour;646;Is your brother still in London?;He's in Manchester.;His brother has moved from London to Manchester.;['Yes', 'No', 'Yes, subject to some conditions', 'In the middle, neither yes nor no', 'Other'];No
688;Y has just told X that he/she is considering switching his/her job.;switching_jobs;647;Are you looking for a role with a flexible schedule?;Flexible hours are a must.;She is only looking for a job with a flexible schedule.;['Yes', 'No', 'Yes, subject to some conditions', 'In the middle, neither yes nor no', 'Other'];Yes
689;Y has just told X that he/she is considering switching his/her job.;switching_jobs;648;Is the new job offering you more money?;It's a pay cut.;The new job is offering less money than his current job.;['Yes', 'No', 'Yes, subject to some conditions', 'In the middle, neither yes nor no', 'Other'];No
690;Y has just moved into a neighbourhood and meets his/her new neighbour X.;meeting_new_neighbour;649;Is there a neighborhood watch program?;We still aren't very familiar with the neighborhood.;He is not aware of neighborhood watch program because he is still getting to know the neighborhood.;['Yes', 'No', 'Yes, subject to some conditions', 'In the middle, neither yes nor no', 'Other'];In the middle, neither yes nor no
691;X wants to know about Y's food preferences.;food_preferences;650;Are you into fast food;That new Popeye's sandwich is so good.;She enjoy fast food, especially the new Popeye's sandwich.;['Yes', 'No', 'Yes, subject to some conditions', 'In the middle, neither yes nor no', 'Other'];Yes
692;Y has just told X that he/she is considering switching his/her job.;switching_jobs;619;Did you work in tech?;I've had several tech jobs.;He worked several tech jobs but he doesn't feel it suits him.;['Yes', 'No', 'Yes, subject to some conditions', 'In the middle, neither yes nor no', 'Other'];Yes
693;X and Y are colleagues who are leaving work on a Friday at the same time.;colleagues_leaving_work;651;Are you happy the work week is over?;I always look forward to Monday.;She is a wworkaholic person and he always looking forward for working days.;['Yes', 'No', 'Yes, subject to some conditions', 'In the middle, neither yes nor no', 'Other'];No
694;X wants to know what sorts of books Y likes to read.;book_preferences;652;Are you interested in non-fiction?;As long as it's not too emotionally difficult.;He has no interest in non-fiction, as long as it doesn't deal with emotionally difficult topics.;['Yes', 'No', 'Yes, subject to some conditions', 'In the middle, neither yes nor no', 'Other'];Yes, subject to some conditions
695;X wants to know what sorts of books Y likes to read.;book_preferences;653;Are you looking for books that pull you in right away?;That's my kind of book.;She loves to read motivational books.;['Yes', 'No', 'Yes, subject to some conditions', 'In the middle, neither yes nor no', 'Other'];Yes
696;X wants to know about Y's food preferences.;food_preferences;654;Do you like Asian food?;I eat Chinese twice a week.;He like Asian food, and I eat Chinese cuisine twice a week.;['Yes', 'No', 'Yes, subject to some conditions', 'In the middle, neither yes nor no', 'Other'];Yes
697;X wants to know about Y's food preferences.;food_preferences;655;Do you like going to food trucks?;Food trucks are so gourmet and delicious!;Food trucks often offer unique and gourmet dishes that he enjoy trying out.;['Yes', 'No', 'Yes, subject to some conditions', 'In the middle, neither yes nor no', 'Other'];Yes
698;X wants to know what activities Y likes to do during weekends.;weekend_activities;604;Are you into books?;I like to read mysteries.;Her favorite hobby is reading but she prefer mysteries.;['Yes', 'No', 'Yes, subject to some conditions', 'In the middle, neither yes nor no', 'Other'];Yes, subject to some conditions
699;X and Y are colleagues who are leaving work on a Friday at the same time.;colleagues_leaving_work;656;Are you going straight home?;I'm going straight to the cinema;His plan is to watch movie before heading to home.;['Yes', 'No', 'Yes, subject to some conditions', 'In the middle, neither yes nor no', 'Other'];No
700;X wants to know what activities Y likes to do during weekends.;weekend_activities;474;Do you prefer being indoors?;I prefer outdoors most of the time;He prefer spending time outdoors rather than being indoors most of the time.;['Yes', 'No', 'Yes, subject to some conditions', 'In the middle, neither yes nor no', 'Other'];No
701;X and Y are childhood neighbours who unexpectedly run into each other at a cafe.;meeting_childhood_neighbour;657;Has it been a long time since you've seen our old houses?;I was here a couple weeks ago.;He has seen their old house recently, only a couple of week ago.;['Yes', 'No', 'Yes, subject to some conditions', 'In the middle, neither yes nor no', 'Other'];No
702;Y has just moved into a neighbourhood and meets his/her new neighbour X.;meeting_new_neighbour;658;Would you be interested in a pool party?;I love hanging out by the pool.;She enjoy hanging out by the pool and are interested in attending the pool party.;['Yes', 'No', 'Yes, subject to some conditions', 'In the middle, neither yes nor no', 'Other'];Yes
703;Y has just told X that he/she is thinking of buying a flat in New York.;buying_a_flat;659;Do you need a yard?;Central Park will be my new yard.;He plan to spend time and enjoy outdoor activities in Central Park instead of needing a private yard.;['Yes', 'No', 'Yes, subject to some conditions', 'In the middle, neither yes nor no', 'Other'];No
704;Y has just moved into a neighbourhood and meets his/her new neighbour X.;meeting_new_neighbour;660;Do you enjoy fishing?;I've never been fishing.;She has never experience the enjoyment of fishing.;['Yes', 'No', 'Yes, subject to some conditions', 'In the middle, neither yes nor no', 'Other'];In the middle, neither yes nor no
705;Y has just told X that he/she is considering switching his/her job.;switching_jobs;661;Do you have to travel frequently?;I have to visit clients about once a month.;He has to travel frequently to visit clients approximately once a month.;['Yes', 'No', 'Yes, subject to some conditions', 'In the middle, neither yes nor no', 'Other'];Yes
706;Y has just travelled from a different city to meet X.;travelling_to_meet_someone;662;Do you want to try a new restaurant?;I'd prefer to go to the pizza joint we went to last time I was here.;She is not interested to try new restaurant rather she would  go back to the pizza joint they previously visited.;['Yes', 'No', 'Yes, subject to some conditions', 'In the middle, neither yes nor no', 'Other'];No
707;X wants to know about Y's food preferences.;food_preferences;663;Are you allowed to eat pasta on your diet?;I can't have any carbs.;He is not allowed to consume carbs, including pasta.;['Yes', 'No', 'Yes, subject to some conditions', 'In the middle, neither yes nor no', 'Other'];No
708;X and Y are colleagues who are leaving work on a Friday at the same time.;colleagues_leaving_work;664;Are you coming in on Monday?;I'll be here first thing Monday morning.;She is confident that Monday she will be present and will reach before the regular time.;['Yes', 'No', 'Yes, subject to some conditions', 'In the middle, neither yes nor no', 'Other'];Yes
709;X and Y are colleagues who are leaving work on a Friday at the same time.;colleagues_leaving_work;665;Are you glad it's Friday?;Very glad, I can't wait to kick off my shoes.;He is extreemly happy of being sunday and he has nice weekend plans.;['Yes', 'No', 'Yes, subject to some conditions', 'In the middle, neither yes nor no', 'Other'];Yes
710;Y has just told X that he/she is thinking of buying a flat in New York.;buying_a_flat;666;Can we stay with you when we visit?;My spare room will be there for you.;Her home has enough space to accommodate them and she is also happy to do so.;['Yes', 'No', 'Yes, subject to some conditions', 'In the middle, neither yes nor no', 'Other'];Yes
711;Y has just told X that he/she is thinking of buying a flat in New York.;buying_a_flat;667;Are you good at making new friends?;It's something I've struggled with.;Being an introvert its difficult for him to make new friends.;['Yes', 'No', 'Yes, subject to some conditions', 'In the middle, neither yes nor no', 'Other'];No
712;Y has just told X that he/she is thinking of buying a flat in New York.;buying_a_flat;668;Do you want to enjoy the high end lifestyle?;of course I do;She wish to enjoy the luxury associated with a high-end lifestyle.;['Yes', 'No', 'Yes, subject to some conditions', 'In the middle, neither yes nor no', 'Other'];Yes
713;Y has just moved into a neighbourhood and meets his/her new neighbour X.;meeting_new_neighbour;669;Have you travelled internationally?;I lived in Europe for many years.;He had international fly and beyond that he has actually lived in Europe for an extended period.;['Yes', 'No', 'Yes, subject to some conditions', 'In the middle, neither yes nor no', 'Other'];Yes
714;Y has just travelled from a different city to meet X.;travelling_to_meet_someone;670;Would you like to watch a show?;Let's just get drunk at a bar.;He is not interested in watching a show and would rather go to a bar to drink.;['Yes', 'No', 'Yes, subject to some conditions', 'In the middle, neither yes nor no', 'Other'];No
715;X and Y are colleagues who are leaving work on a Friday at the same time.;colleagues_leaving_work;671;Can I join you?;There isn't enough room.;She is having a congested stay and she is unable to accommodate anyone.;['Yes', 'No', 'Yes, subject to some conditions', 'In the middle, neither yes nor no', 'Other'];No
716;X and Y are colleagues who are leaving work on a Friday at the same time.;colleagues_leaving_work;424;Will you be working tomorrow?;I have to work the next couple days.;He was not able to complete the assigned work, so he has to work the next couple of days.;['Yes', 'No', 'Yes, subject to some conditions', 'In the middle, neither yes nor no', 'Other'];Yes
717;X wants to know what sorts of books Y likes to read.;book_preferences;672;Have you read the Game of Throne books?;Absolutely love books about Kings Landing with the white walkers and dragons.;She read the book Game of Throne and thoroughly enjoyed too.;['Yes', 'No', 'Yes, subject to some conditions', 'In the middle, neither yes nor no', 'Other'];Yes
718;Y has just told X that he/she is considering switching his/her job.;switching_jobs;673;Would you be happy with working on weekends?;If I don't have to work too much, it's okay.;He is not interested to do hardwork on weekends but he enjoys with limited assignments.;['Yes', 'No', 'Yes, subject to some conditions', 'In the middle, neither yes nor no', 'Other'];Yes, subject to some conditions
719;Y has just told X that he/she is considering switching his/her job.;switching_jobs;674;Do you do accounting tasks, like with spreadsheets?;I love excel to work with.;She is expert in spreadsheet and she enjoys as well.;['Yes', 'No', 'Yes, subject to some conditions', 'In the middle, neither yes nor no', 'Other'];Yes
720;X wants to know what sorts of books Y likes to read.;book_preferences;675;Have you read any Stephen King novels?;They scare me a little.;He read Stephen King's books occassionaly but not interested to read scary genre.;['Yes', 'No', 'Yes, subject to some conditions', 'In the middle, neither yes nor no', 'Other'];Yes
721;X and Y are colleagues who are leaving work on a Friday at the same time.;colleagues_leaving_work;676;Do you have a date night all planned out?;She planned it.;He doesn't have a clear idea about the plan because his partner took the initiative to plan the date night.;['Yes', 'No', 'Yes, subject to some conditions', 'In the middle, neither yes nor no', 'Other'];Yes
722;X wants to know about Y's food preferences.;food_preferences;677;Do you like cultural delicacies?;If they are not too strange.;She is open to trying cultural delicacies as long as they are not too unfamiliar.;['Yes', 'No', 'Yes, subject to some conditions', 'In the middle, neither yes nor no', 'Other'];Yes, subject to some conditions
723;Y has just told X that he/she is considering switching his/her job.;switching_jobs;678;Will you need health insurance?;I think I can take my old plan with me.;He is pretty much happy with his old health insurance plan and he decided to continue that.;['Yes', 'No', 'Yes, subject to some conditions', 'In the middle, neither yes nor no', 'Other'];No
724;X wants to know about Y's music preferences.;music_preferences;508;Would you want to go to see Garth Brooks tomorrow?;I'm not a fan.;She is not interested to see Garth Brooks.;['Yes', 'No', 'Yes, subject to some conditions', 'In the middle, neither yes nor no', 'Other'];No
725;Y has just travelled from a different city to meet X.;travelling_to_meet_someone;679;Do you stay up late?;I was up till 1am.;He tends to stay up late, until 1 am.;['Yes', 'No', 'Yes, subject to some conditions', 'In the middle, neither yes nor no', 'Other'];Yes
726;X and Y are colleagues who are leaving work on a Friday at the same time.;colleagues_leaving_work;680;Are you all headed out now?;We're waiting for Susan.;They plan to head out once Susan joins them.;['Yes', 'No', 'Yes, subject to some conditions', 'In the middle, neither yes nor no', 'Other'];Yes, subject to some conditions
727;Y has just told X that he/she is thinking of buying a flat in New York.;buying_a_flat;681;Are you moving soon?;I hope to move within the next six months.;They are not planning for an immediate shifted but with in six months.;['Yes', 'No', 'Yes, subject to some conditions', 'In the middle, neither yes nor no', 'Other'];Yes
728;Y has just told X that he/she is thinking of buying a flat in New York.;buying_a_flat;682;Will it be more convenient?;It will be closer to everything.;She is living in an easily accessible place and its highly convenient too.;['Yes', 'No', 'Yes, subject to some conditions', 'In the middle, neither yes nor no', 'Other'];Yes
729;X wants to know what activities Y likes to do during weekends.;weekend_activities;683;I've really been wanting to go back to the arcade this weekend, does that sound like fun to you?;I'd be up for it.;He is interested in going back to the arcade this weekend.;['Yes', 'No', 'Yes, subject to some conditions', 'In the middle, neither yes nor no', 'Other'];Yes
730;Y has just travelled from a different city to meet X.;travelling_to_meet_someone;684;Are you leaving tomorrow?;I'll be here for another day.;She will still be present and available for at least one more day, suggesting that they won't be leaving immediately.;['Yes', 'No', 'Yes, subject to some conditions', 'In the middle, neither yes nor no', 'Other'];No
731;X wants to know about Y's music preferences.;music_preferences;685;Don't you just love the violin sound?;The violin's pitch haunts me.;He has a strong affinity in listening to violin sound.;['Yes', 'No', 'Yes, subject to some conditions', 'In the middle, neither yes nor no', 'Other'];No
732;X wants to know what sorts of books Y likes to read.;book_preferences;686;Have you read \\\\Harry Potter\\\\\\?\\;I ordered the third book from England so I could read it before the American version came out.;She hasn't read the Harry Potter till now and he would like to read its Englkand version.;['Yes', 'No', 'Yes, subject to some conditions', 'In the middle, neither yes nor no', 'Other'];Yes
733;Y has just travelled from a different city to meet X.;travelling_to_meet_someone;687;Did you enjoy the trip?;I had a good time.;The trip was fun and he enjoyed as well.;['Yes', 'No', 'Yes, subject to some conditions', 'In the middle, neither yes nor no', 'Other'];Yes
734;Y has just moved into a neighbourhood and meets his/her new neighbour X.;meeting_new_neighbour;688;Is the beach a place you like to go?;I get sunburned too easily;She likes beach spot but because of sunburn allergy she is not able to enjoy there.;['Yes', 'No', 'Yes, subject to some conditions', 'In the middle, neither yes nor no', 'Other'];No
735;X wants to know about Y's music preferences.;music_preferences;689;Are you still into heavy metal music ?;I have moved on from that;Once he was into heavy metal music but now he is away from that.;['Yes', 'No', 'Yes, subject to some conditions', 'In the middle, neither yes nor no', 'Other'];No
736;Y has just travelled from a different city to meet X.;travelling_to_meet_someone;479;Do you want to grab some food?;I'm starving.;She is hungry and want to grab some food immediately.;['Yes', 'No', 'Yes, subject to some conditions', 'In the middle, neither yes nor no', 'Other'];Yes
737;Y has just travelled from a different city to meet X.;travelling_to_meet_someone;479;Do you want to grab some food?;I'm starving.;She is hungry and want to grab some food immediately.;['Yes', 'No', 'Yes, subject to some conditions', 'In the middle, neither yes nor no', 'Other'];Yes
738;X wants to know what sorts of books Y likes to read.;book_preferences;690;Would you like a romance story?;They can be pretty mushy.;He is not particularly fond of romance stories due to their tendency to be overly sentimental.;['Yes', 'No', 'Yes, subject to some conditions', 'In the middle, neither yes nor no', 'Other'];No
739;X wants to know what activities Y likes to do during weekends.;weekend_activities;691;Want to visit the park this weekend?;Only in the morning;She likes to visit the park in this weekend but has time at morning only.;['Yes', 'No', 'Yes, subject to some conditions', 'In the middle, neither yes nor no', 'Other'];Yes, subject to some conditions
740;Y has just told X that he/she is considering switching his/her job.;switching_jobs;692;Have you been working for a long time?;I have been here 15 years.;He has been working there for significantly long time, approximately 15 years.;['Yes', 'No', 'Yes, subject to some conditions', 'In the middle, neither yes nor no', 'Other'];Yes
741;X wants to know about Y's music preferences.;music_preferences;693;Have you heard the latest music from Herb Alpert?;I got his new CD last week.;She heard Herb Alpert's latest music.;['Yes', 'No', 'Yes, subject to some conditions', 'In the middle, neither yes nor no', 'Other'];Yes
742;X and Y are childhood neighbours who unexpectedly run into each other at a cafe.;meeting_childhood_neighbour;694;Do you want to catch up over breakfast?;I already had a scone.;He already had breakfast and he is not interested in having again so soon.;['Yes', 'No', 'Yes, subject to some conditions', 'In the middle, neither yes nor no', 'Other'];No
743;X and Y are colleagues who are leaving work on a Friday at the same time.;colleagues_leaving_work;695;Would you like to get a bite to eat before going home?;That sounds good;She was starving and she is open to the idea of having food before going home.;['Yes', 'No', 'Yes, subject to some conditions', 'In the middle, neither yes nor no', 'Other'];Yes
744;X wants to know about Y's music preferences.;music_preferences;696;Have you ever played a bass guitar?;I've never played any instruments.;He has not played any instruments, including the bass guitar.;['Yes', 'No', 'Yes, subject to some conditions', 'In the middle, neither yes nor no', 'Other'];No
745;Y has just travelled from a different city to meet X.;travelling_to_meet_someone;454;Looking forward to this weekend?;It couldn't come soon enough for me.;He is eagerly looking forward to the weekend and can't wait for it to arrive.;['Yes', 'No', 'Yes, subject to some conditions', 'In the middle, neither yes nor no', 'Other'];Yes
746;X and Y are colleagues who are leaving work on a Friday at the same time.;colleagues_leaving_work;697;Want to share a taxi back to Heswall ?;I'm taking the bus back.;She prefers taking the bus back to Heswall instead of sharing a taxi.;['Yes', 'No', 'Yes, subject to some conditions', 'In the middle, neither yes nor no', 'Other'];No
747;Y has just told X that he/she is thinking of buying a flat in New York.;buying_a_flat;698;Have you seen the prices there?;Absolutely;He is aware of the prices there and he know the price is quite high.;['Yes', 'No', 'Yes, subject to some conditions', 'In the middle, neither yes nor no', 'Other'];Yes
748;Y has just told X that he/she is considering switching his/her job.;switching_jobs;699;Have you worked for a corporation before?;I have worked for this company for many years.;She has worked for the company for significant years.;['Yes', 'No', 'Yes, subject to some conditions', 'In the middle, neither yes nor no', 'Other'];Yes
749;Y has just told X that he/she is considering switching his/her job.;switching_jobs;700;Would you need more education?;I might need to sit in on a few workshops.;He require additional training in the form of workshops to enhance their skills.;['Yes', 'No', 'Yes, subject to some conditions', 'In the middle, neither yes nor no', 'Other'];Yes
750;X wants to know what sorts of books Y likes to read.;book_preferences;701;Do you get a little too excited about elves and wizards?;I'm afraid they don't phase me.;She is not interested in fantasy elements like elves and wizards.;['Yes', 'No', 'Yes, subject to some conditions', 'In the middle, neither yes nor no', 'Other'];No
751;Y has just travelled from a different city to meet X.;travelling_to_meet_someone;702;Do you still live in that neighborhood?;Still living in the same place.;He is still living in the same neighborhood.;['Yes', 'No', 'Yes, subject to some conditions', 'In the middle, neither yes nor no', 'Other'];Yes
752;X wants to know what activities Y likes to do during weekends.;weekend_activities;703;Do you like to go out to eat?;Sushi is better at restaurants.;She would like to go out to eat, specifically Sushi restaurants.;['Yes', 'No', 'Yes, subject to some conditions', 'In the middle, neither yes nor no', 'Other'];Yes
753;X wants to know about Y's music preferences.;music_preferences;704;Have you seen a live band in concert?;Jack Johnson was my first.;Jack Johnson was the first live band he experienced in a concert setting.;['Yes', 'No', 'Yes, subject to some conditions', 'In the middle, neither yes nor no', 'Other'];Yes
754;X wants to know what activities Y likes to do during weekends.;weekend_activities;705;Do you go skiing on the weekend at all?;I love to fly down the piste on my days off.;She enjoys skiing on her days off and finds excitement in speeding down the slopes;['Yes', 'No', 'Yes, subject to some conditions', 'In the middle, neither yes nor no', 'Other'];Yes
755;X and Y are childhood neighbours who unexpectedly run into each other at a cafe.;meeting_childhood_neighbour;706;Have you met up with anyone else we know?;not for a long time;He has not met up with anyone else they both know recently.;['Yes', 'No', 'Yes, subject to some conditions', 'In the middle, neither yes nor no', 'Other'];No
756;X wants to know what sorts of books Y likes to read.;book_preferences;707;Can you remember something that you absolutely loved reading?;The Handmaids Tales was a very good book;"She absolutely loved reading ""The Handmaid's Tale"" as it was a very good book for her.";['Yes', 'No', 'Yes, subject to some conditions', 'In the middle, neither yes nor no', 'Other'];Yes
757;Y has just told X that he/she is thinking of buying a flat in New York.;buying_a_flat;708;Do you like to work outside?;Depends on what the job is.;He likes working outside, but it depends on the nature of the job he are doing.;['Yes', 'No', 'Yes, subject to some conditions', 'In the middle, neither yes nor no', 'Other'];Yes, subject to some conditions
758;X and Y are childhood neighbours who unexpectedly run into each other at a cafe.;meeting_childhood_neighbour;709;Do you come here often?;I'm here every day for lunch.;The place is his favorite restaurant and he daily visit there to have lunch.;['Yes', 'No', 'Yes, subject to some conditions', 'In the middle, neither yes nor no', 'Other'];Yes
759;Y has just told X that he/she is thinking of buying a flat in New York.;buying_a_flat;710;Have you got enough savings to live for 6 months?;I saved enough money to live there for a lifetime.;She has enough money to live there for entire life.;['Yes', 'No', 'Yes, subject to some conditions', 'In the middle, neither yes nor no', 'Other'];Yes
760;X wants to know what sorts of books Y likes to read.;book_preferences;711;Do you choose books based on reader reviews?;I usually choose by the synopsis.;He don't follow others opinion and his reading choice is depend on the book synopsis.;['Yes', 'No', 'Yes, subject to some conditions', 'In the middle, neither yes nor no', 'Other'];No
761;X and Y are childhood neighbours who unexpectedly run into each other at a cafe.;meeting_childhood_neighbour;712;Have you lived there your whole life?;I've never seen a reason to leave.;She is very much satisfied with the current living place, so currently he has no plan to relocate.;['Yes', 'No', 'Yes, subject to some conditions', 'In the middle, neither yes nor no', 'Other'];Yes
762;X wants to know about Y's music preferences.;music_preferences;559;Are you going to any concerts this year?;I hope to be later on;He will attend concerts later in the year.;['Yes', 'No', 'Yes, subject to some conditions', 'In the middle, neither yes nor no', 'Other'];Yes
763;Y has just travelled from a different city to meet X.;travelling_to_meet_someone;713;Have you been eating alright?;My doctor says I am healthy.;Her food habit is alright because her doctor has indicated that she is healthy based on her eating habits.;['Yes', 'No', 'Yes, subject to some conditions', 'In the middle, neither yes nor no', 'Other'];Yes
764;Y has just told X that he/she is thinking of buying a flat in New York.;buying_a_flat;708;Do you like to work outside?;I like outside in the summer;He like summer season and like to work outside to enjoy the weather.;['Yes', 'No', 'Yes, subject to some conditions', 'In the middle, neither yes nor no', 'Other'];Yes, subject to some conditions
765;Y has just travelled from a different city to meet X.;travelling_to_meet_someone;714;You miss things around here?;I have been too busy.;She will remain busy and won't get time to get the feel of missing.;['Yes', 'No', 'Yes, subject to some conditions', 'In the middle, neither yes nor no', 'Other'];No
766;Y has just told X that he/she is considering switching his/her job.;switching_jobs;715;Have you worked in your company for a long time?;I've been here for over ten years!;He has  been working for a significant period of time, 10 years.;['Yes', 'No', 'Yes, subject to some conditions', 'In the middle, neither yes nor no', 'Other'];Yes
767;X wants to know about Y's music preferences.;music_preferences;716;Do you enjoy heavy metal?;I can't stand the loudness.;She cannot enjoy heavy metal music because she cannot afford loudness.;['Yes', 'No', 'Yes, subject to some conditions', 'In the middle, neither yes nor no', 'Other'];No
768;X wants to know what activities Y likes to do during weekends.;weekend_activities;717;Do you enjoy loud parties?;I prefer quiet get-togethers.;He prefer to have a calm and classic get-togethers rather than lound parties.;['Yes', 'No', 'Yes, subject to some conditions', 'In the middle, neither yes nor no', 'Other'];No
769;X wants to know what activities Y likes to do during weekends.;weekend_activities;718;Have you ever been skating?;I've always wanted to.;She always wished to do skating but till date she was unable to get the opportunity.;['Yes', 'No', 'Yes, subject to some conditions', 'In the middle, neither yes nor no', 'Other'];No
770;X and Y are colleagues who are leaving work on a Friday at the same time.;colleagues_leaving_work;719;Do you work everyday of the week?;I get Mondays off.;His working days are tuesday to saturday, indicating he will get one day off in a week.;['Yes', 'No', 'Yes, subject to some conditions', 'In the middle, neither yes nor no', 'Other'];No
771;X and Y are colleagues who are leaving work on a Friday at the same time.;colleagues_leaving_work;720;Do you like beets?;Beets are delicious.;She likes beets and finds them delicious.;['Yes', 'No', 'Yes, subject to some conditions', 'In the middle, neither yes nor no', 'Other'];Yes
772;Y has just told X that he/she is considering switching his/her job.;switching_jobs;721;Will you have better benefits at the new job?;The better perks is why I'll be switching jobs.;His new job offers better denifit than the previous job.;['Yes', 'No', 'Yes, subject to some conditions', 'In the middle, neither yes nor no', 'Other'];Yes
773;X wants to know what sorts of books Y likes to read.;book_preferences;722;How about a collection by various authors?;Anthologies are good if the writers are good.;She enjoys anthologies, but the key factor for her enjoyment is depents up on the writers.;['Yes', 'No', 'Yes, subject to some conditions', 'In the middle, neither yes nor no', 'Other'];Yes, subject to some conditions
774;Y has just moved into a neighbourhood and meets his/her new neighbour X.;meeting_new_neighbour;658;Would you be interested in a pool party?;That sounds like fun.;He is interested in attending a pool party as he find it enjoyable and fun.;['Yes', 'No', 'Yes, subject to some conditions', 'In the middle, neither yes nor no', 'Other'];Yes
775;X wants to know about Y's music preferences.;music_preferences;723;Do you enjoy going to festivals?;They're too crowded for me.;She doesn't like to be part in a crowded place, so she mostly avoid festivals.;['Yes', 'No', 'Yes, subject to some conditions', 'In the middle, neither yes nor no', 'Other'];No
776;X and Y are colleagues who are leaving work on a Friday at the same time.;colleagues_leaving_work;724;Have any weekend plans?;Gonna hit the gym.;He is in health fitness plan and he scheduled to join gym in this weekend.;['Yes', 'No', 'Yes, subject to some conditions', 'In the middle, neither yes nor no', 'Other'];Yes
777;Y has just moved into a neighbourhood and meets his/her new neighbour X.;meeting_new_neighbour;725;Do you smoke a lot?;Only when I am stressed.;She smokes occasionally, particularly when she is stressed.;['Yes', 'No', 'Yes, subject to some conditions', 'In the middle, neither yes nor no', 'Other'];Yes, subject to some conditions
778;X and Y are childhood neighbours who unexpectedly run into each other at a cafe.;meeting_childhood_neighbour;726;Have you run into anyone else from the old 'hood?;I haven't been fortunate to.;He tried hard but hasn't encounter anyone else from their old neighborhood.;['Yes', 'No', 'Yes, subject to some conditions', 'In the middle, neither yes nor no', 'Other'];No
779;X and Y are colleagues who are leaving work on a Friday at the same time.;colleagues_leaving_work;727;Are you visiting your parents this weekend?;They are coming over instead;Her parents have plan to visit her instead of her visit to hometown.;['Yes', 'No', 'Yes, subject to some conditions', 'In the middle, neither yes nor no', 'Other'];No
780;X and Y are colleagues who are leaving work on a Friday at the same time.;colleagues_leaving_work;728;Do you have to work your other job this weekend?;I have to work Sunday at the other job.;He has to do his part-time job on Sunday.;['Yes', 'No', 'Yes, subject to some conditions', 'In the middle, neither yes nor no', 'Other'];Yes
781;Y has just moved into a neighbourhood and meets his/her new neighbour X.;meeting_new_neighbour;729;Do you like the neighborhood?;It's a nice place to live.;She is highly satisfied with the current living place.;['Yes', 'No', 'Yes, subject to some conditions', 'In the middle, neither yes nor no', 'Other'];Yes
782;X wants to know about Y's music preferences.;music_preferences;430;Do you like jazz music?;I prefer pop.;He prefer pop rather than jazz music.;['Yes', 'No', 'Yes, subject to some conditions', 'In the middle, neither yes nor no', 'Other'];No
783;Y has just told X that he/she is thinking of buying a flat in New York.;buying_a_flat;730;Is it crowded and busy in that area?;It's always pretty noisy.;That place is pretty much noisy always due to crowd and busy situation.;['Yes', 'No', 'Yes, subject to some conditions', 'In the middle, neither yes nor no', 'Other'];Yes
784;X and Y are colleagues who are leaving work on a Friday at the same time.;colleagues_leaving_work;731;Do you have a busy weekend planned?;I'm helping plan a wedding.;She is busy with assisting a wedding event in the weekend.;['Yes', 'No', 'Yes, subject to some conditions', 'In the middle, neither yes nor no', 'Other'];Yes
785;X wants to know what activities Y likes to do during weekends.;weekend_activities;732;Are you into football?;I prefer soccer.;He has strong interest in football.;['Yes', 'No', 'Yes, subject to some conditions', 'In the middle, neither yes nor no', 'Other'];No
786;Y has just travelled from a different city to meet X.;travelling_to_meet_someone;733;Do you want to grab a bite to eat?;we might as well;She is open to grabbing a bite to eat with him.;['Yes', 'No', 'Yes, subject to some conditions', 'In the middle, neither yes nor no', 'Other'];Yes
787;X wants to know about Y's music preferences.;music_preferences;734;Do you like pop?;If it isn't too cheesy.;He don't like pop with too cheesy but he prefer pop with lightly cheesy.;['Yes', 'No', 'Yes, subject to some conditions', 'In the middle, neither yes nor no', 'Other'];Yes, subject to some conditions
788;Y has just travelled from a different city to meet X.;travelling_to_meet_someone;735;Are you in the mood for oysters?;That sounds good.;At present he wish to have oysters.;['Yes', 'No', 'Yes, subject to some conditions', 'In the middle, neither yes nor no', 'Other'];Yes
789;Y has just travelled from a different city to meet X.;travelling_to_meet_someone;736;Would you like to go outside?;I'm into camping in the woods.;He enjoys outside camping especially in the woods.;['Yes', 'No', 'Yes, subject to some conditions', 'In the middle, neither yes nor no', 'Other'];Yes
790;Y has just moved into a neighbourhood and meets his/her new neighbour X.;meeting_new_neighbour;434;How do you like the area?;I can't wait to leave.;She is expressing dissatisfaction with the area and is looking forward to leaving.;['Yes', 'No', 'Yes, subject to some conditions', 'In the middle, neither yes nor no', 'Other'];Other
791;X and Y are childhood neighbours who unexpectedly run into each other at a cafe.;meeting_childhood_neighbour;737;Have you kept in contact with anyone we used to know?;Some of them I have;He indicates that they have kept in contact with some of the people they used to know.;['Yes', 'No', 'Yes, subject to some conditions', 'In the middle, neither yes nor no', 'Other'];Yes
792;Y has just travelled from a different city to meet X.;travelling_to_meet_someone;738;Do you want to make dinner at my house?;Let's do it.;She is willing to make dinner at his house.;['Yes', 'No', 'Yes, subject to some conditions', 'In the middle, neither yes nor no', 'Other'];Yes
793;Y has just travelled from a different city to meet X.;travelling_to_meet_someone;739;While you're in town do you want to go see a game of American football?;I wouldn't be a red-blooded American if I didn't.;He expresses their willingness to go see a game of American football while they are in town;['Yes', 'No', 'Yes, subject to some conditions', 'In the middle, neither yes nor no', 'Other'];Yes
794;Y has just moved into a neighbourhood and meets his/her new neighbour X.;meeting_new_neighbour;740;Do you want to come over for a meal?;That would be lovely;She was waiting for a meal invitation and he is open to the idea.;['Yes', 'No', 'Yes, subject to some conditions', 'In the middle, neither yes nor no', 'Other'];Yes
795;Y has just travelled from a different city to meet X.;travelling_to_meet_someone;741;Do you want to rest before we catch up?;I would like to;He wish to have some relaxation before meeting up.;['Yes', 'No', 'Yes, subject to some conditions', 'In the middle, neither yes nor no', 'Other'];Yes
796;X wants to know about Y's music preferences.;music_preferences;742;Have you listened to Tame Impala?;They're my new favorite band.;Recently, she started to listen to Tame Impala.;['Yes', 'No', 'Yes, subject to some conditions', 'In the middle, neither yes nor no', 'Other'];Yes
797;Y has just travelled from a different city to meet X.;travelling_to_meet_someone;632;Would you like to check out this museum?;It looks amazing,;She already vistited the museum and he commended it as amazing.;['Yes', 'No', 'Yes, subject to some conditions', 'In the middle, neither yes nor no', 'Other'];Yes
798;X wants to know about Y's food preferences.;food_preferences;743;Are you game for seafood this weekend?;If it's fresh.;He only like fresh seafood and he wish to have it weekend.;['Yes', 'No', 'Yes, subject to some conditions', 'In the middle, neither yes nor no', 'Other'];Yes, subject to some conditions
799;X and Y are childhood neighbours who unexpectedly run into each other at a cafe.;meeting_childhood_neighbour;744;Will you be going to the big New Year's Eve party this year?;I have plans to be in Paris for NYE.;He implies that they won't be attending the big New Year's Eve party because he already have plans to be in Paris for New Year's Eve.;['Yes', 'No', 'Yes, subject to some conditions', 'In the middle, neither yes nor no', 'Other'];No
800;X wants to know about Y's music preferences.;music_preferences;745;Do you like music?;I enjoy pop and rock.;She enjoys music, especially pop and rock.;['Yes', 'No', 'Yes, subject to some conditions', 'In the middle, neither yes nor no', 'Other'];Yes
801;Y has just told X that he/she is considering switching his/her job.;switching_jobs;746;Do you have many different skills and talents?;I am only good at sports.;His interest lies only in sports.;['Yes', 'No', 'Yes, subject to some conditions', 'In the middle, neither yes nor no', 'Other'];No
802;X and Y are colleagues who are leaving work on a Friday at the same time.;colleagues_leaving_work;747;What is your schedule for next week?;My calendar is totally full.;She has tight plans for next week.;['Yes', 'No', 'Yes, subject to some conditions', 'In the middle, neither yes nor no', 'Other'];Other
803;X wants to know what activities Y likes to do during weekends.;weekend_activities;748;Would you want to go to the beach this weekend?;I love sandy beaches.;He likes beaches and interested to go at weekends but he prefer sandy beaches.;['Yes', 'No', 'Yes, subject to some conditions', 'In the middle, neither yes nor no', 'Other'];Yes
804;Y has just told X that he/she is considering switching his/her job.;switching_jobs;749;Does your job pay well?;I make a high salary.;She is in a significantly high position and getting a high salary.;['Yes', 'No', 'Yes, subject to some conditions', 'In the middle, neither yes nor no', 'Other'];Yes
805;X wants to know about Y's food preferences.;food_preferences;460;Do you like a variety of food?;I am able to eat anything.;He love to have variety of food and he used to.;['Yes', 'No', 'Yes, subject to some conditions', 'In the middle, neither yes nor no', 'Other'];Yes
806;X and Y are childhood neighbours who unexpectedly run into each other at a cafe.;meeting_childhood_neighbour;750;Do you ever wish we were still neighbors?;The new neighbor's dog drives me crazy;He implies that they sometimes wish they were still neighbors, possibly to avoid dealing with the annoyance caused by the new neighbor's dog.;['Yes', 'No', 'Yes, subject to some conditions', 'In the middle, neither yes nor no', 'Other'];Yes
807;Y has just moved into a neighbourhood and meets his/her new neighbour X.;meeting_new_neighbour;751;Any pets?;I have a few koi fish in the pond in my yard.;She likes fish and have a few koi fish with her.;['Yes', 'No', 'Yes, subject to some conditions', 'In the middle, neither yes nor no', 'Other'];Yes
808;X wants to know what sorts of books Y likes to read.;book_preferences;476;Do you prefer happy endings?;It's nice when things work out in the end.;He prefer happy ending because that make him feel good.;['Yes', 'No', 'Yes, subject to some conditions', 'In the middle, neither yes nor no', 'Other'];Yes
809;X wants to know about Y's music preferences.;music_preferences;752;Have you played an instrument before?;I have played the violin for as long as I can remember.;He has proficiency in playing violin.;['Yes', 'No', 'Yes, subject to some conditions', 'In the middle, neither yes nor no', 'Other'];Yes
810;X and Y are childhood neighbours who unexpectedly run into each other at a cafe.;meeting_childhood_neighbour;607;Are you fit and healthy?;I go to the gym regularly.;She is health concious and regularly visit gym to maintain fit and healthy.;['Yes', 'No', 'Yes, subject to some conditions', 'In the middle, neither yes nor no', 'Other'];Yes
811;X wants to know about Y's food preferences.;food_preferences;753;Is pizza ok?;You never need to ask me that.;She love to have pizza at any time.;['Yes', 'No', 'Yes, subject to some conditions', 'In the middle, neither yes nor no', 'Other'];Yes
812;X and Y are childhood neighbours who unexpectedly run into each other at a cafe.;meeting_childhood_neighbour;754;Have you seen the old neighborhood?;I drove through this morning.;He usually visit their old neighborhood, even today morning also he drov through there.;['Yes', 'No', 'Yes, subject to some conditions', 'In the middle, neither yes nor no', 'Other'];Yes
813;Y has just told X that he/she is thinking of buying a flat in New York.;buying_a_flat;755;Do you want to stay in this neighborhood?;I'm not married to it.;She is not strongly attached to staying in the current neighborhood and is open to considering other options.;['Yes', 'No', 'Yes, subject to some conditions', 'In the middle, neither yes nor no', 'Other'];No
814;X wants to know about Y's food preferences.;food_preferences;756;Do you like fancy restaurants?;Fine food is my favourite thing.;No matter whether the restaurant is fancy or not but he just concerned about the quality of food.;['Yes', 'No', 'Yes, subject to some conditions', 'In the middle, neither yes nor no', 'Other'];Yes
815;Y has just told X that he/she is thinking of buying a flat in New York.;buying_a_flat;757;Do you know how much it costs to move?;I have to research movers.;She have no idea about the cost to move.;['Yes', 'No', 'Yes, subject to some conditions', 'In the middle, neither yes nor no', 'Other'];No
816;X and Y are childhood neighbours who unexpectedly run into each other at a cafe.;meeting_childhood_neighbour;758;Do you have an interest in movies?;I am a videophile.;He is enthusiastic about watching and collecting films.;['Yes', 'No', 'Yes, subject to some conditions', 'In the middle, neither yes nor no', 'Other'];Yes
817;X and Y are colleagues who are leaving work on a Friday at the same time.;colleagues_leaving_work;578;Would you like to meet me for a drink?;We could go tomorrow.;She is interested to meet him for a drink and she put a plan for tomorrow.;['Yes', 'No', 'Yes, subject to some conditions', 'In the middle, neither yes nor no', 'Other'];Yes
818;X wants to know what activities Y likes to do during weekends.;weekend_activities;759;Would you like to go biking Saturday?;I need to get a bike first;He like biking saturday and he is ready to arrange a bike.;['Yes', 'No', 'Yes, subject to some conditions', 'In the middle, neither yes nor no', 'Other'];Yes, subject to some conditions
819;X wants to know what sorts of books Y likes to read.;book_preferences;760;Are you going to watch Star Wars at the movies?;The Avengers movies are more interesting.;She is more interested in watching the Avengers movies rather than Star Wars at the movies.;['Yes', 'No', 'Yes, subject to some conditions', 'In the middle, neither yes nor no', 'Other'];No
820;X wants to know what sorts of books Y likes to read.;book_preferences;761;Have you read the new Game of Thrones books?;I've only watched the TV series.;He has no interest in reading and his favorite hobby is to watching TV series.;['Yes', 'No', 'Yes, subject to some conditions', 'In the middle, neither yes nor no', 'Other'];No
821;Y has just told X that he/she is thinking of buying a flat in New York.;buying_a_flat;710;Have you got enough savings to live for 6 months?;I've squirrelled enough away.;She has enough savings to live for 6 months.;['Yes', 'No', 'Yes, subject to some conditions', 'In the middle, neither yes nor no', 'Other'];Yes
822;X wants to know about Y's food preferences.;food_preferences;762;Do you like pizza?;I enjoy making my own at home.;He like pizza which is made by himself.;['Yes', 'No', 'Yes, subject to some conditions', 'In the middle, neither yes nor no', 'Other'];Yes, subject to some conditions
823;X and Y are colleagues who are leaving work on a Friday at the same time.;colleagues_leaving_work;763;Did you have a busy day?;Far too busy for my liking, unfortunately.;He was exhausted because of extreemly busy schedule.;['Yes', 'No', 'Yes, subject to some conditions', 'In the middle, neither yes nor no', 'Other'];Yes
824;Y has just moved into a neighbourhood and meets his/her new neighbour X.;meeting_new_neighbour;764;Are you a member of a club or group?;I don't join clubs;He is not a member of a club or group.;['Yes', 'No', 'Yes, subject to some conditions', 'In the middle, neither yes nor no', 'Other'];No
825;Y has just told X that he/she is thinking of buying a flat in New York.;buying_a_flat;765;Have you found a place yet?;I've narrowed the choices down to 2.;She has not found a place yet, but she narrowed down their choices to two options.;['Yes', 'No', 'Yes, subject to some conditions', 'In the middle, neither yes nor no', 'Other'];No
826;X wants to know about Y's food preferences.;food_preferences;766;Have you eaten a lot of seafood?;Everything except prawns;She is allergic to prawns, so except prawns she consumed lot of seafood.;['Yes', 'No', 'Yes, subject to some conditions', 'In the middle, neither yes nor no', 'Other'];Yes
827;X and Y are childhood neighbours who unexpectedly run into each other at a cafe.;meeting_childhood_neighbour;767;Did you end up going to college?;I went years ago;Years back he ended going to college.;['Yes', 'No', 'Yes, subject to some conditions', 'In the middle, neither yes nor no', 'Other'];Yes
828;X and Y are colleagues who are leaving work on a Friday at the same time.;colleagues_leaving_work;768;Should we get drinks later?;I'd love to catch up.;She is open to the idea of having drinks later.;['Yes', 'No', 'Yes, subject to some conditions', 'In the middle, neither yes nor no', 'Other'];Yes
829;X wants to know about Y's food preferences.;food_preferences;756;Do you like fancy restaurants?;When they aren't too expensive.;He is running with a limited budget, so he can only afford restaurants with in that budget.;['Yes', 'No', 'Yes, subject to some conditions', 'In the middle, neither yes nor no', 'Other'];Yes, subject to some conditions
830;X and Y are colleagues who are leaving work on a Friday at the same time.;colleagues_leaving_work;769;Do you want to go see a movie?;I might be too tired.;She might be too tired and not in a mood to see a movie.;['Yes', 'No', 'Yes, subject to some conditions', 'In the middle, neither yes nor no', 'Other'];No
831;X wants to know about Y's music preferences.;music_preferences;770;Do you play any wind or string instruments?;I can play the banjo.;He plays string instrument, banjo.;['Yes', 'No', 'Yes, subject to some conditions', 'In the middle, neither yes nor no', 'Other'];Yes
832;X wants to know what sorts of books Y likes to read.;book_preferences;771;Do you like books based on true events?;I'd rather read thrillers.;He prefer to read thrillers, no matter whether they are true events or not.;['Yes', 'No', 'Yes, subject to some conditions', 'In the middle, neither yes nor no', 'Other'];No
833;Y has just travelled from a different city to meet X.;travelling_to_meet_someone;772;Are you enjoying your time here?;So far, I've had a lot of fun.;She feels content with the place by having lot of fun, so far.;['Yes', 'No', 'Yes, subject to some conditions', 'In the middle, neither yes nor no', 'Other'];Yes
834;X and Y are colleagues who are leaving work on a Friday at the same time.;colleagues_leaving_work;490;Would you like to go to the movies tonight?;I need to catch up with my homework tonight.;He wish to go to movie but today it won't work, because he has to complete his homework.;['Yes', 'No', 'Yes, subject to some conditions', 'In the middle, neither yes nor no', 'Other'];No
835;X and Y are childhood neighbours who unexpectedly run into each other at a cafe.;meeting_childhood_neighbour;773;Do you live around here?;I got as far away as I could get.;She dislike that place and she managed to find a place to live as far away as she could get.;['Yes', 'No', 'Yes, subject to some conditions', 'In the middle, neither yes nor no', 'Other'];No
836;X wants to know about Y's food preferences.;food_preferences;460;Do you like a variety of food?;I like most food;He likes to enjoy variety of food and he like most cusines;['Yes', 'No', 'Yes, subject to some conditions', 'In the middle, neither yes nor no', 'Other'];Yes
837;X wants to know about Y's food preferences.;food_preferences;460;Do you like a variety of food?;I like most food;He likes to enjoy variety of food and he like most cusines;['Yes', 'No', 'Yes, subject to some conditions', 'In the middle, neither yes nor no', 'Other'];Yes
838;X wants to know about Y's music preferences.;music_preferences;774;Have you heard any new music recently?;I got the new Ron Sexsmith song on Spotify.;She is a fan of Ron Sexsmith song and heard his new song also.;['Yes', 'No', 'Yes, subject to some conditions', 'In the middle, neither yes nor no', 'Other'];Yes
839;X and Y are colleagues who are leaving work on a Friday at the same time.;colleagues_leaving_work;775;I'm so bored, wanna go have some fun?;It depends on what you'd like to do.;He is not open for any fun and his decision for join depends up on the type of fun they are planing.;['Yes', 'No', 'Yes, subject to some conditions', 'In the middle, neither yes nor no', 'Other'];Yes, subject to some conditions
840;X wants to know what activities Y likes to do during weekends.;weekend_activities;776;Have you ever ride a horse?;I've never wanted to.;She never ride a horse and she not at all wanted too.;['Yes', 'No', 'Yes, subject to some conditions', 'In the middle, neither yes nor no', 'Other'];No
841;X wants to know what sorts of books Y likes to read.;book_preferences;777;Have you heard about the author J.K. Rowlings?;Harry Potter is marvelous.;He know J.K. Rowlings and he is the fan of Rowling's book Harry Potter.;['Yes', 'No', 'Yes, subject to some conditions', 'In the middle, neither yes nor no', 'Other'];Yes
842;X wants to know about Y's music preferences.;music_preferences;778;Do you enjoy listening to classical music?;I prefer something with a beat.;Rather than classical music, she enjoy music with beats.;['Yes', 'No', 'Yes, subject to some conditions', 'In the middle, neither yes nor no', 'Other'];No
843;Y has just travelled from a different city to meet X.;travelling_to_meet_someone;779;Do you prefer to fly when traveling?;Flying is something I enjoy less than any other method of travel.;He always prefer fly as his travel mode.;['Yes', 'No', 'Yes, subject to some conditions', 'In the middle, neither yes nor no', 'Other'];No
844;X wants to know what sorts of books Y likes to read.;book_preferences;780;Do you prefer books published recently?;I don't care when a book was published.;She is less concerned about the year of publication but the content matters.;['Yes', 'No', 'Yes, subject to some conditions', 'In the middle, neither yes nor no', 'Other'];No
845;Y has just told X that he/she is thinking of buying a flat in New York.;buying_a_flat;781;Do you want to go see some flats now?;I've already been.;He is planning to relocate and has already seen many flats.;['Yes', 'No', 'Yes, subject to some conditions', 'In the middle, neither yes nor no', 'Other'];No
846;X wants to know about Y's music preferences.;music_preferences;782;Does music help you relax?;It depends on the genre.;She is very specific to the genre of music and she can enjoy music in that category only.;['Yes', 'No', 'Yes, subject to some conditions', 'In the middle, neither yes nor no', 'Other'];Yes, subject to some conditions
847;X wants to know what activities Y likes to do during weekends.;weekend_activities;783;Are you interested in going to the concert on Sunday?;I love listening to live music!;He us interested to join for concert on sunday.;['Yes', 'No', 'Yes, subject to some conditions', 'In the middle, neither yes nor no', 'Other'];Yes
848;Y has just moved into a neighbourhood and meets his/her new neighbour X.;meeting_new_neighbour;784;Do you enjoy going to the cinema?;I try to see the Oscar-nominated movies every year.;She used to see Oscar-nominated movies every year and she is not much interested to any other.;['Yes', 'No', 'Yes, subject to some conditions', 'In the middle, neither yes nor no', 'Other'];Yes, subject to some conditions
849;Y has just told X that he/she is considering switching his/her job.;switching_jobs;785;Are the people friendly?;The people I work with are the most kind-hearted crew you'll lever meet.;He has an extreem positive attitude about his colligues and he believes they are the best ever a person can have.;['Yes', 'No', 'Yes, subject to some conditions', 'In the middle, neither yes nor no', 'Other'];Yes
850;X wants to know what activities Y likes to do during weekends.;weekend_activities;549;Have you been to the new bar downtown?;I'm not a drinker.;He has not been to the new bar downtown, likely because he are not a drinker.;['Yes', 'No', 'Yes, subject to some conditions', 'In the middle, neither yes nor no', 'Other'];No
851;Y has just told X that he/she is considering switching his/her job.;switching_jobs;786;Is your job well paid?;On my salary I have to live frugally.;Her job is not well paid, and she need to live frugally to manage their expenses.;['Yes', 'No', 'Yes, subject to some conditions', 'In the middle, neither yes nor no', 'Other'];No
852;X wants to know about Y's music preferences.;music_preferences;787;Do you like relaxing music?;I listen to it when I am trying to sleep.;He like to listen for relaxing music as an aid for sleeping.;['Yes', 'No', 'Yes, subject to some conditions', 'In the middle, neither yes nor no', 'Other'];Yes, subject to some conditions
853;X wants to know about Y's food preferences.;food_preferences;788;Have you had Indian food recently?;I'm not a fan of spicy food.;She had Indian food recently and she feels its spicy.;['Yes', 'No', 'Yes, subject to some conditions', 'In the middle, neither yes nor no', 'Other'];No
854;X wants to know about Y's music preferences.;music_preferences;689;Are you still into heavy metal music ?;I stopped being into heavy metal in my 20s.;He was into heavy metal music but not now.;['Yes', 'No', 'Yes, subject to some conditions', 'In the middle, neither yes nor no', 'Other'];No
855;X wants to know what activities Y likes to do during weekends.;weekend_activities;789;Are you more of a homebody?;I like meeting new people.;She is not a homebody and enjoys socializing and meeting new people.;['Yes', 'No', 'Yes, subject to some conditions', 'In the middle, neither yes nor no', 'Other'];No
856;Y has just travelled from a different city to meet X.;travelling_to_meet_someone;790;Are you ready to go out for dinner?;I was ready an hour ago.;She is ready and eagerly waiting for the outdoor dinner.;['Yes', 'No', 'Yes, subject to some conditions', 'In the middle, neither yes nor no', 'Other'];Yes
857;X wants to know what sorts of books Y likes to read.;book_preferences;791;Do you prefer to hold a book?;I'm old-school, I like to read a physical book.;He like to read physical book rather than e-books.;['Yes', 'No', 'Yes, subject to some conditions', 'In the middle, neither yes nor no', 'Other'];Yes
858;Y has just told X that he/she is thinking of buying a flat in New York.;buying_a_flat;792;Would you consider somewhere cheaper?;It's cheaper elsewhere for a reason - look at all New York has to offer!;She is willing to pay a higher price to live in New York because she value the city's offerings and opportunities despite the higher cost of living.;['Yes', 'No', 'Yes, subject to some conditions', 'In the middle, neither yes nor no', 'Other'];No
859;X wants to know what sorts of books Y likes to read.;book_preferences;793;Do you like fiction books?;I read everything.;His reading preference is not limited to fiction, he reads everything.;['Yes', 'No', 'Yes, subject to some conditions', 'In the middle, neither yes nor no', 'Other'];Yes
860;Y has just told X that he/she is considering switching his/her job.;switching_jobs;699;Have you worked for a corporation before?;I do in my current job.;She experienced working with corporation in her current job.;['Yes', 'No', 'Yes, subject to some conditions', 'In the middle, neither yes nor no', 'Other'];Yes
861;X wants to know what activities Y likes to do during weekends.;weekend_activities;794;Are you interested in fishing this weekend?;Let's go!;He is open to the idea of fishing this weekend.;['Yes', 'No', 'Yes, subject to some conditions', 'In the middle, neither yes nor no', 'Other'];Yes
862;X wants to know what activities Y likes to do during weekends.;weekend_activities;795;Do you want something spicy?;I can't handle spicy food.;She is not at all interested in spicy food.;['Yes', 'No', 'Yes, subject to some conditions', 'In the middle, neither yes nor no', 'Other'];No
863;Y has just travelled from a different city to meet X.;travelling_to_meet_someone;796;Are you still planning to retire next year?;I wish!;He wish to retire next year.;['Yes', 'No', 'Yes, subject to some conditions', 'In the middle, neither yes nor no', 'Other'];No
864;X wants to know what sorts of books Y likes to read.;book_preferences;797;Are you a fan of science fiction?;Some of it is worth reading more than once.;She is a fan of science fiction and she reads selected books morethan once.;['Yes', 'No', 'Yes, subject to some conditions', 'In the middle, neither yes nor no', 'Other'];Yes
865;Y has just moved into a neighbourhood and meets his/her new neighbour X.;meeting_new_neighbour;798;Would you like to come for dinner;If you're cooking;He likes her cooking and he wish to have it in dinner.;['Yes', 'No', 'Yes, subject to some conditions', 'In the middle, neither yes nor no', 'Other'];Yes, subject to some conditions
866;Y has just told X that he/she is thinking of buying a flat in New York.;buying_a_flat;799;Have you already researched some places?;I plan to discover places by walking around the city.;Till now, he has not searched any places but he prepared a plan for the same.;['Yes', 'No', 'Yes, subject to some conditions', 'In the middle, neither yes nor no', 'Other'];No
867;Y has just moved into a neighbourhood and meets his/her new neighbour X.;meeting_new_neighbour;800;Did you grow up in the area?;I have family nearby, but I'm from out of state.;She is from out of the state.;['Yes', 'No', 'Yes, subject to some conditions', 'In the middle, neither yes nor no', 'Other'];No
868;X wants to know what activities Y likes to do during weekends.;weekend_activities;801;Will a good meal be a good idea?;I often eat out at expensive restaurants.;He like to have good meal and he believe that only expensive restaurants can offer that.;['Yes', 'No', 'Yes, subject to some conditions', 'In the middle, neither yes nor no', 'Other'];In the middle, neither yes nor no
869;X and Y are childhood neighbours who unexpectedly run into each other at a cafe.;meeting_childhood_neighbour;802;Do you like Harry Potter?;I prefer the Hunger Games.;She prefer Hunger Games rather than Harry Potter.;['Yes', 'No', 'Yes, subject to some conditions', 'In the middle, neither yes nor no', 'Other'];No
870;X and Y are childhood neighbours who unexpectedly run into each other at a cafe.;meeting_childhood_neighbour;803;Have you seen anyone else from the old neighborhood lately?;You're the first person I've seen from my childhood.;He has not encountered anyone else from their old neighborhood recently and she is the only person seen from their childhood in a long time.;['Yes', 'No', 'Yes, subject to some conditions', 'In the middle, neither yes nor no', 'Other'];No
871;X and Y are childhood neighbours who unexpectedly run into each other at a cafe.;meeting_childhood_neighbour;804;Want to grab a coffee so we can catch up more?;I have to run right now -- call me later.;Currently, she is not interested to meet him, so she is trying to postpond it.;['Yes', 'No', 'Yes, subject to some conditions', 'In the middle, neither yes nor no', 'Other'];No
872;Y has just told X that he/she is considering switching his/her job.;switching_jobs;805;Is it a better paid job?;I'll finally have more money to go out more!;His new job offers better pay compared to the previous one, so he can afford to go out more frequently.;['Yes', 'No', 'Yes, subject to some conditions', 'In the middle, neither yes nor no', 'Other'];Yes
873;Y has just told X that he/she is considering switching his/her job.;switching_jobs;806;Any thoughts on what you'd do instead?;I'd rather work in IT.;She thinks she can perform better in IT industry than the current working sector.;['Yes', 'No', 'Yes, subject to some conditions', 'In the middle, neither yes nor no', 'Other'];Yes
874;X wants to know what sorts of books Y likes to read.;book_preferences;807;Have you read the Harry Potter books?;JK Rowling is one of my favorite authors.;He follow most of the JK Rowling's books, so obviously read the Harry Potter.;['Yes', 'No', 'Yes, subject to some conditions', 'In the middle, neither yes nor no', 'Other'];Yes
875;X wants to know about Y's food preferences.;food_preferences;808;Will you wait in line if the food is good?;I have plenty of time!;She is ready to wait for good food.;['Yes', 'No', 'Yes, subject to some conditions', 'In the middle, neither yes nor no', 'Other'];Yes
876;Y has just told X that he/she is considering switching his/her job.;switching_jobs;809;you don't like the company culture?;It is a toxic environment.;He is not happy with the company's culture and finds it detrimental to their well-being and overall work experience.;['Yes', 'No', 'Yes, subject to some conditions', 'In the middle, neither yes nor no', 'Other'];No
877;X and Y are childhood neighbours who unexpectedly run into each other at a cafe.;meeting_childhood_neighbour;810;Did you graduate college?;I got kicked out before I could graduate.;She did not successfully complete her college education and, in fact, got expelled before they could graduate.;['Yes', 'No', 'Yes, subject to some conditions', 'In the middle, neither yes nor no', 'Other'];No
878;X wants to know about Y's music preferences.;music_preferences;430;Do you like Jazz music?;I tend to play folks music.;Rather than jazz music he likes folks music.;['Yes', 'No', 'Yes, subject to some conditions', 'In the middle, neither yes nor no', 'Other'];No
879;X wants to know what sorts of books Y likes to read.;book_preferences;811;Do you have a favorite author?;I like too many to make a decision.;She is a regular reader and have a list of favorite author, so picking one is difficult.;['Yes', 'No', 'Yes, subject to some conditions', 'In the middle, neither yes nor no', 'Other'];No
880;Y has just told X that he/she is thinking of buying a flat in New York.;buying_a_flat;812;Do have family in New York?;I am all alone.;She does not have any family living in New York, he is alone in the city.;['Yes', 'No', 'Yes, subject to some conditions', 'In the middle, neither yes nor no', 'Other'];No
881;Y has just travelled from a different city to meet X.;travelling_to_meet_someone;813;Did you have a good journey?;I'm so relieved to be finally here!;His journey was tiring and after reaching the destination he feel relieved.;['Yes', 'No', 'Yes, subject to some conditions', 'In the middle, neither yes nor no', 'Other'];No
882;X and Y are colleagues who are leaving work on a Friday at the same time.;colleagues_leaving_work;814;Did you have a good workday?;I am thrilled with my day.;She had a great workday with challenging duties.;['Yes', 'No', 'Yes, subject to some conditions', 'In the middle, neither yes nor no', 'Other'];Yes
883;X wants to know what activities Y likes to do during weekends.;weekend_activities;815;Did you go anywhere last weekend?;We had a road trip to the mountains.;Last week, they had a wonderful road trip to the mountains.;['Yes', 'No', 'Yes, subject to some conditions', 'In the middle, neither yes nor no', 'Other'];Yes
884;X wants to know what activities Y likes to do during weekends.;weekend_activities;795;Do you want something spicy?;I always crave spicy food.;He enjoys spicy food and is always eager to have something with spice.;['Yes', 'No', 'Yes, subject to some conditions', 'In the middle, neither yes nor no', 'Other'];Yes
885;X wants to know what sorts of books Y likes to read.;book_preferences;510;Do you like mysteries?;I have a few that I like.;She enjoys reading some mystery books, but she might not be a dedicated fan of the genre.;['Yes', 'No', 'Yes, subject to some conditions', 'In the middle, neither yes nor no', 'Other'];Yes
886;X and Y are colleagues who are leaving work on a Friday at the same time.;colleagues_leaving_work;816;Do you drive?;I'm getting a cab.;He don't drive and he used to get a cab.;['Yes', 'No', 'Yes, subject to some conditions', 'In the middle, neither yes nor no', 'Other'];No
887;X wants to know about Y's music preferences.;music_preferences;817;Did you attend the latest Madonna concert?;i have never seen Madonna.;She has not attended any Madonna concert in the past.;['Yes', 'No', 'Yes, subject to some conditions', 'In the middle, neither yes nor no', 'Other'];No
888;Y has just moved into a neighbourhood and meets his/her new neighbour X.;meeting_new_neighbour;818;Do you go to the cinema often?;Once a month at least.;He won't get enough time for movies, eventhough he manage to see once a month atleast.;['Yes', 'No', 'Yes, subject to some conditions', 'In the middle, neither yes nor no', 'Other'];Yes
889;X wants to know about Y's music preferences.;music_preferences;819;Are you a fan of electronic music?;I don't like all the bass.;She don't like all the bass in the electronic music.;['Yes', 'No', 'Yes, subject to some conditions', 'In the middle, neither yes nor no', 'Other'];No
890;Y has just travelled from a different city to meet X.;travelling_to_meet_someone;820;Did you bring the beer?;I have it in a bag right here.;As he promised, he brought beer and it is in his bag.;['Yes', 'No', 'Yes, subject to some conditions', 'In the middle, neither yes nor no', 'Other'];Yes
891;X wants to know what sorts of books Y likes to read.;book_preferences;821;Do you like business related books?;Business topics don't interest me.;She don't like business related books.;['Yes', 'No', 'Yes, subject to some conditions', 'In the middle, neither yes nor no', 'Other'];No
892;Y has just told X that he/she is considering switching his/her job.;switching_jobs;822;Is it challenging?;It is a difficult decision.;It is challenging but it difficult to provide a comment on them.;['Yes', 'No', 'Yes, subject to some conditions', 'In the middle, neither yes nor no', 'Other'];Yes
893;X and Y are childhood neighbours who unexpectedly run into each other at a cafe.;meeting_childhood_neighbour;823;Do your parents still live in the same house?;Not anymore, they moved some time ago.;His parents are not living with him, they moved some time ago.;['Yes', 'No', 'Yes, subject to some conditions', 'In the middle, neither yes nor no', 'Other'];No
894;Y has just told X that he/she is considering switching his/her job.;switching_jobs;824;Do you have experience managing others in your current job?;I have some experience;She does has some experience in managing others in her current job.;['Yes', 'No', 'Yes, subject to some conditions', 'In the middle, neither yes nor no', 'Other'];Yes
895;X and Y are childhood neighbours who unexpectedly run into each other at a cafe.;meeting_childhood_neighbour;767;Did you end up going to college?;I learned on the job.;He did not go to college but gained knowledge and skills through hands-on experience.;['Yes', 'No', 'Yes, subject to some conditions', 'In the middle, neither yes nor no', 'Other'];No
896;Y has just told X that he/she is considering switching his/her job.;switching_jobs;825;Do you think you will get a promotion there?;Maybe if I work hard enough, I can get one very soon.;She hope she will get a promotion soon but for that she need to work hard.;['Yes', 'No', 'Yes, subject to some conditions', 'In the middle, neither yes nor no', 'Other'];Yes, subject to some conditions
897;X wants to know what activities Y likes to do during weekends.;weekend_activities;826;Have you checked the concerts happening in the area?;I'm not a fan of live music.;He has no idea about the concerts list because he is not into it.;['Yes', 'No', 'Yes, subject to some conditions', 'In the middle, neither yes nor no', 'Other'];No
898;Y has just told X that he/she is thinking of buying a flat in New York.;buying_a_flat;827;Do you need a separate office?;Preferably, as I work from home.;She prefer to have a separate office since they work from home.;['Yes', 'No', 'Yes, subject to some conditions', 'In the middle, neither yes nor no', 'Other'];Yes
899;X wants to know what activities Y likes to do during weekends.;weekend_activities;828;Have you been to that new restaurant?;I heard it's really good, but I can't afford it.;He hasn't visited the new restaurant because it is expensive and he is running with a limited budget.;['Yes', 'No', 'Yes, subject to some conditions', 'In the middle, neither yes nor no', 'Other'];No
900;X wants to know what sorts of books Y likes to read.;book_preferences;829;Are you interested in historical novels?;I prefer fictional stories.;She prefer fictional stories rather than historical novels.;['Yes', 'No', 'Yes, subject to some conditions', 'In the middle, neither yes nor no', 'Other'];No
901;X wants to know about Y's food preferences.;food_preferences;620;Do you like to eat at restaurants where they have a prix fix menus?;Those are always too expensive.;His budget is very low and he cannot afford that expense.;['Yes', 'No', 'Yes, subject to some conditions', 'In the middle, neither yes nor no', 'Other'];No
902;X and Y are colleagues who are leaving work on a Friday at the same time.;colleagues_leaving_work;830;Want to go to Happy Hour?;I'll meet you there.;She is open to the plan.;['Yes', 'No', 'Yes, subject to some conditions', 'In the middle, neither yes nor no', 'Other'];Yes
903;Y has just told X that he/she is thinking of buying a flat in New York.;buying_a_flat;765;Have you found a place yet?;Still on the hunt!;He hasn't find a place yet and still in search.;['Yes', 'No', 'Yes, subject to some conditions', 'In the middle, neither yes nor no', 'Other'];No
904;Y has just moved into a neighbourhood and meets his/her new neighbour X.;meeting_new_neighbour;831;Have you been living here for a long time?;I only just arrived.;She is new to the place.;['Yes', 'No', 'Yes, subject to some conditions', 'In the middle, neither yes nor no', 'Other'];No
905;X wants to know about Y's food preferences.;food_preferences;832;Would you prefer something already made?;I like to make things from scratch.;He can believe things which is made from scratch.;['Yes', 'No', 'Yes, subject to some conditions', 'In the middle, neither yes nor no', 'Other'];No
906;X wants to know what sorts of books Y likes to read.;book_preferences;833;Do you use an e-reader?;I read stories in many ways.;He use many ways for reading, including e-reading.;['Yes', 'No', 'Yes, subject to some conditions', 'In the middle, neither yes nor no', 'Other'];Yes
907;X wants to know what sorts of books Y likes to read.;book_preferences;834;Have you read Khalid Hoseni yet?;One of his books has been sitting on my bookshelf all year.;She has not yet read the book by Khalid Hosseini despite having it on her bookshelf for a long time.;['Yes', 'No', 'Yes, subject to some conditions', 'In the middle, neither yes nor no', 'Other'];No
908;X wants to know what activities Y likes to do during weekends.;weekend_activities;835;Is spending time outdoors something you enjoy?;Nature's the bomb.;He love to stay outdoor and enjoy the nature.;['Yes', 'No', 'Yes, subject to some conditions', 'In the middle, neither yes nor no', 'Other'];Yes
909;X wants to know about Y's music preferences.;music_preferences;418;Do you like Rnb?;It makes me want to get down.;She enjoys RnB music because it has a rhythm or beat that makes her dance.;['Yes', 'No', 'Yes, subject to some conditions', 'In the middle, neither yes nor no', 'Other'];Yes
910;X wants to know what activities Y likes to do during weekends.;weekend_activities;836;Want to check out that new coffee shop?;I need to lie down at home right now.;It was a tiring day for him and he wants to take rest at home.;['Yes', 'No', 'Yes, subject to some conditions', 'In the middle, neither yes nor no', 'Other'];No
911;X wants to know about Y's food preferences.;food_preferences;837;Want to go somewhere in the Domain?;Not sure if I know what the Domain is.;She is not aware of the domain, so she is unable to answer without further clarification .;['Yes', 'No', 'Yes, subject to some conditions', 'In the middle, neither yes nor no', 'Other'];In the middle, neither yes nor no
912;X wants to know about Y's food preferences.;food_preferences;838;Are you a dessert connoisseur?;I don't have a sweet tooth.;He is not particularly fond of desserts and does not consumes often.;['Yes', 'No', 'Yes, subject to some conditions', 'In the middle, neither yes nor no', 'Other'];No
913;X wants to know about Y's food preferences.;food_preferences;838;Are you a dessert connoisseur?;I don't have a sweet tooth.;He is not particularly fond of desserts and does not consumes often.;['Yes', 'No', 'Yes, subject to some conditions', 'In the middle, neither yes nor no', 'Other'];No
914;X wants to know what sorts of books Y likes to read.;book_preferences;839;Do you ever read books on an E-reader;Reading on a screen makes my eyes hurt.;She had experienced E-book reading but it makes her eyes hurt.;['Yes', 'No', 'Yes, subject to some conditions', 'In the middle, neither yes nor no', 'Other'];No
915;Y has just travelled from a different city to meet X.;travelling_to_meet_someone;840;Did you like the restaurant we went to?;I would rate it 1 out of 5.;He had a worst experience from that restaurant.;['Yes', 'No', 'Yes, subject to some conditions', 'In the middle, neither yes nor no', 'Other'];No
916;X wants to know what activities Y likes to do during weekends.;weekend_activities;841;Are you into outdoor hobbies?;I'll do anything outside.;She enjoys outdoor activities rather than indoor.;['Yes', 'No', 'Yes, subject to some conditions', 'In the middle, neither yes nor no', 'Other'];Yes
917;X wants to know about Y's food preferences.;food_preferences;842;Want to try a trendy new place?;I like new places;He like to explore places and he never miss a chance for that.;['Yes', 'No', 'Yes, subject to some conditions', 'In the middle, neither yes nor no', 'Other'];Yes
918;Y has just travelled from a different city to meet X.;travelling_to_meet_someone;843;Have you been well?;I've never been happier.;She is not well.;['Yes', 'No', 'Yes, subject to some conditions', 'In the middle, neither yes nor no', 'Other'];Yes
919;Y has just travelled from a different city to meet X.;travelling_to_meet_someone;844;Do you have energy to go out tonight?;I think I'll just nap tonight, if you don't mind.;He is tired and he want to get nice sleep rather than outing.;['Yes', 'No', 'Yes, subject to some conditions', 'In the middle, neither yes nor no', 'Other'];No
920;Y has just told X that he/she is thinking of buying a flat in New York.;buying_a_flat;845;Do you have a job in New York?;I landed one just before I moved.;She did manage to find a job in New York before they relocated.;['Yes', 'No', 'Yes, subject to some conditions', 'In the middle, neither yes nor no', 'Other'];Yes
921;Y has just told X that he/she is considering switching his/her job.;switching_jobs;846;Do you like kids?;I'm a fan of my nieces and nephews.;He likes kids.;['Yes', 'No', 'Yes, subject to some conditions', 'In the middle, neither yes nor no', 'Other'];Yes
922;X and Y are childhood neighbours who unexpectedly run into each other at a cafe.;meeting_childhood_neighbour;847;Do you still have a pet?;I have three.;She likes pets and has three pets.;['Yes', 'No', 'Yes, subject to some conditions', 'In the middle, neither yes nor no', 'Other'];Yes
923;Y has just told X that he/she is thinking of buying a flat in New York.;buying_a_flat;730;Is it crowded and busy in that area?;I hope not!;He don't think the place is crowded and busy.;['Yes', 'No', 'Yes, subject to some conditions', 'In the middle, neither yes nor no', 'Other'];In the middle, neither yes nor no
924;X and Y are colleagues who are leaving work on a Friday at the same time.;colleagues_leaving_work;848;Are we meeting at my house later?;I think we should;She prefer to have a meeting later.;['Yes', 'No', 'Yes, subject to some conditions', 'In the middle, neither yes nor no', 'Other'];Yes
925;Y has just moved into a neighbourhood and meets his/her new neighbour X.;meeting_new_neighbour;849;Do have any pets?;I want a dog soon;He don't have any pet yet but would like to have a dog soon.;['Yes', 'No', 'Yes, subject to some conditions', 'In the middle, neither yes nor no', 'Other'];No
926;X and Y are colleagues who are leaving work on a Friday at the same time.;colleagues_leaving_work;850;Are you going to play golf today?;Only if it isn't going to rain.;She is willing to play golf today as long as the weather condition is pleasant with out rain.;['Yes', 'No', 'Yes, subject to some conditions', 'In the middle, neither yes nor no', 'Other'];Yes, subject to some conditions
927;X wants to know what activities Y likes to do during weekends.;weekend_activities;851;Would you like to hike?;Hiking is my favourite exercise.;He would like to hike.;['Yes', 'No', 'Yes, subject to some conditions', 'In the middle, neither yes nor no', 'Other'];Yes
928;X and Y are colleagues who are leaving work on a Friday at the same time.;colleagues_leaving_work;852;How about we go get a drink together?;I have plans tonight.;She is open to have a drink together but not tonight.;['Yes', 'No', 'Yes, subject to some conditions', 'In the middle, neither yes nor no', 'Other'];No
929;Y has just told X that he/she is thinking of buying a flat in New York.;buying_a_flat;853;Is one bedroom enough?;It should be;He is happy with one bedroom accommodation.;['Yes', 'No', 'Yes, subject to some conditions', 'In the middle, neither yes nor no', 'Other'];Yes
930;X wants to know what sorts of books Y likes to read.;book_preferences;854;Do you like reading true crime novels?;They're not interesting to me.;She is not interested to read true crime novels.;['Yes', 'No', 'Yes, subject to some conditions', 'In the middle, neither yes nor no', 'Other'];No
931;X wants to know what sorts of books Y likes to read.;book_preferences;855;Would a mystery be enjoyable?;If I didn't have anything else to read.;He is not in to mystery genre but if he don't have anything else to read then he go for mystery books.;['Yes', 'No', 'Yes, subject to some conditions', 'In the middle, neither yes nor no', 'Other'];Yes, subject to some conditions
932;Y has just told X that he/she is thinking of buying a flat in New York.;buying_a_flat;856;Do you think you'd like living in New York?;I've always wanted to try it.;She has strong affinity to live in New York and she always keep try for the same.;['Yes', 'No', 'Yes, subject to some conditions', 'In the middle, neither yes nor no', 'Other'];Yes
933;X and Y are childhood neighbours who unexpectedly run into each other at a cafe.;meeting_childhood_neighbour;857;Would you like to meet up for dinner?;Sounds good.;He would like to meet up for dinner.;['Yes', 'No', 'Yes, subject to some conditions', 'In the middle, neither yes nor no', 'Other'];Yes
934;X wants to know what sorts of books Y likes to read.;book_preferences;858;Did you check the new short story books published recently?;I haven't seen that.;She is not aware of the new short story books published recently and has not had a chance to check them out yet.;['Yes', 'No', 'Yes, subject to some conditions', 'In the middle, neither yes nor no', 'Other'];No
935;X wants to know what sorts of books Y likes to read.;book_preferences;859;Do you enjoy horror?;Scary stories are upsetting.;He don't like to see horror stories because that make him upset.;['Yes', 'No', 'Yes, subject to some conditions', 'In the middle, neither yes nor no', 'Other'];No
936;Y has just told X that he/she is considering switching his/her job.;switching_jobs;860;Is the pay good?;It comes with a nice pay increase.;She suggest that the payment for the job is better than the current pay.;['Yes', 'No', 'Yes, subject to some conditions', 'In the middle, neither yes nor no', 'Other'];Yes
937;X wants to know what sorts of books Y likes to read.;book_preferences;584;Do you like science fiction?;I prefer to watch horror films.;Rather than science fiction  he love to watch horror movies.;['Yes', 'No', 'Yes, subject to some conditions', 'In the middle, neither yes nor no', 'Other'];No
938;Y has just travelled from a different city to meet X.;travelling_to_meet_someone;590;Have you tried the tex mex here?;It's a little too spicy for me.;She tried the tex mex and he felt it too spicy.;['Yes', 'No', 'Yes, subject to some conditions', 'In the middle, neither yes nor no', 'Other'];Yes
939;X and Y are childhood neighbours who unexpectedly run into each other at a cafe.;meeting_childhood_neighbour;861;Are you very busy these days?;I never seem to have a lot of time for fun.;He always live with a busy schedule.;['Yes', 'No', 'Yes, subject to some conditions', 'In the middle, neither yes nor no', 'Other'];Yes
940;Y has just told X that he/she is thinking of buying a flat in New York.;buying_a_flat;827;Do you need a separate office?;I work on my bed.;She don't want a seperate office, she can even work on her bed.;['Yes', 'No', 'Yes, subject to some conditions', 'In the middle, neither yes nor no', 'Other'];No
941;X wants to know about Y's music preferences.;music_preferences;862;Do you play instruments?;I am all thumbs.;He does not play instruments well.;['Yes', 'No', 'Yes, subject to some conditions', 'In the middle, neither yes nor no', 'Other'];No
942;X wants to know what activities Y likes to do during weekends.;weekend_activities;863;Do you like parks?;I prefer the uncharted woods.;She prefers natural and wild environments like the woods, rather than organized spaces like parks.;['Yes', 'No', 'Yes, subject to some conditions', 'In the middle, neither yes nor no', 'Other'];No
943;X wants to know about Y's food preferences.;food_preferences;677;Do you like cultural delicacies?;I would say I do;He enjoys trying cultural delicacies.;['Yes', 'No', 'Yes, subject to some conditions', 'In the middle, neither yes nor no', 'Other'];Yes
944;X and Y are childhood neighbours who unexpectedly run into each other at a cafe.;meeting_childhood_neighbour;492;Have you gone by to see your old house?;It is no longer standing.;Her old house is no longer existing, it was demolished years back.;['Yes', 'No', 'Yes, subject to some conditions', 'In the middle, neither yes nor no', 'Other'];No
945;X wants to know what sorts of books Y likes to read.;book_preferences;864;Do you have a favorite writer?;Stephen King is my favorite writer.;He is a good reader and Stephen King is his favorite writer.;['Yes', 'No', 'Yes, subject to some conditions', 'In the middle, neither yes nor no', 'Other'];Yes
946;X wants to know about Y's music preferences.;music_preferences;865;Do you like Hip Hop music?;Rap is very important in black culture.;Being in a black culture, she likes Rap rather than Hip Hop.;['Yes', 'No', 'Yes, subject to some conditions', 'In the middle, neither yes nor no', 'Other'];In the middle, neither yes nor no
947;Y has just moved into a neighbourhood and meets his/her new neighbour X.;meeting_new_neighbour;642;Have you lived in the Pacific Northwest for a long time?;I've been here about 10 years.;He lived in the Pacific Northwest for a significant amount of time, approximately 10 years.;['Yes', 'No', 'Yes, subject to some conditions', 'In the middle, neither yes nor no', 'Other'];Yes
948;X wants to know about Y's music preferences.;music_preferences;866;Do you like live music?;I love going to the Croc to see bands.;She enjoys live music and specifically enjoys going to the Croc to see bands perform.;['Yes', 'No', 'Yes, subject to some conditions', 'In the middle, neither yes nor no', 'Other'];Yes
949;Y has just moved into a neighbourhood and meets his/her new neighbour X.;meeting_new_neighbour;867;Did you transfer for work?;I work online currently.;He don't expect a transfer because he curretly work in online mode.;['Yes', 'No', 'Yes, subject to some conditions', 'In the middle, neither yes nor no', 'Other'];No
950;X wants to know what sorts of books Y likes to read.;book_preferences;760;Are you going to watch Star Wars at the movies?;I've already seen that film.;She has already watched the Star Wars movie, so she has no interested in watching it again at the movies.;['Yes', 'No', 'Yes, subject to some conditions', 'In the middle, neither yes nor no', 'Other'];No
951;X wants to know about Y's food preferences.;food_preferences;868;Do you like Indian food?;some of it is okay;He like some of the Indian dishes but not all food.;['Yes', 'No', 'Yes, subject to some conditions', 'In the middle, neither yes nor no', 'Other'];Yes
952;Y has just travelled from a different city to meet X.;travelling_to_meet_someone;869;Would you like to have a bar-b-que?;If bring the grill, I'll bring the meat.;She would like to have self cooked bar-b-que.;['Yes', 'No', 'Yes, subject to some conditions', 'In the middle, neither yes nor no', 'Other'];Yes
953;X and Y are childhood neighbours who unexpectedly run into each other at a cafe.;meeting_childhood_neighbour;870;Have you been to the new restaurant?;I was planning on going tonight.;He hasn't got a chance to visit the restaurant but he has plan for tonight.;['Yes', 'No', 'Yes, subject to some conditions', 'In the middle, neither yes nor no', 'Other'];No
954;X and Y are colleagues who are leaving work on a Friday at the same time.;colleagues_leaving_work;871;Are you going to login to the all-hands meeting online?;I have a doctors appointment.;She will not be able to attend the all-hands meeting online due to the conflicting schedule with the doctor's appointment.;['Yes', 'No', 'Yes, subject to some conditions', 'In the middle, neither yes nor no', 'Other'];No
955;X and Y are childhood neighbours who unexpectedly run into each other at a cafe.;meeting_childhood_neighbour;872;Would you like to grab lunch sometime?;That would be nice.;He  is open to the idea of grabbing lunch together.;['Yes', 'No', 'Yes, subject to some conditions', 'In the middle, neither yes nor no', 'Other'];Yes
956;X wants to know about Y's food preferences.;food_preferences;873;Have you ever tried daal from Tarka?;I don't know what that is.;She has't tried daal from Tarka and even she is not aware of it.;['Yes', 'No', 'Yes, subject to some conditions', 'In the middle, neither yes nor no', 'Other'];No
957;X wants to know what activities Y likes to do during weekends.;weekend_activities;874;Do you mind crowds?;If they're chill, then it could be fun.;He might not mind crowds as long as they are calm and enjoyable.;['Yes', 'No', 'Yes, subject to some conditions', 'In the middle, neither yes nor no', 'Other'];Yes, subject to some conditions
958;X wants to know about Y's music preferences.;music_preferences;875;Did anyone play an instrument in your household when you were growing up?;My brother played guitar;She still remeber her brother used to play guitar in her childhood.;['Yes', 'No', 'Yes, subject to some conditions', 'In the middle, neither yes nor no', 'Other'];Yes
959;Y has just travelled from a different city to meet X.;travelling_to_meet_someone;876;Will you be able to stay for a week?;I'll have to check with my boss.;He is open for the idea but he need to confirm the availability of leave with his boss.;['Yes', 'No', 'Yes, subject to some conditions', 'In the middle, neither yes nor no', 'Other'];In the middle, neither yes nor no
960;X and Y are childhood neighbours who unexpectedly run into each other at a cafe.;meeting_childhood_neighbour;877;Can we get together and catch up?;I'm really busy right now.;She is not interested for the get together at this moment because she is running in a tight work schedule.;['Yes', 'No', 'Yes, subject to some conditions', 'In the middle, neither yes nor no', 'Other'];No
961;X wants to know about Y's food preferences.;food_preferences;609;Would you eat snails?;Ew, that sounds too gross.;He don't eat snails and he cannot imagine of eating it.;['Yes', 'No', 'Yes, subject to some conditions', 'In the middle, neither yes nor no', 'Other'];No
962;Y has just told X that he/she is thinking of buying a flat in New York.;buying_a_flat;878;Is it nearby public transit?;There's a subway station right across the street.;The location is indeed nearby public transit, as the subway station is conveniently located across the street.;['Yes', 'No', 'Yes, subject to some conditions', 'In the middle, neither yes nor no', 'Other'];Yes
963;X wants to know about Y's food preferences.;food_preferences;453;Would you prefer a locally owned restaurant?;Same difference;Whether the restaurant is locally owned or not doesn't make a significant difference to her.;['Yes', 'No', 'Yes, subject to some conditions', 'In the middle, neither yes nor no', 'Other'];In the middle, neither yes nor no
964;X and Y are childhood neighbours who unexpectedly run into each other at a cafe.;meeting_childhood_neighbour;877;Can we get together and catch up?;That would be wonderful;He is open to the idea of get together and catch up.;['Yes', 'No', 'Yes, subject to some conditions', 'In the middle, neither yes nor no', 'Other'];Yes
965;X and Y are colleagues who are leaving work on a Friday at the same time.;colleagues_leaving_work;879;You want to crash a friend's house?;I like to sleep in my own bed.;She prefers to sleep in her own home and not at her friend's house.;['Yes', 'No', 'Yes, subject to some conditions', 'In the middle, neither yes nor no', 'Other'];No
966;X and Y are colleagues who are leaving work on a Friday at the same time.;colleagues_leaving_work;880;Are the two of you dating now?;We've gone out a few times.;They just had outing a few times but not had official dating.;['Yes', 'No', 'Yes, subject to some conditions', 'In the middle, neither yes nor no', 'Other'];Yes
967;X wants to know about Y's food preferences.;food_preferences;753;Is pizza ok?;Only if it has no meat.;He like veg pizza.;['Yes', 'No', 'Yes, subject to some conditions', 'In the middle, neither yes nor no', 'Other'];Yes, subject to some conditions
968;X wants to know what sorts of books Y likes to read.;book_preferences;881;Are you a fan of comics?;Comics are my favorite thing to read.;She has a strong affinity in reading comics.;['Yes', 'No', 'Yes, subject to some conditions', 'In the middle, neither yes nor no', 'Other'];Yes
969;X wants to know about Y's food preferences.;food_preferences;624;Are burgers ok?;They would be much better than anything else.;Burgers are much better for him than having anything else.;['Yes', 'No', 'Yes, subject to some conditions', 'In the middle, neither yes nor no', 'Other'];Yes
970;X wants to know what activities Y likes to do during weekends.;weekend_activities;882;Let's go to swimming?;I can't swim.;She is not interested to go to swimming because she don't know swimming.;['Yes', 'No', 'Yes, subject to some conditions', 'In the middle, neither yes nor no', 'Other'];No
971;X and Y are childhood neighbours who unexpectedly run into each other at a cafe.;meeting_childhood_neighbour;847;Do you still have a pet?;My cat died this past summer.;At present, he don't have any pet.;['Yes', 'No', 'Yes, subject to some conditions', 'In the middle, neither yes nor no', 'Other'];No
972;Y has just told X that he/she is considering switching his/her job.;switching_jobs;883;Is your job difficult?;It's the easiest job I've ever had.;Best of her knowledge, her job is not much easier than any other job.;['Yes', 'No', 'Yes, subject to some conditions', 'In the middle, neither yes nor no', 'Other'];No
973;X and Y are childhood neighbours who unexpectedly run into each other at a cafe.;meeting_childhood_neighbour;884;Do you live in town?;I live a couple counties over.;He does not live in the town, instead he live in a different town, a couple of counties away.;['Yes', 'No', 'Yes, subject to some conditions', 'In the middle, neither yes nor no', 'Other'];No
974;Y has just told X that he/she is thinking of buying a flat in New York.;buying_a_flat;885;Are you confident you can keep yourself safe in a big city?;That's the plan.;She is confident enough to take care of herself in a big city.;['Yes', 'No', 'Yes, subject to some conditions', 'In the middle, neither yes nor no', 'Other'];Yes
975;X wants to know about Y's food preferences.;food_preferences;886;Want to try a new restaurant nearby?;that sounds great;He is open to the idea of trying new restaurant nearby.;['Yes', 'No', 'Yes, subject to some conditions', 'In the middle, neither yes nor no', 'Other'];Yes
976;X wants to know about Y's music preferences.;music_preferences;887;Have you been to ACL Festival?;Where is that one?;She never been to ACL festival, she even don't know where it is.;['Yes', 'No', 'Yes, subject to some conditions', 'In the middle, neither yes nor no', 'Other'];No
977;X wants to know what activities Y likes to do during weekends.;weekend_activities;888;Will you be participating in any sporting activities on Saturday ?;I hope so!;He is planning to participating sports activities on Saturday.;['Yes', 'No', 'Yes, subject to some conditions', 'In the middle, neither yes nor no', 'Other'];Yes
978;X wants to know about Y's music preferences.;music_preferences;889;Are you a musician?;I play the flute.;She is a musician and she plays flute.;['Yes', 'No', 'Yes, subject to some conditions', 'In the middle, neither yes nor no', 'Other'];Yes
979;X wants to know about Y's food preferences.;food_preferences;890;Do you prefer a quiet setting?;A lot of noise makes me nervous.;He likes quite settings because heavy noise makes him nervous.;['Yes', 'No', 'Yes, subject to some conditions', 'In the middle, neither yes nor no', 'Other'];Yes
980;X wants to know about Y's music preferences.;music_preferences;891;Do you like bossanova?;That music really gets me moving!;She likes bossanova which makes her dance.;['Yes', 'No', 'Yes, subject to some conditions', 'In the middle, neither yes nor no', 'Other'];Yes
981;X wants to know about Y's music preferences.;music_preferences;892;Have you been to SXSW?;I haven't been yet;He has not attended the SXSW event so far.;['Yes', 'No', 'Yes, subject to some conditions', 'In the middle, neither yes nor no', 'Other'];No
982;X and Y are colleagues who are leaving work on a Friday at the same time.;colleagues_leaving_work;893;Had a good week?;We sailed through it.;She had a good and smooth week.;['Yes', 'No', 'Yes, subject to some conditions', 'In the middle, neither yes nor no', 'Other'];Yes
983;X wants to know what activities Y likes to do during weekends.;weekend_activities;894;Did you get outside and enjoy the sunny weather last weekend?;Unfortunately I had to work overtime.;She had heavy work load and there wasn't time for an outing.;['Yes', 'No', 'Yes, subject to some conditions', 'In the middle, neither yes nor no', 'Other'];No
984;Y has just told X that he/she is thinking of buying a flat in New York.;buying_a_flat;895;Is the flat in a good area?;The area seems safe;The flat is located in a safe and good area.;['Yes', 'No', 'Yes, subject to some conditions', 'In the middle, neither yes nor no', 'Other'];Yes
985;X and Y are childhood neighbours who unexpectedly run into each other at a cafe.;meeting_childhood_neighbour;896;Would you like to have a coffee together?;That sounds very nice.;He is interested to have a coffee together.;['Yes', 'No', 'Yes, subject to some conditions', 'In the middle, neither yes nor no', 'Other'];Yes
986;X wants to know what activities Y likes to do during weekends.;weekend_activities;422;Do you like any sports?;Cricket is my favourite.;She like sports, especially cricket.;['Yes', 'No', 'Yes, subject to some conditions', 'In the middle, neither yes nor no', 'Other'];Yes
987;X wants to know what activities Y likes to do during weekends.;weekend_activities;897;You like swimming?;I've never learned.;He like swimming but he never get a chance to learn it.;['Yes', 'No', 'Yes, subject to some conditions', 'In the middle, neither yes nor no', 'Other'];No
988;X wants to know what sorts of books Y likes to read.;book_preferences;898;Is the Harry Potter series of any interest to you?;I find it annoying.;She is not interested in the Harry Potter series.;['Yes', 'No', 'Yes, subject to some conditions', 'In the middle, neither yes nor no', 'Other'];No
989;X and Y are childhood neighbours who unexpectedly run into each other at a cafe.;meeting_childhood_neighbour;899;What are you studying?;I've finished my studies and graduated with a masters in Psychology.;He finished his degree in Master of Psychology.;['Yes', 'No', 'Yes, subject to some conditions', 'In the middle, neither yes nor no', 'Other'];Other
990;X wants to know about Y's food preferences.;food_preferences;900;Do you have a gluten allergy?;I can eat anything.;She don't have allergy with anything.;['Yes', 'No', 'Yes, subject to some conditions', 'In the middle, neither yes nor no', 'Other'];No
991;X and Y are colleagues who are leaving work on a Friday at the same time.;colleagues_leaving_work;680;Are you all headed out now?;I think I might stay in;He prefer to stay at his current location rather than going out with the group.;['Yes', 'No', 'Yes, subject to some conditions', 'In the middle, neither yes nor no', 'Other'];No
992;X wants to know what activities Y likes to do during weekends.;weekend_activities;440;Do you like travelling?;I've travelled all over the world.;She like travelling and she travelled all over the world.;['Yes', 'No', 'Yes, subject to some conditions', 'In the middle, neither yes nor no', 'Other'];Yes
993;X wants to know about Y's food preferences.;food_preferences;901;Do you have any dietary restrictions?;I avoid sugar.;He is having health issues and now he is in strict restriction for sugar consumption.;['Yes', 'No', 'Yes, subject to some conditions', 'In the middle, neither yes nor no', 'Other'];Yes
994;Y has just told X that he/she is considering switching his/her job.;switching_jobs;902;Does the new job pay more?;The new job does pay a lot more;Her new job does pay a lot more than the previous job.;['Yes', 'No', 'Yes, subject to some conditions', 'In the middle, neither yes nor no', 'Other'];Yes
995;X and Y are childhood neighbours who unexpectedly run into each other at a cafe.;meeting_childhood_neighbour;903;Have you gotten a job?;My search is taking longer than expected.;She hasn't got a job and she is still in job search.;['Yes', 'No', 'Yes, subject to some conditions', 'In the middle, neither yes nor no', 'Other'];No
996;X wants to know what activities Y likes to do during weekends.;weekend_activities;904;Do you like to go to the movie theatre?;Only for the matinee.;He is open to the idea but matinee is convenient for him.;['Yes', 'No', 'Yes, subject to some conditions', 'In the middle, neither yes nor no', 'Other'];Yes, subject to some conditions
997;X and Y are colleagues who are leaving work on a Friday at the same time.;colleagues_leaving_work;905;Are you going to go out this weekend?;My friend and I are going to the beach.;She has plan for go to the beach with her friend in the weekend.;['Yes', 'No', 'Yes, subject to some conditions', 'In the middle, neither yes nor no', 'Other'];Yes
998;Y has just told X that he/she is thinking of buying a flat in New York.;buying_a_flat;906;Do you have a practical reason for purchasing a flat in New York?;I have always wanted to live there;He purchased a flat in New York because living in New York was a dream for him.;['Yes', 'No', 'Yes, subject to some conditions', 'In the middle, neither yes nor no', 'Other'];No
999;X wants to know what sorts of books Y likes to read.;book_preferences;858;Did you check the new short story books published recently?;I prefer longer novels.;She hasn't checked the new short story books published recently, as she prefer longer novels.;['Yes', 'No', 'Yes, subject to some conditions', 'In the middle, neither yes nor no', 'Other'];No
1000;X wants to know about Y's music preferences.;music_preferences;907;Want to go to a Jonas Brothers concert with me?;I don't like them.;He don't want to go Jonas Brothers concert because she don't like them.;['Yes', 'No', 'Yes, subject to some conditions', 'In the middle, neither yes nor no', 'Other'];No
1001;Y has just told X that he/she is considering switching his/her job.;switching_jobs;908;Does your job have long hours?;I work overtime often.;She is having a heavy duty work and she took overtime often.;['Yes', 'No', 'Yes, subject to some conditions', 'In the middle, neither yes nor no', 'Other'];Yes
1002;X wants to know what sorts of books Y likes to read.;book_preferences;909;Are you into the classics?;I've never read a classic.;He is not at all interested in classic and never read one.;['Yes', 'No', 'Yes, subject to some conditions', 'In the middle, neither yes nor no', 'Other'];No
1003;Y has just moved into a neighbourhood and meets his/her new neighbour X.;meeting_new_neighbour;910;Did you grow up in this city?;I've only been here for a month.;She has relocated to this city just before a month.;['Yes', 'No', 'Yes, subject to some conditions', 'In the middle, neither yes nor no', 'Other'];No
1004;Y has just told X that he/she is considering switching his/her job.;switching_jobs;911;Would you like to have more regular hours?;It will be nice to have the stability.;He currently has irregular working hours, and he is looking forward to having a more stable  schedule.;['Yes', 'No', 'Yes, subject to some conditions', 'In the middle, neither yes nor no', 'Other'];Yes
1005;Y has just moved into a neighbourhood and meets his/her new neighbour X.;meeting_new_neighbour;912;Have any pets?;I'm not home enough.;He don't have pets.;['Yes', 'No', 'Yes, subject to some conditions', 'In the middle, neither yes nor no', 'Other'];No
1006;Y has just travelled from a different city to meet X.;travelling_to_meet_someone;913;Do you still have an interest in eating healthy foods?;Depends how I'm feeling at the time.;His food preference depends up on his feeling at the time, so sometimes he will go for healthy foods.;['Yes', 'No', 'Yes, subject to some conditions', 'In the middle, neither yes nor no', 'Other'];Yes, subject to some conditions
1007;Y has just told X that he/she is considering switching his/her job.;switching_jobs;914;Do you prefer working remotely?;It's more relaxing and I can get more work done.;She prefer working remotely because its more relaxing and beneficial for her.;['Yes', 'No', 'Yes, subject to some conditions', 'In the middle, neither yes nor no', 'Other'];Yes
1008;Y has just told X that he/she is thinking of buying a flat in New York.;buying_a_flat;915;Are you unhappy where you're at?;I needed a change;He is unhappy with his current situation and he need a sudden change.;['Yes', 'No', 'Yes, subject to some conditions', 'In the middle, neither yes nor no', 'Other'];Yes
1009;X wants to know about Y's music preferences.;music_preferences;916;Do you like live DJs?;I prefer a band.;Shre enjoys live music, but they prefer a band performance over a DJ set.;['Yes', 'No', 'Yes, subject to some conditions', 'In the middle, neither yes nor no', 'Other'];No
1010;X wants to know about Y's food preferences.;food_preferences;917;Do you like to eat Asian fusion?;I'll eat just about any kind of Asian food.;He is a fan of any kind of Asian food, including Asian fusion.;['Yes', 'No', 'Yes, subject to some conditions', 'In the middle, neither yes nor no', 'Other'];Yes
1011;X wants to know what sorts of books Y likes to read.;book_preferences;918;Do you like mystery novels?;Depends on the author.;She like mystery novels but he is a very selective and her selection is based on the author.;['Yes', 'No', 'Yes, subject to some conditions', 'In the middle, neither yes nor no', 'Other'];Yes, subject to some conditions
1012;X wants to know what sorts of books Y likes to read.;book_preferences;919;Have you read any Albert Camus?;I've never heard of Albert Camus.;He hasn't read Albert Camus's book, even he never heard of the author.;['Yes', 'No', 'Yes, subject to some conditions', 'In the middle, neither yes nor no', 'Other'];No
1013;Y has just travelled from a different city to meet X.;travelling_to_meet_someone;920;Would you like to get some coffee?;Let's try that new cafe I saw.;She would like to get some coffee from new cafe.;['Yes', 'No', 'Yes, subject to some conditions', 'In the middle, neither yes nor no', 'Other'];Yes
1014;X wants to know about Y's music preferences.;music_preferences;570;Do you play the guitar?;I haven't picked it up in years.;He used to play the guitar in the past but hasn't done so recently.;['Yes', 'No', 'Yes, subject to some conditions', 'In the middle, neither yes nor no', 'Other'];No
1015;Y has just moved into a neighbourhood and meets his/her new neighbour X.;meeting_new_neighbour;764;Are you a member of a club or group?;I am in a book club;She is a member of book club.;['Yes', 'No', 'Yes, subject to some conditions', 'In the middle, neither yes nor no', 'Other'];Yes
1016;Y has just told X that he/she is considering switching his/her job.;switching_jobs;692;Have you been working for a long time?;since I left school;He start working just after his school, so he has long term experience in the field.;['Yes', 'No', 'Yes, subject to some conditions', 'In the middle, neither yes nor no', 'Other'];Yes
1017;X wants to know about Y's music preferences.;music_preferences;921;Do you play any instrument?;I play the piano.;She plays piano.;['Yes', 'No', 'Yes, subject to some conditions', 'In the middle, neither yes nor no', 'Other'];Yes
1018;Y has just told X that he/she is considering switching his/her job.;switching_jobs;922;Are you getting a raise?;I hope so;He is uncertain whether they will get a raise or not.;['Yes', 'No', 'Yes, subject to some conditions', 'In the middle, neither yes nor no', 'Other'];In the middle, neither yes nor no
1019;Y has just told X that he/she is thinking of buying a flat in New York.;buying_a_flat;923;Are you wanting a 3-bedroom?;I need room to grow!;She wish to have spacious accommodation with 3-bedroom.;['Yes', 'No', 'Yes, subject to some conditions', 'In the middle, neither yes nor no', 'Other'];Yes
1020;X and Y are colleagues who are leaving work on a Friday at the same time.;colleagues_leaving_work;924;Is that big project you were working on done?;Just finished it this afternoon.;He just finished the his big project.;['Yes', 'No', 'Yes, subject to some conditions', 'In the middle, neither yes nor no', 'Other'];Yes
1021;X wants to know what sorts of books Y likes to read.;book_preferences;675;Have you read any Stephen King novels?;Just The Stand.;She read Stephen King's novel The Stand.;['Yes', 'No', 'Yes, subject to some conditions', 'In the middle, neither yes nor no', 'Other'];Yes
1022;X wants to know about Y's food preferences.;food_preferences;505;Do you mind seafood?;I'm allergic to all seafood.;He cannot consume seafood because he is allergic to all seafood.;['Yes', 'No', 'Yes, subject to some conditions', 'In the middle, neither yes nor no', 'Other'];Yes
1023;X wants to know about Y's music preferences.;music_preferences;925;Do you enjoy listening to the guitar?;Guitar music is nice;She has a strong affinity in listening to the guitar music.;['Yes', 'No', 'Yes, subject to some conditions', 'In the middle, neither yes nor no', 'Other'];Yes
1024;X and Y are childhood neighbours who unexpectedly run into each other at a cafe.;meeting_childhood_neighbour;926;Did you become a teacher?;That didn't work out;He had desire to be a teacher but that hasn't worked out.;['Yes', 'No', 'Yes, subject to some conditions', 'In the middle, neither yes nor no', 'Other'];No
1025;X wants to know about Y's music preferences.;music_preferences;927;Do you like rock music?;It's the only thing I listen to.;She exclusively enjoys listening to rock music.;['Yes', 'No', 'Yes, subject to some conditions', 'In the middle, neither yes nor no', 'Other'];Yes
1026;Y has just travelled from a different city to meet X.;travelling_to_meet_someone;601;Are you trying to keep to a budget?;I can spend $100 a day.;His budget is limited and he can spend up to 100 dollar.;['Yes', 'No', 'Yes, subject to some conditions', 'In the middle, neither yes nor no', 'Other'];Yes
1027;X wants to know about Y's food preferences.;food_preferences;928;Have you tried that new Thai restaurant on the high street ?;Is it any good?;She han't tried new Thai restaurant on the high street .;['Yes', 'No', 'Yes, subject to some conditions', 'In the middle, neither yes nor no', 'Other'];No
1028;X wants to know what sorts of books Y likes to read.;book_preferences;929;Do you like science fiction books?;I wouldn't be a fan;He is not interested to read science fiction books.;['Yes', 'No', 'Yes, subject to some conditions', 'In the middle, neither yes nor no', 'Other'];No
1029;X and Y are childhood neighbours who unexpectedly run into each other at a cafe.;meeting_childhood_neighbour;930;Are you ever going back to school?;I'll never go back to that school.;She  has had a negative experience with that specific school and has no intention of returning to it.;['Yes', 'No', 'Yes, subject to some conditions', 'In the middle, neither yes nor no', 'Other'];No
1030;X and Y are childhood neighbours who unexpectedly run into each other at a cafe.;meeting_childhood_neighbour;931;Did you stay here the whole time?;I lived in South America for years.;He recently relocated to the current location, he was in South America.;['Yes', 'No', 'Yes, subject to some conditions', 'In the middle, neither yes nor no', 'Other'];No
1031;X wants to know about Y's music preferences.;music_preferences;932;Did you go to live gigs regularly?;I prefer good recordings.;She prefers listening to high-quality recorded music rather than attending live music gigs.;['Yes', 'No', 'Yes, subject to some conditions', 'In the middle, neither yes nor no', 'Other'];No
1032;X wants to know about Y's music preferences.;music_preferences;486;Do you like going to gigs?;Only when the tickets aren't expensive.;He would like going to gigs but he is living with a limited budget, so he can afford low ticket fee.;['Yes', 'No', 'Yes, subject to some conditions', 'In the middle, neither yes nor no', 'Other'];Yes, subject to some conditions
1033;X wants to know about Y's music preferences.;music_preferences;933;Did you enjoy the last gig we went to?;I've heard better.;She didn't find the last gig they attended to be very enjoyable and has experienced better gigs in the past.;['Yes', 'No', 'Yes, subject to some conditions', 'In the middle, neither yes nor no', 'Other'];No
1034;X and Y are colleagues who are leaving work on a Friday at the same time.;colleagues_leaving_work;934;Do you want to get some pancakes?;If we can find a place serving all-day breakfast.;He  is interested in getting pancakes at any time.;['Yes', 'No', 'Yes, subject to some conditions', 'In the middle, neither yes nor no', 'Other'];Yes, subject to some conditions
1035;X wants to know what activities Y likes to do during weekends.;weekend_activities;935;Do you like wood working?;I love turning the lathe with a piece of wood.;She likes working with wood, especially woodturning.;['Yes', 'No', 'Yes, subject to some conditions', 'In the middle, neither yes nor no', 'Other'];Yes
1036;Y has just told X that he/she is considering switching his/her job.;switching_jobs;936;Are you looking to make more money?;I'm happy with my salary.;He is is content with their current salary and is not actively seeking to increase their earnings.;['Yes', 'No', 'Yes, subject to some conditions', 'In the middle, neither yes nor no', 'Other'];No
1037;Y has just told X that he/she is considering switching his/her job.;switching_jobs;674;Do you do accounting tasks, like with spreadsheets?;Without spreadsheets, I wouldn't be able to keep things organised.;Her work totally depends on the accounting task in spreadsheet.;['Yes', 'No', 'Yes, subject to some conditions', 'In the middle, neither yes nor no', 'Other'];Yes
1038;Y has just moved into a neighbourhood and meets his/her new neighbour X.;meeting_new_neighbour;589;Are you the first owners of this home?;We bought it from an elderly couple.;He is not the first owner of this home.;['Yes', 'No', 'Yes, subject to some conditions', 'In the middle, neither yes nor no', 'Other'];No
1039;Y has just travelled from a different city to meet X.;travelling_to_meet_someone;547;Are you staying for the weekend?;I'll be here all week.;She will remain the location for entire week, not just the weekend.;['Yes', 'No', 'Yes, subject to some conditions', 'In the middle, neither yes nor no', 'Other'];Yes
1040;Y has just moved into a neighbourhood and meets his/her new neighbour X.;meeting_new_neighbour;642;Have you lived in the Pacific Northwest for a long time?;I've been here my whole life.;He has been living in Pacific Northwest for a significant period of time.;['Yes', 'No', 'Yes, subject to some conditions', 'In the middle, neither yes nor no', 'Other'];Yes
1041;X wants to know about Y's music preferences.;music_preferences;532;Are you going to see Elton John's farewell tour?;I don't really like him;She has no plan to attend Elton John's farewell tour.;['Yes', 'No', 'Yes, subject to some conditions', 'In the middle, neither yes nor no', 'Other'];No
1042;X wants to know what activities Y likes to do during weekends.;weekend_activities;937;Has your family been to the local zoo yet?;We haven't managed to get there yet.;They haven't get a chance to been in local zoo yet.;['Yes', 'No', 'Yes, subject to some conditions', 'In the middle, neither yes nor no', 'Other'];No
1043;X wants to know what sorts of books Y likes to read.;book_preferences;938;Are you into mystery thrillers?;Only when they have a satisfying resolution.;She like mystery thrillers with satisfying resolution.;['Yes', 'No', 'Yes, subject to some conditions', 'In the middle, neither yes nor no', 'Other'];Yes, subject to some conditions
1044;X wants to know about Y's food preferences.;food_preferences;939;Do you like sushi?;I'm not a fan;He is not at all a fan of sushi.;['Yes', 'No', 'Yes, subject to some conditions', 'In the middle, neither yes nor no', 'Other'];No
1045;Y has just told X that he/she is considering switching his/her job.;switching_jobs;940;Have you worked with sql previously?;SQL is a language I'm skilled in.;She worked and has expertise in SQL language.;['Yes', 'No', 'Yes, subject to some conditions', 'In the middle, neither yes nor no', 'Other'];Yes
1046;X and Y are childhood neighbours who unexpectedly run into each other at a cafe.;meeting_childhood_neighbour;941;Do you live around here now?;We have a place just down the block.;He currently resides in the vicinity, possibly within walking distance or a short distance away from the mentioned location.;['Yes', 'No', 'Yes, subject to some conditions', 'In the middle, neither yes nor no', 'Other'];Yes
1047;Y has just travelled from a different city to meet X.;travelling_to_meet_someone;632;Would you like to check out this museum?;It looks interesting;She would like to check out the museum.;['Yes', 'No', 'Yes, subject to some conditions', 'In the middle, neither yes nor no', 'Other'];Yes
1048;X wants to know about Y's music preferences.;music_preferences;942;Would you like to go to a music club?;I'd rather do something relaxing.;He has not much interest in music and he would like to enjoy someother means for relaxing.;['Yes', 'No', 'Yes, subject to some conditions', 'In the middle, neither yes nor no', 'Other'];No
1049;X and Y are childhood neighbours who unexpectedly run into each other at a cafe.;meeting_childhood_neighbour;943;Have you ever proposed to your crush?;She turned me down.;He has indeed proposed to his crush, but she declined the proposal.;['Yes', 'No', 'Yes, subject to some conditions', 'In the middle, neither yes nor no', 'Other'];Yes
1050;X and Y are childhood neighbours who unexpectedly run into each other at a cafe.;meeting_childhood_neighbour;944;Do  you still live in Elm St?;I moved away from that street a few years ago.;Now, he is not living in Elm St.;['Yes', 'No', 'Yes, subject to some conditions', 'In the middle, neither yes nor no', 'Other'];No
1051;Y has just told X that he/she is thinking of buying a flat in New York.;buying_a_flat;945;Have you already found something there?;I've decided on a studio flat.;She already decided to stay in a studio flat.;['Yes', 'No', 'Yes, subject to some conditions', 'In the middle, neither yes nor no', 'Other'];Yes
1052;X wants to know about Y's music preferences.;music_preferences;946;Have you been to any music concerts?;My mom took me to hear music every weekend when I was growing up.;She used to attend music concerts in his childhood, mostly every weekend.;['Yes', 'No', 'Yes, subject to some conditions', 'In the middle, neither yes nor no', 'Other'];Yes
1053;Y has just travelled from a different city to meet X.;travelling_to_meet_someone;947;Would you like to go out tonight?;If I can find something to wear.;He would like to go out tonight with a special wear.;['Yes', 'No', 'Yes, subject to some conditions', 'In the middle, neither yes nor no', 'Other'];Yes, subject to some conditions
1054;X wants to know about Y's music preferences.;music_preferences;948;Do you like string instruments?;I prefer percussion.;She has a preference for percussion instruments over string instruments.;['Yes', 'No', 'Yes, subject to some conditions', 'In the middle, neither yes nor no', 'Other'];No
1055;X wants to know what activities Y likes to do during weekends.;weekend_activities;949;Have you been bowling around here?;I haven't been yet;He hasn't been bowling in the area yet.;['Yes', 'No', 'Yes, subject to some conditions', 'In the middle, neither yes nor no', 'Other'];No
1056;Y has just moved into a neighbourhood and meets his/her new neighbour X.;meeting_new_neighbour;950;Have you joined the neighborhood app?;I plan to do that soon;She hasn't joined but she will join soon.;['Yes', 'No', 'Yes, subject to some conditions', 'In the middle, neither yes nor no', 'Other'];No
1057;X wants to know about Y's music preferences.;music_preferences;951;Do you like African music?;It's got a deep feeling to it.;He enjoys African Music and he has a deep feeling to it.;['Yes', 'No', 'Yes, subject to some conditions', 'In the middle, neither yes nor no', 'Other'];Yes
1058;X wants to know about Y's music preferences.;music_preferences;952;Are you a fan of alternative music?;It's pretty soulless and hollow.;She doesn't like alternative music.;['Yes', 'No', 'Yes, subject to some conditions', 'In the middle, neither yes nor no', 'Other'];No
1059;Y has just told X that he/she is thinking of buying a flat in New York.;buying_a_flat;682;Will it be more convenient?;It should be;He believe it should be convenient.;['Yes', 'No', 'Yes, subject to some conditions', 'In the middle, neither yes nor no', 'Other'];Yes
1060;Y has just moved into a neighbourhood and meets his/her new neighbour X.;meeting_new_neighbour;953;Hey there buddy good to meet you, is it just you that's moved in or are you married?;We are happily married.;She is married and have moved in together.;['Yes', 'No', 'Yes, subject to some conditions', 'In the middle, neither yes nor no', 'Other'];Other
1061;Y has just travelled from a different city to meet X.;travelling_to_meet_someone;954;Is this your first time visiting this city?;I came once a few years ago.;This is not his first visit, he visited once before.;['Yes', 'No', 'Yes, subject to some conditions', 'In the middle, neither yes nor no', 'Other'];No
1062;Y has just moved into a neighbourhood and meets his/her new neighbour X.;meeting_new_neighbour;955;Is this a fun neighbourhood?;The block party last weekend was fun.;The neighborhood is fun, as evidenced by the enjoyable block party that took place last weekend.;['Yes', 'No', 'Yes, subject to some conditions', 'In the middle, neither yes nor no', 'Other'];Yes
1063;X wants to know about Y's music preferences.;music_preferences;956;Do you want to put on your favorite song?;You choose, maybe I will find something new to love.;She wish to change his playlist and she is open for recommendations.;['Yes', 'No', 'Yes, subject to some conditions', 'In the middle, neither yes nor no', 'Other'];No
1064;X wants to know what sorts of books Y likes to read.;book_preferences;957;Did you read Gone Girl?;I tend not to read Oprah's Book Club selections.;"He does not read books that are part of Oprah's Book Club selections, which ""Gone Girl"" might be assumed to be associated with.";['Yes', 'No', 'Yes, subject to some conditions', 'In the middle, neither yes nor no', 'Other'];No
1065;X and Y are colleagues who are leaving work on a Friday at the same time.;colleagues_leaving_work;958;Do you want to come over to my house on Sunday afternoon?;Let me see what I've got going on.;She is uncertain about their schedule and needs to check their commitments before confirming the invitation.;['Yes', 'No', 'Yes, subject to some conditions', 'In the middle, neither yes nor no', 'Other'];In the middle, neither yes nor no
1066;Y has just travelled from a different city to meet X.;travelling_to_meet_someone;959;Do you remember that funny teacher we had when we were in year 9?;I remember a teacher from year 10.;He don't remember the particular teacher, he remember teachers from year 10 only.;['Yes', 'No', 'Yes, subject to some conditions', 'In the middle, neither yes nor no', 'Other'];No
1067;Y has just told X that he/she is thinking of buying a flat in New York.;buying_a_flat;960;Are you making more than 80 thousand dollars a year?;I am up to 90,000.;She is making morethan 80,000 dollars a year.;['Yes', 'No', 'Yes, subject to some conditions', 'In the middle, neither yes nor no', 'Other'];Yes
1068;Y has just told X that he/she is thinking of buying a flat in New York.;buying_a_flat;961;Have you found a job up there?;I have a few offers;He has received multiple job offers.;['Yes', 'No', 'Yes, subject to some conditions', 'In the middle, neither yes nor no', 'Other'];Yes
1069;X wants to know what sorts of books Y likes to read.;book_preferences;962;Did you read The Pony of Midnight?;I haven't heard of that.;"She is not familiar with the book ""The Pony of Midnight"".";['Yes', 'No', 'Yes, subject to some conditions', 'In the middle, neither yes nor no', 'Other'];No
1070;X wants to know what sorts of books Y likes to read.;book_preferences;962;Did you read The Pony of Midnight?;I haven't heard of that.;"She is not familiar with the book ""The Pony of Midnight"".";['Yes', 'No', 'Yes, subject to some conditions', 'In the middle, neither yes nor no', 'Other'];No
1071;X wants to know what activities Y likes to do during weekends.;weekend_activities;904;Do you like to go to the movie theatre?;It depends what moves are out;He is very selective in case of movies and he go to theatre depending on the movies.;['Yes', 'No', 'Yes, subject to some conditions', 'In the middle, neither yes nor no', 'Other'];Yes, subject to some conditions
1072;X wants to know what sorts of books Y likes to read.;book_preferences;963;Have you read any best sellers lately?;I am not sure if the books I have recently read are best sellers, but they are some great reads.;She read one of the best sellers book recently.;['Yes', 'No', 'Yes, subject to some conditions', 'In the middle, neither yes nor no', 'Other'];In the middle, neither yes nor no
1073;X and Y are childhood neighbours who unexpectedly run into each other at a cafe.;meeting_childhood_neighbour;964;You finish school?;I gave it up.;He has discontinued their education and did not complete school.;['Yes', 'No', 'Yes, subject to some conditions', 'In the middle, neither yes nor no', 'Other'];No
1074;X and Y are colleagues who are leaving work on a Friday at the same time.;colleagues_leaving_work;578;Would you like to meet me for a drink?;I have a date tonight, sorry.;She is not interested to have a drink with him.;['Yes', 'No', 'Yes, subject to some conditions', 'In the middle, neither yes nor no', 'Other'];No
1075;X wants to know what sorts of books Y likes to read.;book_preferences;504;Are you an avid reader?;I would say I am;He enjoys reading books regularly.;['Yes', 'No', 'Yes, subject to some conditions', 'In the middle, neither yes nor no', 'Other'];Yes
1076;Y has just told X that he/she is considering switching his/her job.;switching_jobs;965;Have you told anyone else what you're thinking?;I've kept it a secret.;She disclosed the secret only with him.;['Yes', 'No', 'Yes, subject to some conditions', 'In the middle, neither yes nor no', 'Other'];No
1077;X wants to know about Y's food preferences.;food_preferences;966;Have you tried Ethiopian food?;I haven't tried it.;He never had a chance to have Ethiopian food.;['Yes', 'No', 'Yes, subject to some conditions', 'In the middle, neither yes nor no', 'Other'];No
1078;X wants to know about Y's food preferences.;food_preferences;967;Are you in the mood for a specific type of cuisine?;I fancy Indian;She has a preference for Indian cuisine at the moment.;['Yes', 'No', 'Yes, subject to some conditions', 'In the middle, neither yes nor no', 'Other'];Yes
1079;X wants to know what sorts of books Y likes to read.;book_preferences;968;Have you read any bestsellers lately?;In the past;He had read bestsellers in the past.;['Yes', 'No', 'Yes, subject to some conditions', 'In the middle, neither yes nor no', 'Other'];No
1080;X wants to know what activities Y likes to do during weekends.;weekend_activities;969;Have you ever been to a roller derby?;I used to be captain of a roller derby team.;She been in roller derby and was their captain also.;['Yes', 'No', 'Yes, subject to some conditions', 'In the middle, neither yes nor no', 'Other'];Yes
1081;X and Y are colleagues who are leaving work on a Friday at the same time.;colleagues_leaving_work;970;Did you have a good day today?;It wasn't great.;He faced many challenges today and was a tiring day.;['Yes', 'No', 'Yes, subject to some conditions', 'In the middle, neither yes nor no', 'Other'];No
1082;X and Y are childhood neighbours who unexpectedly run into each other at a cafe.;meeting_childhood_neighbour;971;Have you had a good life so far?;I've be thrilled with everything that's happened.;She enjoyed his life so far.;['Yes', 'No', 'Yes, subject to some conditions', 'In the middle, neither yes nor no', 'Other'];Yes
1083;X and Y are colleagues who are leaving work on a Friday at the same time.;colleagues_leaving_work;972;Did you find this week good?;It went ok for me.;This week was not great but ok for him.;['Yes', 'No', 'Yes, subject to some conditions', 'In the middle, neither yes nor no', 'Other'];Yes
1084;Y has just travelled from a different city to meet X.;travelling_to_meet_someone;973;Did you know we have a world-famous zoo here?;Really;She is not aware of the world-famous zoo.;['Yes', 'No', 'Yes, subject to some conditions', 'In the middle, neither yes nor no', 'Other'];No
1085;X wants to know what sorts of books Y likes to read.;book_preferences;974;Are you into memoirs?;I wouldn't say so;He is not into memoirs.;['Yes', 'No', 'Yes, subject to some conditions', 'In the middle, neither yes nor no', 'Other'];No
1086;X wants to know about Y's food preferences.;food_preferences;886;Want to try a new restaurant nearby?;I don't have any cash to spare right now.;She wish to try new restaurant near by but her financial status is not allowing.;['Yes', 'No', 'Yes, subject to some conditions', 'In the middle, neither yes nor no', 'Other'];No
1087;Y has just told X that he/she is thinking of buying a flat in New York.;buying_a_flat;781;Do you want to go see some flats now?;that would be good;He is open to the idea.;['Yes', 'No', 'Yes, subject to some conditions', 'In the middle, neither yes nor no', 'Other'];Yes
1088;X wants to know what sorts of books Y likes to read.;book_preferences;975;Are you a big fan of romance novels?;I like mysteries best, but I have read a few good romances as well.;She is a fan of mysteries but she read ramance as well.;['Yes', 'No', 'Yes, subject to some conditions', 'In the middle, neither yes nor no', 'Other'];Yes
1089;Y has just moved into a neighbourhood and meets his/her new neighbour X.;meeting_new_neighbour;976;Have you gone to college?;Just graduated.;He recently graduated from college.;['Yes', 'No', 'Yes, subject to some conditions', 'In the middle, neither yes nor no', 'Other'];Yes
1090;Y has just told X that he/she is considering switching his/her job.;switching_jobs;825;Do you think you will get a promotion there?;I hope to at some point;She is expecting a promotion because she is qualified for that.;['Yes', 'No', 'Yes, subject to some conditions', 'In the middle, neither yes nor no', 'Other'];Yes
1091;X wants to know about Y's food preferences.;food_preferences;977;Can you handle really spicy food?;I can't eat it if it's too spicy.;He cannot handle too spicy food.;['Yes', 'No', 'Yes, subject to some conditions', 'In the middle, neither yes nor no', 'Other'];No
1092;X and Y are colleagues who are leaving work on a Friday at the same time.;colleagues_leaving_work;583;Do you want a lift home?;I'm gonna walk.;She is not expecting a lift today because she would like to take a walk.;['Yes', 'No', 'Yes, subject to some conditions', 'In the middle, neither yes nor no', 'Other'];No
1093;X and Y are colleagues who are leaving work on a Friday at the same time.;colleagues_leaving_work;978;Should we meet up for lunch on Monday?;I can't make Monday.;He is having a busy schedule on monday, so not able meet up for lunch on Monday;['Yes', 'No', 'Yes, subject to some conditions', 'In the middle, neither yes nor no', 'Other'];No
1094;X and Y are childhood neighbours who unexpectedly run into each other at a cafe.;meeting_childhood_neighbour;979;Are you working with the government?;I am a freelancer now.;Currently, she is a freelancer which means she is not working with government.;['Yes', 'No', 'Yes, subject to some conditions', 'In the middle, neither yes nor no', 'Other'];No
1095;Y has just told X that he/she is considering switching his/her job.;switching_jobs;980;Do you work a morning shift?;I work third shift.;He is not in morning shift rather in third shift.;['Yes', 'No', 'Yes, subject to some conditions', 'In the middle, neither yes nor no', 'Other'];No
1096;X wants to know what sorts of books Y likes to read.;book_preferences;981;Do you enjoy the science fiction genre?;I like fantasy better.;She prefer fantasy genre rather than science fiction.;['Yes', 'No', 'Yes, subject to some conditions', 'In the middle, neither yes nor no', 'Other'];No
1097;X wants to know about Y's food preferences.;food_preferences;982;Does pizza sound ok?;I prefer thin crust pizza.;He likes pizza, especially thin crust pizza.;['Yes', 'No', 'Yes, subject to some conditions', 'In the middle, neither yes nor no', 'Other'];Yes, subject to some conditions
1098;X and Y are colleagues who are leaving work on a Friday at the same time.;colleagues_leaving_work;983;Do you want to grab a bite?;I am starving;She is starving and want to have something.;['Yes', 'No', 'Yes, subject to some conditions', 'In the middle, neither yes nor no', 'Other'];Yes
1099;Y has just moved into a neighbourhood and meets his/her new neighbour X.;meeting_new_neighbour;984;Do you like to BBQ during the summer?;When it is warm;He love to have warm BBQ during the summer.;['Yes', 'No', 'Yes, subject to some conditions', 'In the middle, neither yes nor no', 'Other'];Yes, subject to some conditions
1100;Y has just moved into a neighbourhood and meets his/her new neighbour X.;meeting_new_neighbour;985;Are you always watching TV?;I watch Netflix every night.;She is a fan of Netflix and get used to watch it every night.;['Yes', 'No', 'Yes, subject to some conditions', 'In the middle, neither yes nor no', 'Other'];Yes
1101;Y has just told X that he/she is thinking of buying a flat in New York.;buying_a_flat;986;Is that your dream home?;It has everything I want in a home.;It is his dream home.;['Yes', 'No', 'Yes, subject to some conditions', 'In the middle, neither yes nor no', 'Other'];Yes
1102;X and Y are childhood neighbours who unexpectedly run into each other at a cafe.;meeting_childhood_neighbour;539;Do you live here now?;I live near here;She is not living there now, just relocated to a near by location.;['Yes', 'No', 'Yes, subject to some conditions', 'In the middle, neither yes nor no', 'Other'];Yes
1103;X wants to know about Y's food preferences.;food_preferences;928;Have you tried that new Thai restaurant on the high street ?;I'm not fond of Thai food.;He hasn't tried new Thai restaurant because he is not at all interested to Thai food.;['Yes', 'No', 'Yes, subject to some conditions', 'In the middle, neither yes nor no', 'Other'];No
1104;X wants to know about Y's food preferences.;food_preferences;650;Are you into fast food;It's my favorite.;She is ready to have fast food at any tike, she is into it.;['Yes', 'No', 'Yes, subject to some conditions', 'In the middle, neither yes nor no', 'Other'];Yes
1105;Y has just told X that he/she is considering switching his/her job.;switching_jobs;809;you don't like the company culture?;There's too much inequality.;She is not pleasant with the company culture as they explicitly exhibit inequality.;['Yes', 'No', 'Yes, subject to some conditions', 'In the middle, neither yes nor no', 'Other'];No
1106;X and Y are childhood neighbours who unexpectedly run into each other at a cafe.;meeting_childhood_neighbour;987;Is this your child?;This is my daughter.;The child is his daughter.;['Yes', 'No', 'Yes, subject to some conditions', 'In the middle, neither yes nor no', 'Other'];Yes
1107;X wants to know what sorts of books Y likes to read.;book_preferences;988;Do you enjoy a complicated plot with lots of characters?;If the writing is original.;He enjoys complicated plots with lots of characters as long as the writing is original.;['Yes', 'No', 'Yes, subject to some conditions', 'In the middle, neither yes nor no', 'Other'];Yes, subject to some conditions
1108;Y has just travelled from a different city to meet X.;travelling_to_meet_someone;989;Did it take you long to get here?;Five days.;She took reasonably long time, five days, to reach here.;['Yes', 'No', 'Yes, subject to some conditions', 'In the middle, neither yes nor no', 'Other'];Yes
1109;X and Y are childhood neighbours who unexpectedly run into each other at a cafe.;meeting_childhood_neighbour;990;Do you remember me?;of course I do;He do remeber her.;['Yes', 'No', 'Yes, subject to some conditions', 'In the middle, neither yes nor no', 'Other'];Yes
1110;X wants to know what activities Y likes to do during weekends.;weekend_activities;991;Are you a fan of eating out?;I love to eat out;She is a fan of eating out.;['Yes', 'No', 'Yes, subject to some conditions', 'In the middle, neither yes nor no', 'Other'];Yes
1111;X and Y are childhood neighbours who unexpectedly run into each other at a cafe.;meeting_childhood_neighbour;992;Did you move to Chattanooga?;I actually went to Memphis.;He did not move to Chattanooga but instead went to Memphis.;['Yes', 'No', 'Yes, subject to some conditions', 'In the middle, neither yes nor no', 'Other'];No
1112;X wants to know what activities Y likes to do during weekends.;weekend_activities;993;Do you like exercising?;I go jogging every day.;She enjoys exercising since they go jogging every day.;['Yes', 'No', 'Yes, subject to some conditions', 'In the middle, neither yes nor no', 'Other'];Yes
1113;X wants to know about Y's music preferences.;music_preferences;994;Have you ever played guitar in a band on stage ?;I played the drums on stage.;He played drums instead of guitar on stage.;['Yes', 'No', 'Yes, subject to some conditions', 'In the middle, neither yes nor no', 'Other'];No
1114;X wants to know what sorts of books Y likes to read.;book_preferences;995;Did you like the Harry Potter series?;I am not a fan of the Hogwarts stories.;She didn't like the Harry Potter series since they mentioned not being a fan of the Hogwarts stories.;['Yes', 'No', 'Yes, subject to some conditions', 'In the middle, neither yes nor no', 'Other'];No
1115;X and Y are childhood neighbours who unexpectedly run into each other at a cafe.;meeting_childhood_neighbour;563;Did you dye your hair red?;This hair color is natural.;His red color hair is natural not dyed.;['Yes', 'No', 'Yes, subject to some conditions', 'In the middle, neither yes nor no', 'Other'];No
1116;X wants to know about Y's food preferences.;food_preferences;996;Do you like biryani?;Indian cuisine is the best.;She enjoys Indian cuisine, including biryani.;['Yes', 'No', 'Yes, subject to some conditions', 'In the middle, neither yes nor no', 'Other'];Yes
1117;X wants to know what sorts of books Y likes to read.;book_preferences;997;Are you a bit too into stories about post-apocalyptic wastelands?;I actually find them appalling.;He is not interested in stories about post-apocalyptic wastelands and might even find them unappealing.;['Yes', 'No', 'Yes, subject to some conditions', 'In the middle, neither yes nor no', 'Other'];No
1118;X wants to know about Y's music preferences.;music_preferences;998;Have you heard of Alt J?;I've heard of a few of their songs.;She is somewhat familiar with Alt J's music but might not be a die-hard fan.;['Yes', 'No', 'Yes, subject to some conditions', 'In the middle, neither yes nor no', 'Other'];Yes
1119;X wants to know about Y's food preferences.;food_preferences;650;Are you into fast food;When it isn't burgers and fries.;He likes fast food other than burgers and fries.;['Yes', 'No', 'Yes, subject to some conditions', 'In the middle, neither yes nor no', 'Other'];Yes, subject to some conditions
1120;X wants to know what activities Y likes to do during weekends.;weekend_activities;999;Are you an outdoorsy type?;If you consider an outdoorsy type someone who hikes, bikes and runs every week.;She is a outdoorsy type.;['Yes', 'No', 'Yes, subject to some conditions', 'In the middle, neither yes nor no', 'Other'];Yes
1121;X wants to know about Y's food preferences.;food_preferences;1000;Have you tried international cuisine?;Japanese is my favorite.;He like international cuisine, specifically Japanese .;['Yes', 'No', 'Yes, subject to some conditions', 'In the middle, neither yes nor no', 'Other'];Yes
1122;X and Y are childhood neighbours who unexpectedly run into each other at a cafe.;meeting_childhood_neighbour;1001;Did you go to University?;Go Wildcats!;She did attend a university with a strong affinity for a sports team, possibly named the Wildcats.;['Yes', 'No', 'Yes, subject to some conditions', 'In the middle, neither yes nor no', 'Other'];Yes
1123;Y has just travelled from a different city to meet X.;travelling_to_meet_someone;868;Do you like Indian food?;It's usually too hot;He cannot handle Indian food because it is too hot for him.;['Yes', 'No', 'Yes, subject to some conditions', 'In the middle, neither yes nor no', 'Other'];No
1124;Y has just told X that he/she is considering switching his/her job.;switching_jobs;674;Do you do accounting tasks, like with spreadsheets?;That's not my department.;She is not familiar with the spreadsheets and accounting task as she is handling some other tasks.;['Yes', 'No', 'Yes, subject to some conditions', 'In the middle, neither yes nor no', 'Other'];No
1125;X and Y are colleagues who are leaving work on a Friday at the same time.;colleagues_leaving_work;1002;Want to grab a coffee/drink?;That sounds great.;He is open to the idea of having coffee/drink.;['Yes', 'No', 'Yes, subject to some conditions', 'In the middle, neither yes nor no', 'Other'];Yes
1126;X and Y are childhood neighbours who unexpectedly run into each other at a cafe.;meeting_childhood_neighbour;1003;Are your parents doing good?;They're still running their store!;They are doing great and still healthy that they are running their store.;['Yes', 'No', 'Yes, subject to some conditions', 'In the middle, neither yes nor no', 'Other'];Yes
1127;X wants to know about Y's music preferences.;music_preferences;1004;Do you listen to the radio?;Only when I am in my car.;She is having a habit of listen to the radio while driving.;['Yes', 'No', 'Yes, subject to some conditions', 'In the middle, neither yes nor no', 'Other'];Yes
1128;X and Y are childhood neighbours who unexpectedly run into each other at a cafe.;meeting_childhood_neighbour;1005;Have you any photos of your family now?;Check out my Facebook page.;He will get her family photos from her facebook page.;['Yes', 'No', 'Yes, subject to some conditions', 'In the middle, neither yes nor no', 'Other'];Yes
1129;X wants to know what sorts of books Y likes to read.;book_preferences;1006;Have you done a book club before?;I was president of my middle school book club.;She was in a book club and had responsible positions in the club.;['Yes', 'No', 'Yes, subject to some conditions', 'In the middle, neither yes nor no', 'Other'];Yes
1130;X wants to know about Y's food preferences.;food_preferences;655;Do you like going to food trucks?;I'd rather make my own food at home.;He prefer to prepare food by himself rather than going out.;['Yes', 'No', 'Yes, subject to some conditions', 'In the middle, neither yes nor no', 'Other'];No
1131;Y has just travelled from a different city to meet X.;travelling_to_meet_someone;494;Do you like vegan food?;It's all I eat.;She is pretty much happy with vegan food.;['Yes', 'No', 'Yes, subject to some conditions', 'In the middle, neither yes nor no', 'Other'];Yes
1132;X wants to know what sorts of books Y likes to read.;book_preferences;1007;Have you ever read Edgar Allen Poe?;Fall of the House of Usher is a great book.;He read Edgar Allen Poe's book House of Usher.;['Yes', 'No', 'Yes, subject to some conditions', 'In the middle, neither yes nor no', 'Other'];Yes
1133;X and Y are colleagues who are leaving work on a Friday at the same time.;colleagues_leaving_work;465;Do you have a date?;I wish I could find a date.;She doesn't has any date yet and she would to find one.;['Yes', 'No', 'Yes, subject to some conditions', 'In the middle, neither yes nor no', 'Other'];No
1134;X wants to know what activities Y likes to do during weekends.;weekend_activities;1008;Do you like cycling?;I only cycle to work;He usually cycle to work.;['Yes', 'No', 'Yes, subject to some conditions', 'In the middle, neither yes nor no', 'Other'];Yes
1135;Y has just moved into a neighbourhood and meets his/her new neighbour X.;meeting_new_neighbour;1009;Do you live alone?;I have 3 roomates.;She is not at all alone, she has three roommates.;['Yes', 'No', 'Yes, subject to some conditions', 'In the middle, neither yes nor no', 'Other'];No
1136;X and Y are childhood neighbours who unexpectedly run into each other at a cafe.;meeting_childhood_neighbour;1010;Do you still live with your grandparents?;They died many years ago.;His is living alone as his grandparents died years ago.;['Yes', 'No', 'Yes, subject to some conditions', 'In the middle, neither yes nor no', 'Other'];No
1137;Y has just told X that he/she is considering switching his/her job.;switching_jobs;1011;Does your current position have growth potential?;I've heard about a lot of people moving up from there.;Her current position have growth potential and she know many such stories.;['Yes', 'No', 'Yes, subject to some conditions', 'In the middle, neither yes nor no', 'Other'];Yes
1138;X wants to know what sorts of books Y likes to read.;book_preferences;1012;Have you read any books by Terry Pratchett?;Discworld is one of my favourite books.;He has not only read books by Terry Pratchett, but she is also particularly fond of the Discworld series.;['Yes', 'No', 'Yes, subject to some conditions', 'In the middle, neither yes nor no', 'Other'];Yes
1139;X and Y are colleagues who are leaving work on a Friday at the same time.;colleagues_leaving_work;1013;Do you need a ride anywhere?;I need to go to the store.;She wish to pick up the offer as she need to go to the store.;['Yes', 'No', 'Yes, subject to some conditions', 'In the middle, neither yes nor no', 'Other'];Yes
1140;Y has just moved into a neighbourhood and meets his/her new neighbour X.;meeting_new_neighbour;455;Are you new to this city?;It's my first time here.;He is new to the city.;['Yes', 'No', 'Yes, subject to some conditions', 'In the middle, neither yes nor no', 'Other'];Yes
1141;X and Y are childhood neighbours who unexpectedly run into each other at a cafe.;meeting_childhood_neighbour;1014;Is that really you?;It certainly is;She is the person whom he is looking for.;['Yes', 'No', 'Yes, subject to some conditions', 'In the middle, neither yes nor no', 'Other'];Yes
1142;X wants to know what sorts of books Y likes to read.;book_preferences;1015;Are you interest in current science fiction books?;Fiction isn't my thing really.;He is not really interested in fiction book, including science fiction.;['Yes', 'No', 'Yes, subject to some conditions', 'In the middle, neither yes nor no', 'Other'];No
1143;X wants to know about Y's music preferences.;music_preferences;1016;Do you like the Dave Matthews Band?;I was their biggest fan back in college!;She used to be a big fan of the Dave Matthews Band during their college years.;['Yes', 'No', 'Yes, subject to some conditions', 'In the middle, neither yes nor no', 'Other'];Yes
1144;X wants to know what activities Y likes to do during weekends.;weekend_activities;897;You like swimming?;I can't swim;He like swimming but he is not trained for swimming.;['Yes', 'No', 'Yes, subject to some conditions', 'In the middle, neither yes nor no', 'Other'];No
1145;X wants to know what sorts of books Y likes to read.;book_preferences;1017;Will you read an historical book?;I usually have one on my bedside.;She is a great fan of historical book;['Yes', 'No', 'Yes, subject to some conditions', 'In the middle, neither yes nor no', 'Other'];Yes
1146;X and Y are colleagues who are leaving work on a Friday at the same time.;colleagues_leaving_work;731;Do you have a busy weekend planned?;"Not much; what about you?";He has enough free time for this weekend.;['Yes', 'No', 'Yes, subject to some conditions', 'In the middle, neither yes nor no', 'Other'];No
1147;Y has just told X that he/she is thinking of buying a flat in New York.;buying_a_flat;1018;Have you got a car?;I've never driven before.;She has a car but has never driven.;['Yes', 'No', 'Yes, subject to some conditions', 'In the middle, neither yes nor no', 'Other'];No
1148;X wants to know about Y's food preferences.;food_preferences;886;Want to try a new restaurant nearby?;If it's in walking distance.;He prefers restaurants that are within walking distance.;['Yes', 'No', 'Yes, subject to some conditions', 'In the middle, neither yes nor no', 'Other'];Yes, subject to some conditions
1149;X wants to know about Y's food preferences.;food_preferences;624;Are burgers ok?;I love them.;Burgers are perfectly ok for her.;['Yes', 'No', 'Yes, subject to some conditions', 'In the middle, neither yes nor no', 'Other'];Yes
1150;X wants to know about Y's music preferences.;music_preferences;742;Have you listened to Tame Impala?;I've heard of them.;"He is familiar with the band ""Tame Impala"" but may not have actively listened to their music.";['Yes', 'No', 'Yes, subject to some conditions', 'In the middle, neither yes nor no', 'Other'];No
1151;X wants to know what activities Y likes to do during weekends.;weekend_activities;1019;Do you like to cook or bake?;I like to cook a few times per week, and bake at least once.;She enjoys both cooking and baking, engaging in cooking more frequently and baking occasionally.;['Yes', 'No', 'Yes, subject to some conditions', 'In the middle, neither yes nor no', 'Other'];Yes
1152;X and Y are childhood neighbours who unexpectedly run into each other at a cafe.;meeting_childhood_neighbour;1020;Am I the same as you thought I'd be now?;You look exactly the same as before.;He looks exactly the same as before.;['Yes', 'No', 'Yes, subject to some conditions', 'In the middle, neither yes nor no', 'Other'];Yes
1153;Y has just told X that he/she is considering switching his/her job.;switching_jobs;1021;Have you thoroughly thought this through?;I've been pondering it for some time.;She has spent a significant amount of time thinking about the matter at hand.;['Yes', 'No', 'Yes, subject to some conditions', 'In the middle, neither yes nor no', 'Other'];Yes
1154;X and Y are childhood neighbours who unexpectedly run into each other at a cafe.;meeting_childhood_neighbour;896;Would you like to have a coffee together?;How about tea?;He prefer to have tea rather than coffee.;['Yes', 'No', 'Yes, subject to some conditions', 'In the middle, neither yes nor no', 'Other'];Yes, subject to some conditions
1155;Y has just moved into a neighbourhood and meets his/her new neighbour X.;meeting_new_neighbour;614;are you married?;I'm divorced.;She was previously married but is no longer in that marital status.;['Yes', 'No', 'Yes, subject to some conditions', 'In the middle, neither yes nor no', 'Other'];No
1156;Y has just moved into a neighbourhood and meets his/her new neighbour X.;meeting_new_neighbour;614;are you married?;I'm divorced.;She was previously married but is no longer in that marital status.;['Yes', 'No', 'Yes, subject to some conditions', 'In the middle, neither yes nor no', 'Other'];No
1157;X wants to know what sorts of books Y likes to read.;book_preferences;1022;Are nonfiction books interesting to you?;I enjoy biographies.;He is in to biographies which is within the nonfiction genre.;['Yes', 'No', 'Yes, subject to some conditions', 'In the middle, neither yes nor no', 'Other'];Yes
1158;X wants to know about Y's music preferences.;music_preferences;1023;Have you ever played the guitar?;I played acoustic guitar.;She played acoustic guitar.;['Yes', 'No', 'Yes, subject to some conditions', 'In the middle, neither yes nor no', 'Other'];Yes
1159;X wants to know what activities Y likes to do during weekends.;weekend_activities;1024;Have you ever been to the opera?;I've always wanted to go to the Met.;He has not been to the opera, but they express an interest in attending the Met Opera;['Yes', 'No', 'Yes, subject to some conditions', 'In the middle, neither yes nor no', 'Other'];No
1160;X and Y are childhood neighbours who unexpectedly run into each other at a cafe.;meeting_childhood_neighbour;1025;Have you seen anyone else from back then recently?;It's been a few years.;She has not seen anyone else from their past recently.;['Yes', 'No', 'Yes, subject to some conditions', 'In the middle, neither yes nor no', 'Other'];No
1161;Y has just told X that he/she is considering switching his/her job.;switching_jobs;1026;Do you work at the weekends?;Luckily I get to enjoy my weekends.;He doesn't have work at weekends.;['Yes', 'No', 'Yes, subject to some conditions', 'In the middle, neither yes nor no', 'Other'];No
1162;X wants to know about Y's food preferences.;food_preferences;1027;Shall we try out that new gastopub this weekend?;If they're open late.;She wish to try out gastopub but she can join late this weekend.;['Yes', 'No', 'Yes, subject to some conditions', 'In the middle, neither yes nor no', 'Other'];Yes, subject to some conditions
1163;Y has just told X that he/she is considering switching his/her job.;switching_jobs;1028;Are your work hours flexible?;As long as I complete at least 40 hours a week.;Just after completing 40 hours of work a week, the remaining hours are flexible.;['Yes', 'No', 'Yes, subject to some conditions', 'In the middle, neither yes nor no', 'Other'];Yes
1164;X wants to know about Y's music preferences.;music_preferences;723;Do you enjoy going to festivals?;It depends on the lineup.;The enjoyment of going to festivals is contingent on the quality of the musical lineup.;['Yes', 'No', 'Yes, subject to some conditions', 'In the middle, neither yes nor no', 'Other'];Yes, subject to some conditions
1165;X wants to know about Y's music preferences.;music_preferences;1029;Do you like acoustic music?;I prefer something with a beat.;He is not that much into acoustic music but he prefer with beat.;['Yes', 'No', 'Yes, subject to some conditions', 'In the middle, neither yes nor no', 'Other'];No
1166;X wants to know what sorts of books Y likes to read.;book_preferences;1030;Do you like popular authors?;If I haven't heard of the author I won't read them.;He only read the book's of popular authors.;['Yes', 'No', 'Yes, subject to some conditions', 'In the middle, neither yes nor no', 'Other'];Yes
1167;X and Y are childhood neighbours who unexpectedly run into each other at a cafe.;meeting_childhood_neighbour;514;Are you working nearby?;We are just visiting.;She is not working nearby and is only visiting the area.;['Yes', 'No', 'Yes, subject to some conditions', 'In the middle, neither yes nor no', 'Other'];No
1168;Y has just moved into a neighbourhood and meets his/her new neighbour X.;meeting_new_neighbour;1031;Have you got roommates?;Just my dogs.;He just have a dog with him.;['Yes', 'No', 'Yes, subject to some conditions', 'In the middle, neither yes nor no', 'Other'];No
1169;X wants to know what activities Y likes to do during weekends.;weekend_activities;1032;Do you know about that band coming to town?;I'm on their email list.;She has received notification mail about the event and she is aware of the same.;['Yes', 'No', 'Yes, subject to some conditions', 'In the middle, neither yes nor no', 'Other'];Yes
1170;X wants to know what activities Y likes to do during weekends.;weekend_activities;1033;Do you like art galleries and museums?;I like to check out new exhibits.;He enjoys visiting art galleries and museums, particularly to see new exhibits.;['Yes', 'No', 'Yes, subject to some conditions', 'In the middle, neither yes nor no', 'Other'];Yes
1171;X wants to know about Y's music preferences.;music_preferences;1034;Have you gone to any good concerts lately?;I saw a rock concert last month.;She attended a rock concert recently and found it enjoyable.;['Yes', 'No', 'Yes, subject to some conditions', 'In the middle, neither yes nor no', 'Other'];Yes
1172;Y has just moved into a neighbourhood and meets his/her new neighbour X.;meeting_new_neighbour;1035;Has your move been easy?;It has been well-organised.;The move has been well-organised and therefore it was easy.;['Yes', 'No', 'Yes, subject to some conditions', 'In the middle, neither yes nor no', 'Other'];Yes
1173;Y has just told X that he/she is considering switching his/her job.;switching_jobs;1036;Will you have along commute?;It will take me an hour to get to work.;The commute will be relatively long, one hour.;['Yes', 'No', 'Yes, subject to some conditions', 'In the middle, neither yes nor no', 'Other'];Yes
1174;Y has just told X that he/she is thinking of buying a flat in New York.;buying_a_flat;1037;Can you afford $5,000 a month?;We were thinking anything under 6,000.;He can affort any amount which is less than 6000.;['Yes', 'No', 'Yes, subject to some conditions', 'In the middle, neither yes nor no', 'Other'];Yes
1175;X and Y are colleagues who are leaving work on a Friday at the same time.;colleagues_leaving_work;775;I'm so bored, wanna go have some fun?;I could be up for some kicks.;She is open to the idea of having fun.;['Yes', 'No', 'Yes, subject to some conditions', 'In the middle, neither yes nor no', 'Other'];Yes
1176;Y has just told X that he/she is thinking of buying a flat in New York.;buying_a_flat;1038;Will you have a roommate?;I can't afford to live in Manhattan without one.;He has roommate.;['Yes', 'No', 'Yes, subject to some conditions', 'In the middle, neither yes nor no', 'Other'];Yes
1177;X and Y are childhood neighbours who unexpectedly run into each other at a cafe.;meeting_childhood_neighbour;1039;What are you up to these days?;Mostly been working.;Her current focus has been primarily on your work.;['Yes', 'No', 'Yes, subject to some conditions', 'In the middle, neither yes nor no', 'Other'];Other
1178;X and Y are childhood neighbours who unexpectedly run into each other at a cafe.;meeting_childhood_neighbour;1040;Would you like to join me for some coffee?;Only if you think we'd have something to talk about.;He can spend time with her if and only if she has something to discuss.;['Yes', 'No', 'Yes, subject to some conditions', 'In the middle, neither yes nor no', 'Other'];Yes, subject to some conditions
1179;X and Y are childhood neighbours who unexpectedly run into each other at a cafe.;meeting_childhood_neighbour;1041;Do you remember Charlotte?;She was in my wedding!;She still remeber the presence of Charlotte in her wedding.;['Yes', 'No', 'Yes, subject to some conditions', 'In the middle, neither yes nor no', 'Other'];Yes
1180;X and Y are childhood neighbours who unexpectedly run into each other at a cafe.;meeting_childhood_neighbour;1042;Are you living here?;My parents still have their house, I'm only visiting them.;He is not living there, he came to visit his parents.;['Yes', 'No', 'Yes, subject to some conditions', 'In the middle, neither yes nor no', 'Other'];No
1181;X and Y are childhood neighbours who unexpectedly run into each other at a cafe.;meeting_childhood_neighbour;514;Are you working nearby?;Working at the Walmart downtown.;She is working at the Walmart downtown which has a long commute.;['Yes', 'No', 'Yes, subject to some conditions', 'In the middle, neither yes nor no', 'Other'];Yes
1182;X and Y are colleagues who are leaving work on a Friday at the same time.;colleagues_leaving_work;1043;Do you know if it's raining outside?;I believe it is;He know it's raining outside.;['Yes', 'No', 'Yes, subject to some conditions', 'In the middle, neither yes nor no', 'Other'];Yes
1183;Y has just told X that he/she is thinking of buying a flat in New York.;buying_a_flat;1044;Is the flat affordable?;It's below market price.;The cost of the flat is below market price, so it is affordable.;['Yes', 'No', 'Yes, subject to some conditions', 'In the middle, neither yes nor no', 'Other'];Yes
1184;X and Y are colleagues who are leaving work on a Friday at the same time.;colleagues_leaving_work;1045;Do you like ice cream?;I like vanilla ice cream.;She like only vanilla Ice cream;['Yes', 'No', 'Yes, subject to some conditions', 'In the middle, neither yes nor no', 'Other'];Yes, subject to some conditions
1185;X wants to know about Y's music preferences.;music_preferences;1046;Do you like similar music to your parents?;I really don't;His music preferences are different from those of your parents.;['Yes', 'No', 'Yes, subject to some conditions', 'In the middle, neither yes nor no', 'Other'];No
1186;X wants to know about Y's food preferences.;food_preferences;1047;Do you like burger places?;Only if it's a vegan burger.;She likes to have vegan;['Yes', 'No', 'Yes, subject to some conditions', 'In the middle, neither yes nor no', 'Other'];Yes, subject to some conditions
1187;X wants to know what sorts of books Y likes to read.;book_preferences;1048;Have you read the new Stephen King book?;I din't know there was one.;He is not a follower of Stephen king's book;['Yes', 'No', 'Yes, subject to some conditions', 'In the middle, neither yes nor no', 'Other'];No
1188;Y has just moved into a neighbourhood and meets his/her new neighbour X.;meeting_new_neighbour;587;Do you like cats?;We have 5 cats.;She likes cat and have 5 cats with her.;['Yes', 'No', 'Yes, subject to some conditions', 'In the middle, neither yes nor no', 'Other'];Yes
1189;Y has just travelled from a different city to meet X.;travelling_to_meet_someone;1049;Did you enjoy the train ride up here?;I do like passing through all the little towns on the way.;He enjoyed the train ride, especially the scenic views of the small towns along the way.;['Yes', 'No', 'Yes, subject to some conditions', 'In the middle, neither yes nor no', 'Other'];Yes
1190;X wants to know about Y's music preferences.;music_preferences;1050;Want to go to the Drake concert in town?;I'm not a big fan of his.;She is not interested to attend Drake concert in town.;['Yes', 'No', 'Yes, subject to some conditions', 'In the middle, neither yes nor no', 'Other'];No
1191;X and Y are childhood neighbours who unexpectedly run into each other at a cafe.;meeting_childhood_neighbour;899;What are you studying?;My major is in communications.;He is currently a student studying communication.;['Yes', 'No', 'Yes, subject to some conditions', 'In the middle, neither yes nor no', 'Other'];Other
1192;X wants to know about Y's music preferences.;music_preferences;1051;Want to go the the concert tonight?;Let's do it.;She is open to the idea of listening to concert tonight.;['Yes', 'No', 'Yes, subject to some conditions', 'In the middle, neither yes nor no', 'Other'];Yes
1193;Y has just told X that he/she is thinking of buying a flat in New York.;buying_a_flat;1052;Are you interested in a loft?;I'd rather find a condo.;He prefer a condo over a loft.;['Yes', 'No', 'Yes, subject to some conditions', 'In the middle, neither yes nor no', 'Other'];No
1194;Y has just told X that he/she is considering switching his/her job.;switching_jobs;1053;Is your company private?;It's going to have an IPO net year.;Her company will become publicly traded through an IPO next year.;['Yes', 'No', 'Yes, subject to some conditions', 'In the middle, neither yes nor no', 'Other'];Yes
1195;X wants to know about Y's music preferences.;music_preferences;1054;Did you play any musical instrument as a child?;I can't play anything;He don't play any instrument.;['Yes', 'No', 'Yes, subject to some conditions', 'In the middle, neither yes nor no', 'Other'];No
1196;X and Y are childhood neighbours who unexpectedly run into each other at a cafe.;meeting_childhood_neighbour;1055;Did you take your dream vacation?;I finally got to go to Paris last year!;Her dream vacation was realized when they went to Paris the previous year.;['Yes', 'No', 'Yes, subject to some conditions', 'In the middle, neither yes nor no', 'Other'];Yes
1197;Y has just moved into a neighbourhood and meets his/her new neighbour X.;meeting_new_neighbour;1056;Are you a sports fan?;I love anything sports-related.;He is a sports fan.;['Yes', 'No', 'Yes, subject to some conditions', 'In the middle, neither yes nor no', 'Other'];Yes
1198;X and Y are colleagues who are leaving work on a Friday at the same time.;colleagues_leaving_work;1057;Are you going to watch the game this weekend?;I'm all set to.;She is already in plan to watch the game this weekend.;['Yes', 'No', 'Yes, subject to some conditions', 'In the middle, neither yes nor no', 'Other'];Yes
1199;X wants to know about Y's food preferences.;food_preferences;1058;Do you prefer sit-down restaurants?;When the food is good.;He prefer sit-down restaurants to enjoy only quality and good food.;['Yes', 'No', 'Yes, subject to some conditions', 'In the middle, neither yes nor no', 'Other'];Yes, subject to some conditions
1200;X wants to know what sorts of books Y likes to read.;book_preferences;1059;Do you like non fiction?;I find it boring usually.;She don't like non-fiction which makes her boring always.;['Yes', 'No', 'Yes, subject to some conditions', 'In the middle, neither yes nor no', 'Other'];No
1201;X wants to know what sorts of books Y likes to read.;book_preferences;1060;Do you prefer short stories over novels?;I enjoy both.;He enjoys both short stories and novels.;['Yes', 'No', 'Yes, subject to some conditions', 'In the middle, neither yes nor no', 'Other'];In the middle, neither yes nor no
1202;Y has just told X that he/she is thinking of buying a flat in New York.;buying_a_flat;1061;Would you like to live downtown?;If I can get a place.;She prefer to live downtown.;['Yes', 'No', 'Yes, subject to some conditions', 'In the middle, neither yes nor no', 'Other'];Yes
1203;X and Y are childhood neighbours who unexpectedly run into each other at a cafe.;meeting_childhood_neighbour;1062;Are things okay?;They've been better, to be honest.;The current situation is not ideal and could be improved.;['Yes', 'No', 'Yes, subject to some conditions', 'In the middle, neither yes nor no', 'Other'];No
1204;X and Y are colleagues who are leaving work on a Friday at the same time.;colleagues_leaving_work;1043;Do you know if it's raining outside?;I saw that.;He observed rain outside.;['Yes', 'No', 'Yes, subject to some conditions', 'In the middle, neither yes nor no', 'Other'];Yes
1205;X wants to know what sorts of books Y likes to read.;book_preferences;1063;Do you read biographies?;Not if I can help it.;She tends to avoid reading biographies whenever possible.;['Yes', 'No', 'Yes, subject to some conditions', 'In the middle, neither yes nor no', 'Other'];No
1206;X wants to know about Y's music preferences.;music_preferences;1064;Did you play a music instrument growing up?;I've never learned how to read music.;He never played and trained any musical instrument.;['Yes', 'No', 'Yes, subject to some conditions', 'In the middle, neither yes nor no', 'Other'];No
1207;X and Y are colleagues who are leaving work on a Friday at the same time.;colleagues_leaving_work;1065;Do you have any plan for the weekend?;I'm got nothing special going on.;She don't have any plan for this weekend yet.;['Yes', 'No', 'Yes, subject to some conditions', 'In the middle, neither yes nor no', 'Other'];No
1208;Y has just told X that he/she is considering switching his/her job.;switching_jobs;1066;How well are the advancements?;You are considered for advancement at the end of each year.;The advancement is not evaluated now, it will condiser year end only.;['Yes', 'No', 'Yes, subject to some conditions', 'In the middle, neither yes nor no', 'Other'];Other
1209;X wants to know what activities Y likes to do during weekends.;weekend_activities;1067;Do you enjoy outdoor sports?;some of them I like;She is not into all outdoor sports but she like some of them.;['Yes', 'No', 'Yes, subject to some conditions', 'In the middle, neither yes nor no', 'Other'];Yes
1210;Y has just told X that he/she is considering switching his/her job.;switching_jobs;1068;Do you need any help with your resume?;I'll take any suggestions.;He is open to take any suggestions for preparing his resume.;['Yes', 'No', 'Yes, subject to some conditions', 'In the middle, neither yes nor no', 'Other'];Yes
1211;Y has just moved into a neighbourhood and meets his/her new neighbour X.;meeting_new_neighbour;1069;Do you have a favorite restaurant in the area?;I still have quite a few to check out.;She is new in this area and still she han't explored to identify a better restaurant.;['Yes', 'No', 'Yes, subject to some conditions', 'In the middle, neither yes nor no', 'Other'];In the middle, neither yes nor no
1212;Y has just moved into a neighbourhood and meets his/her new neighbour X.;meeting_new_neighbour;1070;Are you pleased with your house?;.It needs a little work, but overall I love it.;He is happy with his house.;['Yes', 'No', 'Yes, subject to some conditions', 'In the middle, neither yes nor no', 'Other'];Yes
1213;X wants to know what sorts of books Y likes to read.;book_preferences;1071;Is true crime too scary for you?;I find it disturbing but wouldn't say scary;Sometimes true crimes books are disturbing, eventhough it's not scary for her.;['Yes', 'No', 'Yes, subject to some conditions', 'In the middle, neither yes nor no', 'Other'];No
1214;Y has just told X that he/she is thinking of buying a flat in New York.;buying_a_flat;1052;Are you interested in a loft?;I'd prefer a house.;He prefer a standalone house over a loft.;['Yes', 'No', 'Yes, subject to some conditions', 'In the middle, neither yes nor no', 'Other'];No
1215;X wants to know what sorts of books Y likes to read.;book_preferences;1072;Are you into thrillers?;Thrillers are my favorite genre.;She is completely into thrillers.;['Yes', 'No', 'Yes, subject to some conditions', 'In the middle, neither yes nor no', 'Other'];Yes
1216;X wants to know about Y's music preferences.;music_preferences;891;Do you like bossanova?;I often listen to it.;He frequently enjoys listening to bossanova music.;['Yes', 'No', 'Yes, subject to some conditions', 'In the middle, neither yes nor no', 'Other'];Yes
1217;X wants to know what sorts of books Y likes to read.;book_preferences;1073;Have you read the Harry Potter series?;I've read it many of times.;She is a fan of Harry Potter series and read it many times.;['Yes', 'No', 'Yes, subject to some conditions', 'In the middle, neither yes nor no', 'Other'];Yes
1218;X and Y are childhood neighbours who unexpectedly run into each other at a cafe.;meeting_childhood_neighbour;646;Is your brother still in London?;He moved to Berlin.;His brother relocated from London to Berlin.;['Yes', 'No', 'Yes, subject to some conditions', 'In the middle, neither yes nor no', 'Other'];No
1219;Y has just told X that he/she is thinking of buying a flat in New York.;buying_a_flat;1074;Have you taken utilities bills into consideration?;That's right, I hadn't thought about that.;She actually forget about the bills, but intended to consider.;['Yes', 'No', 'Yes, subject to some conditions', 'In the middle, neither yes nor no', 'Other'];No
1220;X wants to know what sorts of books Y likes to read.;book_preferences;1060;Do you prefer short stories over novels?;I prefer novels;He prefer novels rather than short stories.;['Yes', 'No', 'Yes, subject to some conditions', 'In the middle, neither yes nor no', 'Other'];No
1221;X and Y are colleagues who are leaving work on a Friday at the same time.;colleagues_leaving_work;540;Have you got the energy to party tonight?;I don't think I do;She doesn't believe they have the energy or enthusiasm to party tonight.;['Yes', 'No', 'Yes, subject to some conditions', 'In the middle, neither yes nor no', 'Other'];No
1222;X wants to know about Y's music preferences.;music_preferences;1075;Are you a fan of jazz music?;I'm not into it.;He is not a fan of jazz music.;['Yes', 'No', 'Yes, subject to some conditions', 'In the middle, neither yes nor no', 'Other'];No
1223;X wants to know what activities Y likes to do during weekends.;weekend_activities;1076;Do you like to watch football?;Only the playoffs.;She is primarily interested in watching football games during the playoffs rather than throughout the regular season.;['Yes', 'No', 'Yes, subject to some conditions', 'In the middle, neither yes nor no', 'Other'];Yes, subject to some conditions
1224;Y has just moved into a neighbourhood and meets his/her new neighbour X.;meeting_new_neighbour;1077;Are you new in the neighborhood?;I have lived here for many years.;The place is familiar to him because he lived there for many years.;['Yes', 'No', 'Yes, subject to some conditions', 'In the middle, neither yes nor no', 'Other'];No
1225;X wants to know what activities Y likes to do during weekends.;weekend_activities;1078;Do you have any interest in going bowling this weekend?;I'd rather play pool.;She prefer playing pool instead of going bowling this weekend.;['Yes', 'No', 'Yes, subject to some conditions', 'In the middle, neither yes nor no', 'Other'];No
1226;X and Y are colleagues who are leaving work on a Friday at the same time.;colleagues_leaving_work;588;Do you want to the movies?;Let's do that next weekend.;This week he is not willing to go to movies, instead he postponed to the next week.;['Yes', 'No', 'Yes, subject to some conditions', 'In the middle, neither yes nor no', 'Other'];Yes, subject to some conditions
1227;X wants to know about Y's music preferences.;music_preferences;1079;Would you prefer a club over a music festival?;I prefer being outdoors.;She prefer outdoor activities rather than either option.;['Yes', 'No', 'Yes, subject to some conditions', 'In the middle, neither yes nor no', 'Other'];No
1228;X wants to know what sorts of books Y likes to read.;book_preferences;1080;Do you like books with a mystery as part of the plot?;If the writer is good.;He likes mystery books written by famous writers.;['Yes', 'No', 'Yes, subject to some conditions', 'In the middle, neither yes nor no', 'Other'];Yes, subject to some conditions
1229;Y has just moved into a neighbourhood and meets his/her new neighbour X.;meeting_new_neighbour;1081;Are you friends with all your neighbours?;I think it's important to meet everyone on the block.;She believes it's valuable to get acquainted with everyone on the block and so he maintain a positive relationship with them.;['Yes', 'No', 'Yes, subject to some conditions', 'In the middle, neither yes nor no', 'Other'];Yes
1230;X and Y are childhood neighbours who unexpectedly run into each other at a cafe.;meeting_childhood_neighbour;931;Did you stay here the whole time?;My job kept me on the move.;Her job required her to be frequently on the move rather than staying in one place.;['Yes', 'No', 'Yes, subject to some conditions', 'In the middle, neither yes nor no', 'Other'];No
1231;X wants to know about Y's music preferences.;music_preferences;442;Do you like to see live music?;Live is so much more intimate than listening on a CD.;He likes to see live music than listening on a CD.;['Yes', 'No', 'Yes, subject to some conditions', 'In the middle, neither yes nor no', 'Other'];Yes
1232;X wants to know about Y's food preferences.;food_preferences;1082;Have you been to any restaurants recently?;I tried that sushi place on Multnomah.;Recently, she tried the sushi place on multomah.;['Yes', 'No', 'Yes, subject to some conditions', 'In the middle, neither yes nor no', 'Other'];Yes
1233;X and Y are colleagues who are leaving work on a Friday at the same time.;colleagues_leaving_work;1083;Did everything go okay today?;We sailed through it.;Everything went smoothly and without any significant issues.;['Yes', 'No', 'Yes, subject to some conditions', 'In the middle, neither yes nor no', 'Other'];Yes
1234;Y has just travelled from a different city to meet X.;travelling_to_meet_someone;947;Would you like to go out tonight?;I have kept it open for us.;She would like to go out for dinner to night.;['Yes', 'No', 'Yes, subject to some conditions', 'In the middle, neither yes nor no', 'Other'];Yes
1235;X wants to know about Y's music preferences.;music_preferences;1084;Do you like to play at Open Mike sessions?;I'm too shy to get up in front of a crowd.;He likes to play at open mike session but his shyness prevents from that.;['Yes', 'No', 'Yes, subject to some conditions', 'In the middle, neither yes nor no', 'Other'];No
1236;Y has just told X that he/she is thinking of buying a flat in New York.;buying_a_flat;1085;Would you like to live near Central Park?;That would be nice.;She is interested to live near Central Park.;['Yes', 'No', 'Yes, subject to some conditions', 'In the middle, neither yes nor no', 'Other'];Yes
1237;Y has just told X that he/she is considering switching his/her job.;switching_jobs;1086;Is the new potential job in the same field?;I'm not switching fields.;He is not considering a career change to a different field.;['Yes', 'No', 'Yes, subject to some conditions', 'In the middle, neither yes nor no', 'Other'];Yes
1238;X wants to know what sorts of books Y likes to read.;book_preferences;975;Are you a big fan of romance novels?;They tend to bore me.;She is not at all interested in ramntic novels.;['Yes', 'No', 'Yes, subject to some conditions', 'In the middle, neither yes nor no', 'Other'];No
1239;Y has just told X that he/she is thinking of buying a flat in New York.;buying_a_flat;1087;Do you know what neighborhood you will buy it in?;I am still doing research.;He is not yet decided the location.;['Yes', 'No', 'Yes, subject to some conditions', 'In the middle, neither yes nor no', 'Other'];No
1240;X wants to know about Y's food preferences.;food_preferences;1088;Do you like Italian cuisine over Mexican cuisine?;I do prefer italian;She prefer Italian cuisine over Mexican cuisine.;['Yes', 'No', 'Yes, subject to some conditions', 'In the middle, neither yes nor no', 'Other'];Yes
1241;X wants to know about Y's food preferences.;food_preferences;1089;Do you have any special diet?;I don't eat any red meat.;He avoids consuming red meat as part of their dietary choices.;['Yes', 'No', 'Yes, subject to some conditions', 'In the middle, neither yes nor no', 'Other'];Yes
1242;Y has just told X that he/she is thinking of buying a flat in New York.;buying_a_flat;1090;Would you like to have a balcony?;If it's on one of the lower levels.;He would prefer a lower level of the building with balcony.;['Yes', 'No', 'Yes, subject to some conditions', 'In the middle, neither yes nor no', 'Other'];Yes, subject to some conditions
1243;Y has just told X that he/she is thinking of buying a flat in New York.;buying_a_flat;1091;Have you read about the city?;I'm thinking about it.;She is considering the idea of reading about the city but hasn't done so yet.;['Yes', 'No', 'Yes, subject to some conditions', 'In the middle, neither yes nor no', 'Other'];No
1244;X and Y are childhood neighbours who unexpectedly run into each other at a cafe.;meeting_childhood_neighbour;1092;Would you like to properly catch up some time?;I'm free this weekend.;He is available and willing to meet up during the upcoming weekend.;['Yes', 'No', 'Yes, subject to some conditions', 'In the middle, neither yes nor no', 'Other'];Yes
1245;Y has just moved into a neighbourhood and meets his/her new neighbour X.;meeting_new_neighbour;1093;Would you like to go the pub sometime?;I don't drink.;She don't like to go the pub as she don't drink.;['Yes', 'No', 'Yes, subject to some conditions', 'In the middle, neither yes nor no', 'Other'];No
1246;Y has just moved into a neighbourhood and meets his/her new neighbour X.;meeting_new_neighbour;1093;Would you like to go the pub sometime?;I don't drink.;She don't like to go the pub as she don't drink.;['Yes', 'No', 'Yes, subject to some conditions', 'In the middle, neither yes nor no', 'Other'];No
1247;Y has just moved into a neighbourhood and meets his/her new neighbour X.;meeting_new_neighbour;1093;Would you like to go the pub sometime?;I don't drink.;She don't like to go the pub as she don't drink.;['Yes', 'No', 'Yes, subject to some conditions', 'In the middle, neither yes nor no', 'Other'];No
1248;Y has just moved into a neighbourhood and meets his/her new neighbour X.;meeting_new_neighbour;1093;Would you like to go the pub sometime?;I don't drink.;She doesn't drink so doesn't go to the pub .;['Yes', 'No', 'Yes, subject to some conditions', 'In the middle, neither yes nor no', 'Other'];No
1249;Y has just moved into a neighbourhood and meets his/her new neighbour X.;meeting_new_neighbour;1093;Would you like to go the pub sometime?;I don't drink.;She doesn't drink so doesn't go to the pub .;['Yes', 'No', 'Yes, subject to some conditions', 'In the middle, neither yes nor no', 'Other'];No
1250;Y has just moved into a neighbourhood and meets his/her new neighbour X.;meeting_new_neighbour;1093;Would you like to go the pub sometime?;I don't drink.;She doesn't drink so doesn't go to the pub .;['Yes', 'No', 'Yes, subject to some conditions', 'In the middle, neither yes nor no', 'Other'];No
1251;Y has just travelled from a different city to meet X.;travelling_to_meet_someone;421;Do you want to have a BBQ this evening?;That would be great.;He is open to the idea of having BBQ this evening.;['Yes', 'No', 'Yes, subject to some conditions', 'In the middle, neither yes nor no', 'Other'];Yes
1252;Y has just told X that he/she is thinking of buying a flat in New York.;buying_a_flat;1094;Is the price reasonable?;It's sky high.;The price is very high and is not reasonable.;['Yes', 'No', 'Yes, subject to some conditions', 'In the middle, neither yes nor no', 'Other'];No
1253;Y has just told X that he/she is considering switching his/her job.;switching_jobs;1095;Do you enjoy working in an office?;It's OK.;She is confortable in working in an office.;['Yes', 'No', 'Yes, subject to some conditions', 'In the middle, neither yes nor no', 'Other'];In the middle, neither yes nor no
1254;X wants to know what sorts of books Y likes to read.;book_preferences;1096;Do you enjoy fiction?;I prefer editing fiction over nonfiction.;He enjoy fiction rather than nonfiction.;['Yes', 'No', 'Yes, subject to some conditions', 'In the middle, neither yes nor no', 'Other'];Yes
1255;Y has just travelled from a different city to meet X.;travelling_to_meet_someone;1097;Want to go for a hike tomorrow?;Let's take the kids.;She agrees for hiking and suggests bringing along the children as well.;['Yes', 'No', 'Yes, subject to some conditions', 'In the middle, neither yes nor no', 'Other'];Yes
1256;X wants to know about Y's music preferences.;music_preferences;1098;Do you like salsa music?;If it's in a club.;He enjoys salsa misic being in a club.;['Yes', 'No', 'Yes, subject to some conditions', 'In the middle, neither yes nor no', 'Other'];Yes, subject to some conditions
1257;Y has just told X that he/she is considering switching his/her job.;switching_jobs;1095;Do you enjoy working in an office?;I prefer working out in the field.;She is more comfortable working out in the field rather than in an office.;['Yes', 'No', 'Yes, subject to some conditions', 'In the middle, neither yes nor no', 'Other'];No
1258;Y has just travelled from a different city to meet X.;travelling_to_meet_someone;1099;Did you enjoy your drive here?;"I couldn;t wait for the drive to end.";He didn't find the drive enjoyable and was eager for it to be over.;['Yes', 'No', 'Yes, subject to some conditions', 'In the middle, neither yes nor no', 'Other'];No
1259;X wants to know about Y's music preferences.;music_preferences;745;Do you like music?;I love all types of music.;He is a great fan of music.;['Yes', 'No', 'Yes, subject to some conditions', 'In the middle, neither yes nor no', 'Other'];Yes
1260;X and Y are colleagues who are leaving work on a Friday at the same time.;colleagues_leaving_work;1100;Want to get together this weekend?;If you want to go biking with us you can.;She would like to have a get together this weekend but she prefer biking.;['Yes', 'No', 'Yes, subject to some conditions', 'In the middle, neither yes nor no', 'Other'];Yes, subject to some conditions
1261;X wants to know what activities Y likes to do during weekends.;weekend_activities;1101;Are you going to the club this weekend?;I gave up my membership.;He has no interest in club programs, so he canceled their membership to the club.;['Yes', 'No', 'Yes, subject to some conditions', 'In the middle, neither yes nor no', 'Other'];No
1262;Y has just travelled from a different city to meet X.;travelling_to_meet_someone;1102;Do you want to try that new seafood place downtown?;I'd love to eat some seafood.;She would like to have some seafood from any restaurant.;['Yes', 'No', 'Yes, subject to some conditions', 'In the middle, neither yes nor no', 'Other'];Yes
1263;Y has just told X that he/she is thinking of buying a flat in New York.;buying_a_flat;1103;Do you go to New York often?;I've lived there on and off for years.;He has lived in New York for various periods over the years.;['Yes', 'No', 'Yes, subject to some conditions', 'In the middle, neither yes nor no', 'Other'];Yes
1264;X and Y are colleagues who are leaving work on a Friday at the same time.;colleagues_leaving_work;1104;Will I be seeing you tomorrow for work?;I have the day off.;Tomorrow is off day for her.;['Yes', 'No', 'Yes, subject to some conditions', 'In the middle, neither yes nor no', 'Other'];No
1265;X wants to know what sorts of books Y likes to read.;book_preferences;572;Do you like reading biographies?;I prefer fiction.;He enjoys reading fiction more than biographies.;['Yes', 'No', 'Yes, subject to some conditions', 'In the middle, neither yes nor no', 'Other'];No
1266;Y has just moved into a neighbourhood and meets his/her new neighbour X.;meeting_new_neighbour;1105;Do you have family from around here?;I still have a few members here;Some of her family members are still living there.;['Yes', 'No', 'Yes, subject to some conditions', 'In the middle, neither yes nor no', 'Other'];Yes
1267;X wants to know about Y's music preferences.;music_preferences;1106;Are you into R&B?;I'm more of a pop person.;He prefer pop music than R&B.;['Yes', 'No', 'Yes, subject to some conditions', 'In the middle, neither yes nor no', 'Other'];No
1268;Y has just moved into a neighbourhood and meets his/her new neighbour X.;meeting_new_neighbour;1107;Do you have any pet?;I'm allergic to animals.;She don't have any pet because she is allegic to animals.;['Yes', 'No', 'Yes, subject to some conditions', 'In the middle, neither yes nor no', 'Other'];No
1269;X wants to know about Y's food preferences.;food_preferences;1108;How about booth seating?;Those are always more comfortable.;He finds booth seating to be more comfortable compared to other seating arrangements.;['Yes', 'No', 'Yes, subject to some conditions', 'In the middle, neither yes nor no', 'Other'];Yes
1270;Y has just moved into a neighbourhood and meets his/her new neighbour X.;meeting_new_neighbour;1109;Have you moved from out of town?;I've always been here.;She has been in the present location from a significant period of time.;['Yes', 'No', 'Yes, subject to some conditions', 'In the middle, neither yes nor no', 'Other'];No
1271;X and Y are colleagues who are leaving work on a Friday at the same time.;colleagues_leaving_work;1110;Did your week go well?;I had to deal with some difficult customers.;This week was challenging but was good.;['Yes', 'No', 'Yes, subject to some conditions', 'In the middle, neither yes nor no', 'Other'];No
1272;Y has just travelled from a different city to meet X.;travelling_to_meet_someone;1111;Do you like alcohol or wine with dinner?;I would like water.;He prefer only water not alcohol or wine.;['Yes', 'No', 'Yes, subject to some conditions', 'In the middle, neither yes nor no', 'Other'];No
1273;X wants to know what activities Y likes to do during weekends.;weekend_activities;937;Has your family been to the local zoo yet?;We aren't zoo people.;They haven't ben to the zoo yet because they are not at all interested to visit zoo.;['Yes', 'No', 'Yes, subject to some conditions', 'In the middle, neither yes nor no', 'Other'];No
1274;Y has just told X that he/she is considering switching his/her job.;switching_jobs;1112;Are you happy at your present job?;Not really, I work a lot for a little pay.;She is not at all happy with the current job.;['Yes', 'No', 'Yes, subject to some conditions', 'In the middle, neither yes nor no', 'Other'];No
1275;X wants to know what activities Y likes to do during weekends.;weekend_activities;1113;Do you have busy weekends?;When the kids are off from school.;His weekends tend to be busier when their children have time off from school.;['Yes', 'No', 'Yes, subject to some conditions', 'In the middle, neither yes nor no', 'Other'];Yes
1276;X wants to know about Y's music preferences.;music_preferences;1114;Do you like to go to concerts?;If tickets aren't too expensive.;She enjoys concerts but she can afford only less expensive ticket fare.;['Yes', 'No', 'Yes, subject to some conditions', 'In the middle, neither yes nor no', 'Other'];Yes, subject to some conditions
1277;X wants to know what activities Y likes to do during weekends.;weekend_activities;1115;Did you try the new brunch spot?;I still need to get over there.;He hasn't had the chance to go there yet.;['Yes', 'No', 'Yes, subject to some conditions', 'In the middle, neither yes nor no', 'Other'];No
1278;Y has just travelled from a different city to meet X.;travelling_to_meet_someone;1116;Was you flight pleasant?;I slept most of the way and the staff was friendly.,;She had a great and comfortable fly.;['Yes', 'No', 'Yes, subject to some conditions', 'In the middle, neither yes nor no', 'Other'];Yes
1279;Y has just travelled from a different city to meet X.;travelling_to_meet_someone;1117;Shall we go out for a drink tonight?;That sounds like fun;He would like to go out for a drink tonight.;['Yes', 'No', 'Yes, subject to some conditions', 'In the middle, neither yes nor no', 'Other'];Yes
1280;Y has just told X that he/she is considering switching his/her job.;switching_jobs;902;Does the new job pay more?;It pays better than the last one.;Her current job pays better than the previous one.;['Yes', 'No', 'Yes, subject to some conditions', 'In the middle, neither yes nor no', 'Other'];Yes
1281;X wants to know what activities Y likes to do during weekends.;weekend_activities;1118;Are you in to sports?;I like to play tennis.;He has strong affinity to sports, especially tennis.;['Yes', 'No', 'Yes, subject to some conditions', 'In the middle, neither yes nor no', 'Other'];Yes
1282;X wants to know what activities Y likes to do during weekends.;weekend_activities;1119;Have you been to a farmer's market?;The one near my house is only open when I'm at work.;The working hours of the specific market is not in his convenience, so he hasn't been to the market yet.;['Yes', 'No', 'Yes, subject to some conditions', 'In the middle, neither yes nor no', 'Other'];No
1283;X wants to know about Y's food preferences.;food_preferences;528;Do you like Chinese food?;If it's past midnight.;She like to have chinese food in the midnight.;['Yes', 'No', 'Yes, subject to some conditions', 'In the middle, neither yes nor no', 'Other'];Yes, subject to some conditions
1284;Y has just travelled from a different city to meet X.;travelling_to_meet_someone;1120;Did you want to go out tonight?;Let's do it.;He wish to go out tonight.;['Yes', 'No', 'Yes, subject to some conditions', 'In the middle, neither yes nor no', 'Other'];Yes
1285;X wants to know what activities Y likes to do during weekends.;weekend_activities;1121;Do you like soccer?;I'm not into soccer.;She is not at all interested in soccer.;['Yes', 'No', 'Yes, subject to some conditions', 'In the middle, neither yes nor no', 'Other'];No
1286;X wants to know what activities Y likes to do during weekends.;weekend_activities;1122;Do you meet up with friends on weekends?;I am very sociable at the weekend.;He already scheduled for the meet up with friends on weekends.;['Yes', 'No', 'Yes, subject to some conditions', 'In the middle, neither yes nor no', 'Other'];Yes
1287;Y has just travelled from a different city to meet X.;travelling_to_meet_someone;876;Will you be able to stay for a week?;I can only stay for the weekend.;She cannot stay for the whole week, instead she can stay only weekends.;['Yes', 'No', 'Yes, subject to some conditions', 'In the middle, neither yes nor no', 'Other'];No
1288;Y has just told X that he/she is considering switching his/her job.;switching_jobs;746;Do you have many different skills and talents?;I'm very adaptable.;He has many skills and talents and he is versatile in nature.;['Yes', 'No', 'Yes, subject to some conditions', 'In the middle, neither yes nor no', 'Other'];Yes
1289;X and Y are childhood neighbours who unexpectedly run into each other at a cafe.;meeting_childhood_neighbour;1123;Do you have kids now?;My son is ten years old now.;She has a son who is in ten years old.;['Yes', 'No', 'Yes, subject to some conditions', 'In the middle, neither yes nor no', 'Other'];Yes
1290;X wants to know about Y's food preferences.;food_preferences;1124;Do you have any food intolerances?;I can't have shellfish.;He is unable to consume shellfish due to an intolerance or allergy.;['Yes', 'No', 'Yes, subject to some conditions', 'In the middle, neither yes nor no', 'Other'];Yes
1291;Y has just told X that he/she is thinking of buying a flat in New York.;buying_a_flat;755;Do you want to stay in this neighborhood?;It's my favorite, but I'm flexible.;She has a fondness for the neighborhood but is open to considering other options as well.;['Yes', 'No', 'Yes, subject to some conditions', 'In the middle, neither yes nor no', 'Other'];Yes
1292;X wants to know about Y's food preferences.;food_preferences;1125;Would you like to eat local cuisine?;I'd prefer something more exotic.;Today, he wish to have some different cuisine rather than local cuisine.;['Yes', 'No', 'Yes, subject to some conditions', 'In the middle, neither yes nor no', 'Other'];No
1293;Y has just travelled from a different city to meet X.;travelling_to_meet_someone;1126;Did you have anything to eat?;They fed us on the plane.;She had a meal provided during the airplane journey.;['Yes', 'No', 'Yes, subject to some conditions', 'In the middle, neither yes nor no', 'Other'];Yes
1294;Y has just moved into a neighbourhood and meets his/her new neighbour X.;meeting_new_neighbour;1127;Do you like living here?;I haven't enjoyed how noisy it is.;He would like to escape from the current location as the loation is very noisy.;['Yes', 'No', 'Yes, subject to some conditions', 'In the middle, neither yes nor no', 'Other'];No
1295;X wants to know about Y's music preferences.;music_preferences;1128;Have you been to any concerts lately?;I'm going in the summer;She plans to attend a concert during the upcoming summer season.;['Yes', 'No', 'Yes, subject to some conditions', 'In the middle, neither yes nor no', 'Other'];In the middle, neither yes nor no
1296;X wants to know about Y's food preferences.;food_preferences;1129;Is there a specific dish that you enjoy?;Calzones are my favorite.;Calzones is his favorite dish.;['Yes', 'No', 'Yes, subject to some conditions', 'In the middle, neither yes nor no', 'Other'];Yes
1297;X wants to know what sorts of books Y likes to read.;book_preferences;1130;Would you consider yourself a fictional reader?;Honestly, with the news these days, aren't we all?;He humorously implies that the current state of news and events can often feel like fiction, so all are fiction readers.;['Yes', 'No', 'Yes, subject to some conditions', 'In the middle, neither yes nor no', 'Other'];Yes
1298;Y has just told X that he/she is thinking of buying a flat in New York.;buying_a_flat;1131;Does the flat's price fit your long-term budget?;This one is in my preferred price range.;The price perfectly fits in her preferred price range.;['Yes', 'No', 'Yes, subject to some conditions', 'In the middle, neither yes nor no', 'Other'];Yes
1299;X and Y are colleagues who are leaving work on a Friday at the same time.;colleagues_leaving_work;1132;There's a car show downtown, are you coming?;If the admission isn't too much.;He is interested in attending as long as the admission fee is reasonable.;['Yes', 'No', 'Yes, subject to some conditions', 'In the middle, neither yes nor no', 'Other'];Yes, subject to some conditions
1300;X wants to know about Y's music preferences.;music_preferences;1133;Do you like Indian music?;I'm not a fan of world music.;She doesn't generally enjoy world music, which could include Indian music.;['Yes', 'No', 'Yes, subject to some conditions', 'In the middle, neither yes nor no', 'Other'];No
1301;Y has just moved into a neighbourhood and meets his/her new neighbour X.;meeting_new_neighbour;1134;Do you need help in knowing the neighbourhood?;Can you tell me where the best sushi is?;He is primerly want to know about the place where he can get best sushi.;['Yes', 'No', 'Yes, subject to some conditions', 'In the middle, neither yes nor no', 'Other'];Yes
1302;Y has just told X that he/she is thinking of buying a flat in New York.;buying_a_flat;1061;Would you like to live downtown?;It depends on the city.;She don't have preference for living in downtown but his decision will be depend up on the city.;['Yes', 'No', 'Yes, subject to some conditions', 'In the middle, neither yes nor no', 'Other'];Yes, subject to some conditions
1303;X wants to know what sorts of books Y likes to read.;book_preferences;1135;Do you like reading fiction or non-fiction?;I find fiction more entertaining.;He prefer fiction rather than non-fiction.;['Yes', 'No', 'Yes, subject to some conditions', 'In the middle, neither yes nor no', 'Other'];Other
1304;Y has just told X that he/she is considering switching his/her job.;switching_jobs;786;Is your job well paid?;I can't make ends meet;Her don't have a good payment, so he finds it challenging to cover their expenses with their current income.;['Yes', 'No', 'Yes, subject to some conditions', 'In the middle, neither yes nor no', 'Other'];No
1305;X wants to know what sorts of books Y likes to read.;book_preferences;1136;Do you enjoy books in series?;They're too time-consuming.;He don't have enough time to enjoy books.;['Yes', 'No', 'Yes, subject to some conditions', 'In the middle, neither yes nor no', 'Other'];No
1306;Y has just told X that he/she is considering switching his/her job.;switching_jobs;1137;Are there benefits?;The dental plan is excellent.;She always have dental issues, so dental plan provided by the job is good;['Yes', 'No', 'Yes, subject to some conditions', 'In the middle, neither yes nor no', 'Other'];Yes
1307;X wants to know about Y's music preferences.;music_preferences;1034;Have you gone to any good concerts lately?;I haven't for a while;She hasn't been to a good concert in quite some time.;['Yes', 'No', 'Yes, subject to some conditions', 'In the middle, neither yes nor no', 'Other'];No
1308;Y has just told X that he/she is thinking of buying a flat in New York.;buying_a_flat;1138;Are you going to have roommates?;I prefer to live alone.;He is an independent person and he wish to live alone.;['Yes', 'No', 'Yes, subject to some conditions', 'In the middle, neither yes nor no', 'Other'];No
1309;Y has just told X that he/she is thinking of buying a flat in New York.;buying_a_flat;1138;Are you going to have roommates?;I prefer to live alone.;He is an independent person and he wish to live alone.;['Yes', 'No', 'Yes, subject to some conditions', 'In the middle, neither yes nor no', 'Other'];No
1310;Y has just told X that he/she is considering switching his/her job.;switching_jobs;1139;Is there a pension scheme available ?;I am on my own there.;She  doesn't have the support of a pension scheme .;['Yes', 'No', 'Yes, subject to some conditions', 'In the middle, neither yes nor no', 'Other'];No
1311;X wants to know what activities Y likes to do during weekends.;weekend_activities;1140;Have you ever rafted the Ocoee?;I did that last year.;He  participated in rafting the Ocoee River the previous year.;['Yes', 'No', 'Yes, subject to some conditions', 'In the middle, neither yes nor no', 'Other'];Yes
1312;X wants to know about Y's music preferences.;music_preferences;1128;Have you been to any concerts lately?;I saw the Foo Fighters at the O2 last week.;She went to a concert recently, just last week.;['Yes', 'No', 'Yes, subject to some conditions', 'In the middle, neither yes nor no', 'Other'];Yes
1313;X wants to know about Y's food preferences.;food_preferences;1141;Do you want to go grab a Brooklyn style pizza?;I've always wanted to try one.;She would like to have  Brooklyn style pizza.;['Yes', 'No', 'Yes, subject to some conditions', 'In the middle, neither yes nor no', 'Other'];Yes
1314;X wants to know what activities Y likes to do during weekends.;weekend_activities;1142;Would you be interested in a book club?;I'm too busy at work.;He is interested but don't have enough time to spend in book club.;['Yes', 'No', 'Yes, subject to some conditions', 'In the middle, neither yes nor no', 'Other'];No
1315;Y has just travelled from a different city to meet X.;travelling_to_meet_someone;1143;Should we meet again next week?;Shall we say 7pm in the Royal Oak ?;She is also willing to meet next week .;['Yes', 'No', 'Yes, subject to some conditions', 'In the middle, neither yes nor no', 'Other'];Yes
1316;X and Y are childhood neighbours who unexpectedly run into each other at a cafe.;meeting_childhood_neighbour;758;Do you have an interest in movies?;I love going to the cinema.;He has strong affinity to enjoy cinemas.;['Yes', 'No', 'Yes, subject to some conditions', 'In the middle, neither yes nor no', 'Other'];Yes
1317;X wants to know about Y's food preferences.;food_preferences;1144;Do you like noodles?;they are okay;She just can have noodles, but not interested that much.;['Yes', 'No', 'Yes, subject to some conditions', 'In the middle, neither yes nor no', 'Other'];In the middle, neither yes nor no
1318;X and Y are childhood neighbours who unexpectedly run into each other at a cafe.;meeting_childhood_neighbour;1145;Have you lived here long?;I've been here for a couple of years now.;He has been in the particular location for a significantly long period.;['Yes', 'No', 'Yes, subject to some conditions', 'In the middle, neither yes nor no', 'Other'];Yes
1319;X and Y are childhood neighbours who unexpectedly run into each other at a cafe.;meeting_childhood_neighbour;1146;Hasn't time flown by?;It feels like yesterday since I last saw you.;He also agree with the statement that the time flown like anything.;['Yes', 'No', 'Yes, subject to some conditions', 'In the middle, neither yes nor no', 'Other'];Yes
1320;X and Y are childhood neighbours who unexpectedly run into each other at a cafe.;meeting_childhood_neighbour;1147;Are you still interested in photography?;I'm here to take pictures.;She still interested in photography and she is into it.;['Yes', 'No', 'Yes, subject to some conditions', 'In the middle, neither yes nor no', 'Other'];Yes
1321;X wants to know about Y's music preferences.;music_preferences;615;Have you been to any jazz shows?;We went to one at the Green Mill.;She once attended the jazz show at Green Mills.;['Yes', 'No', 'Yes, subject to some conditions', 'In the middle, neither yes nor no', 'Other'];Yes
1322;X wants to know what activities Y likes to do during weekends.;weekend_activities;1148;Do you enjoy sports events?;I love football, cricket, rugby and athletics.o;He has strong affinity in sports.;['Yes', 'No', 'Yes, subject to some conditions', 'In the middle, neither yes nor no', 'Other'];Yes
1323;X and Y are childhood neighbours who unexpectedly run into each other at a cafe.;meeting_childhood_neighbour;1149;Are your brothers and sisters nearby?;They're all in the same place.;Her brothers and sisters are staying nearby.;['Yes', 'No', 'Yes, subject to some conditions', 'In the middle, neither yes nor no', 'Other'];In the middle, neither yes nor no
1324;X wants to know about Y's food preferences.;food_preferences;1150;Have you tried TexMex;I eat it from time to time.;He like TexMex and frequently consume it.;['Yes', 'No', 'Yes, subject to some conditions', 'In the middle, neither yes nor no', 'Other'];Yes
1325;X wants to know about Y's music preferences.;music_preferences;1151;Who is your favorite rock band?;I've seen U2 about 10 times.;U2 is his favorite rock band.;['Yes', 'No', 'Yes, subject to some conditions', 'In the middle, neither yes nor no', 'Other'];Other
1326;X and Y are childhood neighbours who unexpectedly run into each other at a cafe.;meeting_childhood_neighbour;444;Are your mum and dad still alive ?;Both are sill kicking.;Her mum and dad are still alive and healthy.;['Yes', 'No', 'Yes, subject to some conditions', 'In the middle, neither yes nor no', 'Other'];Yes
1327;X wants to know about Y's music preferences.;music_preferences;1152;Do you like hip hop?;It's the best kind of music.;She is great fan of hip hop.;['Yes', 'No', 'Yes, subject to some conditions', 'In the middle, neither yes nor no', 'Other'];Yes
1328;X and Y are colleagues who are leaving work on a Friday at the same time.;colleagues_leaving_work;731;Do you have a busy weekend planned?;My schedule is packed.;His weekend is already tightly planned.;['Yes', 'No', 'Yes, subject to some conditions', 'In the middle, neither yes nor no', 'Other'];Yes
1329;Y has just travelled from a different city to meet X.;travelling_to_meet_someone;1153;Do you enjoy live music?;Live music is too loud for my ears.;She is not interested in live music because its not affordable for her ears.;['Yes', 'No', 'Yes, subject to some conditions', 'In the middle, neither yes nor no', 'Other'];No
1330;X wants to know about Y's food preferences.;food_preferences;1154;What type of food do you like to eat?;I really like Chinese cuisine.;He like to have chinese cuisine.;['Yes', 'No', 'Yes, subject to some conditions', 'In the middle, neither yes nor no', 'Other'];Other
1331;X wants to know about Y's music preferences.;music_preferences;1155;Do you enjoy going to music festivals?;I go to a few every summer.;She enjoys attending music festivals.;['Yes', 'No', 'Yes, subject to some conditions', 'In the middle, neither yes nor no', 'Other'];Yes
1332;X wants to know about Y's music preferences.;music_preferences;1156;Have you listened to music while cleaning?;I always listening to music while completing chores.;Not only doing cleaning work, he enjoys music all his chores.;['Yes', 'No', 'Yes, subject to some conditions', 'In the middle, neither yes nor no', 'Other'];Yes
1333;X wants to know what activities Y likes to do during weekends.;weekend_activities;1157;Do you prefer to stay indoors during the weekend?;I like to stay in and watch Netflix.;She like to be indoor in weekend.;['Yes', 'No', 'Yes, subject to some conditions', 'In the middle, neither yes nor no', 'Other'];Yes
1334;X and Y are colleagues who are leaving work on a Friday at the same time.;colleagues_leaving_work;1158;Can you cover my shift tomorrow?;I'm busy.;He would like to help her but he is busy tomorrow and he cannot consider her shift.;['Yes', 'No', 'Yes, subject to some conditions', 'In the middle, neither yes nor no', 'Other'];No
1335;Y has just moved into a neighbourhood and meets his/her new neighbour X.;meeting_new_neighbour;1159;Have you been to college/university?;I didn't know there was one.;She never been in college/university and she even don't know about it.;['Yes', 'No', 'Yes, subject to some conditions', 'In the middle, neither yes nor no', 'Other'];No
1336;X wants to know what sorts of books Y likes to read.;book_preferences;1160;Have you read the latest Stephen King book?;I read The Outsider recently.;He read Outsider which is one of the recent book of Atephen King.;['Yes', 'No', 'Yes, subject to some conditions', 'In the middle, neither yes nor no', 'Other'];Yes
1337;X wants to know what activities Y likes to do during weekends.;weekend_activities;1161;Do you like going out?;Quiet nights at home make me happy.;She would like to stay back at home.;['Yes', 'No', 'Yes, subject to some conditions', 'In the middle, neither yes nor no', 'Other'];No
1338;Y has just told X that he/she is thinking of buying a flat in New York.;buying_a_flat;853;Is one bedroom enough?;Since it's only me, a one bedroom flat is fine.;He is alone and one bedroom flat is enough for him.;['Yes', 'No', 'Yes, subject to some conditions', 'In the middle, neither yes nor no', 'Other'];Yes
1339;X and Y are colleagues who are leaving work on a Friday at the same time.;colleagues_leaving_work;1162;Do you have any plans for this weekend?;I want to go snowboarding if I can find the time.;She has enough work to do this weekend and if time permit she love to do snowboarding.;['Yes', 'No', 'Yes, subject to some conditions', 'In the middle, neither yes nor no', 'Other'];Yes, subject to some conditions
1340;X and Y are colleagues who are leaving work on a Friday at the same time.;colleagues_leaving_work;1057;Are you going to watch the game this weekend?;I never miss a game.;He is a great fan of games and he never miss a game.;['Yes', 'No', 'Yes, subject to some conditions', 'In the middle, neither yes nor no', 'Other'];Yes
1341;X wants to know about Y's food preferences.;food_preferences;609;Would you eat snails?;If forced.;She don't like snails but she consumes it in some situation.;['Yes', 'No', 'Yes, subject to some conditions', 'In the middle, neither yes nor no', 'Other'];No
1342;X and Y are colleagues who are leaving work on a Friday at the same time.;colleagues_leaving_work;1163;Did you get your new office?;It's being remodeled.;He manage his work remotely, so he is not bothered of new office.;['Yes', 'No', 'Yes, subject to some conditions', 'In the middle, neither yes nor no', 'Other'];No
1343;X wants to know about Y's music preferences.;music_preferences;1164;Do you enjoy country music?;I'm a two stepper.;She enjoys country music to the extent that they are familiar with the two-step dance associated with country music culture.;['Yes', 'No', 'Yes, subject to some conditions', 'In the middle, neither yes nor no', 'Other'];Yes
1344;X wants to know about Y's food preferences.;food_preferences;1165;Have you eaten pizza recently?;My husband and I split a pizza last week.;He had pizza recently.;['Yes', 'No', 'Yes, subject to some conditions', 'In the middle, neither yes nor no', 'Other'];Yes
1345;Y has just moved into a neighbourhood and meets his/her new neighbour X.;meeting_new_neighbour;1166;Want to have a BBQ this weekend?;I'll make macaroni salad.;She would like to have BBQ and along with that she is ready to prepare macaroni salad.;['Yes', 'No', 'Yes, subject to some conditions', 'In the middle, neither yes nor no', 'Other'];Yes
1346;Y has just told X that he/she is thinking of buying a flat in New York.;buying_a_flat;1044;Is the flat affordable?;I have a lot of money to spend.;The flat is affordable.;['Yes', 'No', 'Yes, subject to some conditions', 'In the middle, neither yes nor no', 'Other'];Yes
1347;X wants to know about Y's music preferences.;music_preferences;1167;Did you play any instrument when you were younger?;I played the flute.;He played flute when he was younger.;['Yes', 'No', 'Yes, subject to some conditions', 'In the middle, neither yes nor no', 'Other'];Yes
1348;X wants to know about Y's music preferences.;music_preferences;1168;Do you prefer music with real instruments played?;As opposed to electronica?;She prefer real instrument than electronic.;['Yes', 'No', 'Yes, subject to some conditions', 'In the middle, neither yes nor no', 'Other'];In the middle, neither yes nor no
1349;X and Y are childhood neighbours who unexpectedly run into each other at a cafe.;meeting_childhood_neighbour;926;Did you become a teacher?;I'm giving piano lessons from my home.;He is a teacher who take piano lessons.;['Yes', 'No', 'Yes, subject to some conditions', 'In the middle, neither yes nor no', 'Other'];Yes
1350;X wants to know about Y's food preferences.;food_preferences;1169;Do you enjoy fine dining?;I love eating out at Michelin star restaurants.;He like dining out but preferably in Michelin star restaurants.;['Yes', 'No', 'Yes, subject to some conditions', 'In the middle, neither yes nor no', 'Other'];Yes
1351;Y has just told X that he/she is considering switching his/her job.;switching_jobs;786;Is your job well paid?;I feel rich.;Her job is well paid and she is happy about it.;['Yes', 'No', 'Yes, subject to some conditions', 'In the middle, neither yes nor no', 'Other'];Yes
1352;X and Y are childhood neighbours who unexpectedly run into each other at a cafe.;meeting_childhood_neighbour;1170;Have you improved your English skills since childhood?;I am a master at English now.;She constantly improved her English skill from childhood and now she is a master.;['Yes', 'No', 'Yes, subject to some conditions', 'In the middle, neither yes nor no', 'Other'];Yes
1353;X and Y are colleagues who are leaving work on a Friday at the same time.;colleagues_leaving_work;500;Want to grab something to eat?;Maybe another time.;At present, he don't want to eat anything.;['Yes', 'No', 'Yes, subject to some conditions', 'In the middle, neither yes nor no', 'Other'];No
1354;X wants to know what activities Y likes to do during weekends.;weekend_activities;549;Have you been to the new bar downtown?;I stick to my same old spot.;He still would like to stick with the same familiar spot, so he not at all interested to visit new bar.;['Yes', 'No', 'Yes, subject to some conditions', 'In the middle, neither yes nor no', 'Other'];No
1355;X and Y are childhood neighbours who unexpectedly run into each other at a cafe.;meeting_childhood_neighbour;1171;Did you grow up to be what you wanted to as a kid?;I never became an astronaut.;Her ambition was to be a astronaut but she hasn't attained that.;['Yes', 'No', 'Yes, subject to some conditions', 'In the middle, neither yes nor no', 'Other'];No
1356;Y has just moved into a neighbourhood and meets his/her new neighbour X.;meeting_new_neighbour;1172;Did you read boos as a child?;I never got my hands on that.;He didn't have the opportunity to read a specific book mentioned.;['Yes', 'No', 'Yes, subject to some conditions', 'In the middle, neither yes nor no', 'Other'];No
1357;Y has just told X that he/she is considering switching his/her job.;switching_jobs;1173;Do you find it too far to commute?;I was travelling around two hours each way.;She is in a long commute.;['Yes', 'No', 'Yes, subject to some conditions', 'In the middle, neither yes nor no', 'Other'];Yes
1358;X wants to know what activities Y likes to do during weekends.;weekend_activities;1174;Are you going to watch the match on Sunday ?;I don't like watching sports.;He is not going to watch the match on Sunday as he has no interest in sports.;['Yes', 'No', 'Yes, subject to some conditions', 'In the middle, neither yes nor no', 'Other'];No
1359;X wants to know what activities Y likes to do during weekends.;weekend_activities;1175;Do you enjoy outdoor activities?;I am a skier.;Being a skier, she enjoys outdoor activities.;['Yes', 'No', 'Yes, subject to some conditions', 'In the middle, neither yes nor no', 'Other'];Yes
1360;X wants to know what activities Y likes to do during weekends.;weekend_activities;1176;Are you into salsa dancing?;I've never tried it.;She is not into Salsa dancing because she did not do it before.;['Yes', 'No', 'Yes, subject to some conditions', 'In the middle, neither yes nor no', 'Other'];No
1361;X wants to know about Y's music preferences.;music_preferences;1177;Do you like to attend concerts?;I go to one a week;He likes to attend concerts one a week.;['Yes', 'No', 'Yes, subject to some conditions', 'In the middle, neither yes nor no', 'Other'];Yes
1362;X and Y are colleagues who are leaving work on a Friday at the same time.;colleagues_leaving_work;1178;Are you relieved it's Friday?;I'm not very relieved that it's Friday.;He is not very relieved that it's Friday.;['Yes', 'No', 'Yes, subject to some conditions', 'In the middle, neither yes nor no', 'Other'];No
1363;Y has just travelled from a different city to meet X.;travelling_to_meet_someone;1179;Are you ready to have fun?;I'm looking forward to the weekend.;She is ready to have fun in the weekend.;['Yes', 'No', 'Yes, subject to some conditions', 'In the middle, neither yes nor no', 'Other'];Yes
1364;Y has just told X that he/she is thinking of buying a flat in New York.;buying_a_flat;1180;Is the flat located near your job?;It's miles away.;The flat is not located near her job.;['Yes', 'No', 'Yes, subject to some conditions', 'In the middle, neither yes nor no', 'Other'];No
1365;X and Y are childhood neighbours who unexpectedly run into each other at a cafe.;meeting_childhood_neighbour;1181;Are you still as fun as you were when we were young?;I enjoy life more now than I did when we were younger.;He is still as fun as he was young because he finds life more enjoyable.;['Yes', 'No', 'Yes, subject to some conditions', 'In the middle, neither yes nor no', 'Other'];Yes
1366;X wants to know about Y's music preferences.;music_preferences;1182;Do you like Hip Hop/R&B music?;I've never understood that style.;She nither like Hip Hop/R&B music nor understand that style.;['Yes', 'No', 'Yes, subject to some conditions', 'In the middle, neither yes nor no', 'Other'];No
1367;Y has just told X that he/she is thinking of buying a flat in New York.;buying_a_flat;1183;Are you going to live in this flat a long time?;I hope to live there several years.;He hopes to live in this flat for a long time.;['Yes', 'No', 'Yes, subject to some conditions', 'In the middle, neither yes nor no', 'Other'];Yes
1368;X and Y are childhood neighbours who unexpectedly run into each other at a cafe.;meeting_childhood_neighbour;1184;Do you live by yourself?;I'm living with my parents.;She resides with her parents.;['Yes', 'No', 'Yes, subject to some conditions', 'In the middle, neither yes nor no', 'Other'];No
1369;Y has just told X that he/she is thinking of buying a flat in New York.;buying_a_flat;1185;Would you consider renting the flat out for extra money ?;I'll do anything for more income.;He considers renting the flat as he needs more income.;['Yes', 'No', 'Yes, subject to some conditions', 'In the middle, neither yes nor no', 'Other'];Yes
1370;Y has just told X that he/she is considering switching his/her job.;switching_jobs;1186;Do you like working nights?;I would rather work days.;Work days are preferable for him so he does not like working nights.;['Yes', 'No', 'Yes, subject to some conditions', 'In the middle, neither yes nor no', 'Other'];No
1371;Y has just travelled from a different city to meet X.;travelling_to_meet_someone;1187;Are you still working at the same place?;I can't find a job anywhere else.;Unable to find a job anywhere else, she is still working at the same place.;['Yes', 'No', 'Yes, subject to some conditions', 'In the middle, neither yes nor no', 'Other'];Yes
1372;X and Y are childhood neighbours who unexpectedly run into each other at a cafe.;meeting_childhood_neighbour;1188;Do you still like Avengers?;I think I am over all the hype.;Crossing over all the hype he does not like Avengers anymore.;['Yes', 'No', 'Yes, subject to some conditions', 'In the middle, neither yes nor no', 'Other'];No
1373;X and Y are colleagues who are leaving work on a Friday at the same time.;colleagues_leaving_work;1189;Do you work next week?;I'm out till next Tuesday.;He won't be working the next week because he is out till next Tuesday.;['Yes', 'No', 'Yes, subject to some conditions', 'In the middle, neither yes nor no', 'Other'];Yes
1374;X wants to know what activities Y likes to do during weekends.;weekend_activities;308;Do you go fishing for the weekends?;I've caught a carp or two in my time.;He has caught only a or two carp throughout the times. Therefore, it appears that he is not going for fishing on the weekends.;['Yes', 'No', 'Yes, subject to some conditions', 'In the middle, neither yes nor no', 'Other'];Yes
1375;Y has just told X that he/she is considering switching his/her job.;switching_jobs;1190;Are you interested in a new industry?;I'll do anything that pays more.;She ea interested in a new industry is it pays more.;['Yes', 'No', 'Yes, subject to some conditions', 'In the middle, neither yes nor no', 'Other'];Yes
1376;Y has just told X that he/she is considering switching his/her job.;switching_jobs;1191;How long have you been at your job?;I started there after college.;She started the job after college. So it seems she is there for a long.;['Yes', 'No', 'Yes, subject to some conditions', 'In the middle, neither yes nor no', 'Other'];Other
1377;X wants to know about Y's music preferences.;music_preferences;1192;Do you like concerts?;When I can sit close to the stage.;He likes concerts if he get seat closer to the stage.;['Yes', 'No', 'Yes, subject to some conditions', 'In the middle, neither yes nor no', 'Other'];Yes, subject to some conditions
1378;X wants to know what activities Y likes to do during weekends.;weekend_activities;1193;Are you adventurous?;Adventure is my middle name.;He does not like adventure as it's his middle name.;['Yes', 'No', 'Yes, subject to some conditions', 'In the middle, neither yes nor no', 'Other'];Yes
1379;X wants to know what activities Y likes to do during weekends.;weekend_activities;1193;Are you adventurous?;Adventure is my middle name.;He does not like adventure as it's his middle name.;['Yes', 'No', 'Yes, subject to some conditions', 'In the middle, neither yes nor no', 'Other'];Yes
1380;X wants to know what activities Y likes to do during weekends.;weekend_activities;1194;Can you play football?;I was a quarterback for the school team.;Being quarterback for the school team he can play football.;['Yes', 'No', 'Yes, subject to some conditions', 'In the middle, neither yes nor no', 'Other'];Yes
1381;Y has just told X that he/she is considering switching his/her job.;switching_jobs;279;Do you make enough money at your job?;I could make more.;She is not getting enough money at her job.;['Yes', 'No', 'Yes, subject to some conditions', 'In the middle, neither yes nor no', 'Other'];No
1382;X wants to know what sorts of books Y likes to read.;book_preferences;1195;I have a great collection of books, want to borrow any of them?;I would love to take The Shining to read if I may.;She would love to borrow The Shining to read from his great collection.;['Yes', 'No', 'Yes, subject to some conditions', 'In the middle, neither yes nor no', 'Other'];Yes
1383;Y has just told X that he/she is considering switching his/her job.;switching_jobs;1196;Are you bored in your current job?;Every day is a challenge.;She is  bored in her current job as the job is challenging.;['Yes', 'No', 'Yes, subject to some conditions', 'In the middle, neither yes nor no', 'Other'];In the middle, neither yes nor no
1384;X wants to know about Y's music preferences.;music_preferences;1197;Are you into pop?;When it has a good melody.;She likes pop if it has a good melody.;['Yes', 'No', 'Yes, subject to some conditions', 'In the middle, neither yes nor no', 'Other'];Yes, subject to some conditions
1385;Y has just told X that he/she is considering switching his/her job.;switching_jobs;1198;Is the location of your job a concern?;I live pretty close so distance doesn't bother me.;He stays nearby so the job location is not her concern.;['Yes', 'No', 'Yes, subject to some conditions', 'In the middle, neither yes nor no', 'Other'];No
1386;X wants to know what activities Y likes to do during weekends.;weekend_activities;173;Do you have a lot of free time on the weekends?;I usually have lots of free time at the weekend.;She usually have lots of free time at the weekend.;['Yes', 'No', 'Yes, subject to some conditions', 'In the middle, neither yes nor no', 'Other'];Yes
1387;Y has just told X that he/she is thinking of buying a flat in New York.;buying_a_flat;76;Can you swim?;I don't like water;She does not like water and cannot swim.;['Yes', 'No', 'Yes, subject to some conditions', 'In the middle, neither yes nor no', 'Other'];No
1388;X and Y are childhood neighbours who unexpectedly run into each other at a cafe.;meeting_childhood_neighbour;30;Want to grab a coffee one of these days?;I am free tomorrow;He wants to have a coffee tomorrow.;['Yes', 'No', 'Yes, subject to some conditions', 'In the middle, neither yes nor no', 'Other'];Yes, subject to some conditions
1389;X and Y are colleagues who are leaving work on a Friday at the same time.;colleagues_leaving_work;1199;Did you finish putting everything away?;I left a few things for Monday.;He did not finish putting everything away and left a few things for Monday.;['Yes', 'No', 'Yes, subject to some conditions', 'In the middle, neither yes nor no', 'Other'];No
1390;X wants to know about Y's food preferences.;food_preferences;1200;Are you okay with spice?;I like most spices, except curry.;She is okay with spices, except curry.;['Yes', 'No', 'Yes, subject to some conditions', 'In the middle, neither yes nor no', 'Other'];Yes, subject to some conditions
1391;Y has just told X that he/she is thinking of buying a flat in New York.;buying_a_flat;1201;Have you considered renting?;We will have to rent.;They will consider renting.;['Yes', 'No', 'Yes, subject to some conditions', 'In the middle, neither yes nor no', 'Other'];Yes
1392;Y has just told X that he/she is considering switching his/her job.;switching_jobs;1202;Should the new company be located near home?;I would like a shorter commute.;He'd prefer to commute shorter. So the new company should be located nearer to the home.;['Yes', 'No', 'Yes, subject to some conditions', 'In the middle, neither yes nor no', 'Other'];Yes
1393;X wants to know what sorts of books Y likes to read.;book_preferences;225;Have you read anything from the NYT bestseller list?;I try to get to at least one thing from it every year.;He reads at least one thing from the NYT bestseller list every year.;['Yes', 'No', 'Yes, subject to some conditions', 'In the middle, neither yes nor no', 'Other'];Yes
1394;X wants to know what activities Y likes to do during weekends.;weekend_activities;1203;Enjoy exercising?;When it's something fun, like bouldering.;She likes fun exercises such a bouldering.;['Yes', 'No', 'Yes, subject to some conditions', 'In the middle, neither yes nor no', 'Other'];Yes, subject to some conditions
1395;Y has just moved into a neighbourhood and meets his/her new neighbour X.;meeting_new_neighbour;1204;Do you work full-time?;I have a couple of part-time gigs.;He does not work full-time as he is engaged with a couple of part-time gigs.;['Yes', 'No', 'Yes, subject to some conditions', 'In the middle, neither yes nor no', 'Other'];No
1396;X wants to know what sorts of books Y likes to read.;book_preferences;1205;Do you like sci fi?;I'm a huge sci-fi fan.;She likes sci fi.;['Yes', 'No', 'Yes, subject to some conditions', 'In the middle, neither yes nor no', 'Other'];Yes
1397;X wants to know what sorts of books Y likes to read.;book_preferences;1206;Do you like self-help books?;I usually read fiction.;He does not like self-help books because he usually reads fiction.;['Yes', 'No', 'Yes, subject to some conditions', 'In the middle, neither yes nor no', 'Other'];No
1398;X wants to know about Y's music preferences.;music_preferences;1207;Do you like classic music?;Chopin is my most played composer.;She likes classic music and Chopin is her most played composer.;['Yes', 'No', 'Yes, subject to some conditions', 'In the middle, neither yes nor no', 'Other'];Yes
1399;X and Y are colleagues who are leaving work on a Friday at the same time.;colleagues_leaving_work;1208;Any fun plans this weekend?;Nothing this weekend;He does not have any fun plans for this weekend.;['Yes', 'No', 'Yes, subject to some conditions', 'In the middle, neither yes nor no', 'Other'];No
1400;Y has just moved into a neighbourhood and meets his/her new neighbour X.;meeting_new_neighbour;1209;Is the neighbourhood good?;It seems nice enough.;Her neighbour seems good.;['Yes', 'No', 'Yes, subject to some conditions', 'In the middle, neither yes nor no', 'Other'];Yes
1401;X and Y are colleagues who are leaving work on a Friday at the same time.;colleagues_leaving_work;1210;Do you feel like having some dinner?;I already ate.;She does not feel like having some dinner because she already ate.;['Yes', 'No', 'Yes, subject to some conditions', 'In the middle, neither yes nor no', 'Other'];No
1402;Y has just travelled from a different city to meet X.;travelling_to_meet_someone;1211;Did you miss me?;I wish you lived closer.;He misses her and wishes she lived closer.;['Yes', 'No', 'Yes, subject to some conditions', 'In the middle, neither yes nor no', 'Other'];Yes
1403;Y has just told X that he/she is thinking of buying a flat in New York.;buying_a_flat;1212;Do you realize how much money that's going to be?;I feel like splurging.;She splurge how much money that's going to be.;['Yes', 'No', 'Yes, subject to some conditions', 'In the middle, neither yes nor no', 'Other'];Yes
1404;X and Y are colleagues who are leaving work on a Friday at the same time.;colleagues_leaving_work;1213;Have you tried the new restaurant by work?;They have good drinks.;She tried the new restaurant by having some good drinks.;['Yes', 'No', 'Yes, subject to some conditions', 'In the middle, neither yes nor no', 'Other'];Yes
1405;X wants to know about Y's music preferences.;music_preferences;1214;Did you go to the last music festival?;I was too busy.;He did not go to the last music festival as he was very busy;['Yes', 'No', 'Yes, subject to some conditions', 'In the middle, neither yes nor no', 'Other'];No
1406;X wants to know about Y's music preferences.;music_preferences;1215;Do you like reggaeton?;Is reggaton a type of music?;She does not like Reggaeton.;['Yes', 'No', 'Yes, subject to some conditions', 'In the middle, neither yes nor no', 'Other'];No
1407;Y has just moved into a neighbourhood and meets his/her new neighbour X.;meeting_new_neighbour;1216;Do you feel like having a warm meal?;That would be nice;He wants to have warm meal.;['Yes', 'No', 'Yes, subject to some conditions', 'In the middle, neither yes nor no', 'Other'];Yes
1408;X and Y are childhood neighbours who unexpectedly run into each other at a cafe.;meeting_childhood_neighbour;334;Can I have your number so we can reconnect later?;I will text you.;So that they can meet up later, she can get his number.;['Yes', 'No', 'Yes, subject to some conditions', 'In the middle, neither yes nor no', 'Other'];Yes
1409;X and Y are childhood neighbours who unexpectedly run into each other at a cafe.;meeting_childhood_neighbour;44;Are you still living in the same house?;It burned down soon after I went to college.;Soon after he went to college, the house burned down, so he is not still living in the same house.;['Yes', 'No', 'Yes, subject to some conditions', 'In the middle, neither yes nor no', 'Other'];No
1410;Y has just told X that he/she is thinking of buying a flat in New York.;buying_a_flat;1217;Is it in a good location?;It overlooks Central Park.;The flat is in a good location and assued a central Park.;['Yes', 'No', 'Yes, subject to some conditions', 'In the middle, neither yes nor no', 'Other'];Yes
1411;X and Y are childhood neighbours who unexpectedly run into each other at a cafe.;meeting_childhood_neighbour;1218;Do you like cookies?;You know it.;She knows that he likes cookies.;['Yes', 'No', 'Yes, subject to some conditions', 'In the middle, neither yes nor no', 'Other'];Yes
1412;X wants to know what activities Y likes to do during weekends.;weekend_activities;275;Are you into gaming at all?;I did play a lot of Tomb Raider.;He is not into gaming at all but he used to play a lot of Tomb Raider;['Yes', 'No', 'Yes, subject to some conditions', 'In the middle, neither yes nor no', 'Other'];Yes
1413;Y has just travelled from a different city to meet X.;travelling_to_meet_someone;1219;Do you like music concerts?;I like seeing local bands perform.;She likes music concerts which are performed by local bands.;['Yes', 'No', 'Yes, subject to some conditions', 'In the middle, neither yes nor no', 'Other'];Yes
1414;X wants to know what activities Y likes to do during weekends.;weekend_activities;1220;Would you like to get some fresh air in your free time?;I try to get outside whenever I can.;He likes to get some fresh air outside in his free time.;['Yes', 'No', 'Yes, subject to some conditions', 'In the middle, neither yes nor no', 'Other'];Yes
1415;X and Y are colleagues who are leaving work on a Friday at the same time.;colleagues_leaving_work;1221;Want to grab a bite to eat?;I ate just an hour ago.;She ate just an hour ago. Therefore, she does not want to grab a bite to eat.;['Yes', 'No', 'Yes, subject to some conditions', 'In the middle, neither yes nor no', 'Other'];No
1416;X and Y are childhood neighbours who unexpectedly run into each other at a cafe.;meeting_childhood_neighbour;1222;Have you got any kids?;I'm avoiding children for as long as possible.;She has not get any kid as she is avoiding children for as long as possible;['Yes', 'No', 'Yes, subject to some conditions', 'In the middle, neither yes nor no', 'Other'];No
1417;X wants to know about Y's music preferences.;music_preferences;1223;Do you like jazz?;It's a fascinating genre with a rich history.;He likes jazz because it's a fascinating genre with a rich history;['Yes', 'No', 'Yes, subject to some conditions', 'In the middle, neither yes nor no', 'Other'];Yes
1418;X and Y are childhood neighbours who unexpectedly run into each other at a cafe.;meeting_childhood_neighbour;22;Have you continued doing sports?;I play badminton now.;She has continued doing sports by playing badminton thesedays.;['Yes', 'No', 'Yes, subject to some conditions', 'In the middle, neither yes nor no', 'Other'];Yes
1419;Y has just moved into a neighbourhood and meets his/her new neighbour X.;meeting_new_neighbour;1224;Do you have a cat;I'm allergic.;She does not have a cat as she is allergic of it.;['Yes', 'No', 'Yes, subject to some conditions', 'In the middle, neither yes nor no', 'Other'];No
1420;Y has just travelled from a different city to meet X.;travelling_to_meet_someone;1225;Want to go downtown?;Only if it's not too far to walk.;She wants to go downtown if it's not too far to walk..;['Yes', 'No', 'Yes, subject to some conditions', 'In the middle, neither yes nor no', 'Other'];Yes, subject to some conditions
1421;X wants to know about Y's food preferences.;food_preferences;1226;Would you say you like Tapas?;Finger food is more fun.;Finger food is more funto her so she likes Tapas.;['Yes', 'No', 'Yes, subject to some conditions', 'In the middle, neither yes nor no', 'Other'];In the middle, neither yes nor no
1422;X and Y are childhood neighbours who unexpectedly run into each other at a cafe.;meeting_childhood_neighbour;1227;Do you remember where we used to hang out?;My memory isn't great these days.;He does not remember where they used to hang out because of his weak memory.;['Yes', 'No', 'Yes, subject to some conditions', 'In the middle, neither yes nor no', 'Other'];No
1423;X wants to know what activities Y likes to do during weekends.;weekend_activities;1228;Do you like being active?;I do a spin class before work.;He does a spin class before work. So it seems he likes being active.;['Yes', 'No', 'Yes, subject to some conditions', 'In the middle, neither yes nor no', 'Other'];Yes
1424;Y has just moved into a neighbourhood and meets his/her new neighbour X.;meeting_new_neighbour;1229;Did you like the last place you lived?;I loved living in the big city.;She loved living in the last place and it was the big city.;['Yes', 'No', 'Yes, subject to some conditions', 'In the middle, neither yes nor no', 'Other'];Yes
1425;X wants to know about Y's music preferences.;music_preferences;1230;Do you go to outdoor concerts?;Sigor Ros was mind blowing.;Sigor Ros was mind blowing. So it appears that he goes to outdoor concerts.;['Yes', 'No', 'Yes, subject to some conditions', 'In the middle, neither yes nor no', 'Other'];Yes
1426;X wants to know what sorts of books Y likes to read.;book_preferences;1231;I have this great autobiography, if that is the sort of thing you would be interested in?;I love recommendations.;She is interested in the autobiography.;['Yes', 'No', 'Yes, subject to some conditions', 'In the middle, neither yes nor no', 'Other'];Yes
1427;Y has just travelled from a different city to meet X.;travelling_to_meet_someone;1232;Did you have a pleasant journey?;it was pretty nice;He had a pleasant journey.;['Yes', 'No', 'Yes, subject to some conditions', 'In the middle, neither yes nor no', 'Other'];Yes
1428;Y has just moved into a neighbourhood and meets his/her new neighbour X.;meeting_new_neighbour;1233;Are you extroverted?;I'm actually more of an introvert.;She is not extroverted.;['Yes', 'No', 'Yes, subject to some conditions', 'In the middle, neither yes nor no', 'Other'];No
1429;X and Y are colleagues who are leaving work on a Friday at the same time.;colleagues_leaving_work;1234;Are you gong to the work get-together Saturday?;I wasn't invited.;She is not going to the work get together Saturday because she was not invited.;['Yes', 'No', 'Yes, subject to some conditions', 'In the middle, neither yes nor no', 'Other'];No
1430;X and Y are colleagues who are leaving work on a Friday at the same time.;colleagues_leaving_work;1234;Are you gong to the work get-together Saturday?;I wasn't invited.;She is not going to the work get together Saturday because she was not invited.;['Yes', 'No', 'Yes, subject to some conditions', 'In the middle, neither yes nor no', 'Other'];No
1431;X and Y are childhood neighbours who unexpectedly run into each other at a cafe.;meeting_childhood_neighbour;1235;Would you like to exchange memories from the past?;Do you remember the time we made that tree fort?;He likes to exchanges memories from the tree fort that they used to make.;['Yes', 'No', 'Yes, subject to some conditions', 'In the middle, neither yes nor no', 'Other'];Yes
1432;X and Y are colleagues who are leaving work on a Friday at the same time.;colleagues_leaving_work;1236;Do you want to have dinner tonight?;I have other plans later.;She does not want to have dinner tonight because of having some other plans later.;['Yes', 'No', 'Yes, subject to some conditions', 'In the middle, neither yes nor no', 'Other'];No
1433;X and Y are childhood neighbours who unexpectedly run into each other at a cafe.;meeting_childhood_neighbour;1237;Do you still live at the same neighborhood?;I live in a house down the street from where we used to live.;She doesn't still live at the same neighbourhood because she changed her residence to down the street from where they used to live.;['Yes', 'No', 'Yes, subject to some conditions', 'In the middle, neither yes nor no', 'Other'];Yes
1434;X wants to know what sorts of books Y likes to read.;book_preferences;1238;Do you like history books?;I prefer to read fiction.;Because of the preference of reading fiction, he does not like history books.;['Yes', 'No', 'Yes, subject to some conditions', 'In the middle, neither yes nor no', 'Other'];No
1435;Y has just told X that he/she is thinking of buying a flat in New York.;buying_a_flat;1239;Are you a frequent visitor to New York?;I come as often as I can manage.;She is a frequent visitor to New York as she comes as often as sheI can manage.;['Yes', 'No', 'Yes, subject to some conditions', 'In the middle, neither yes nor no', 'Other'];Yes
1436;X wants to know what activities Y likes to do during weekends.;weekend_activities;1240;Do you enjoy arts & crafts?;I like making things with my hands.;He likes making things with his hands. So it is assumed that he enjoys arts and crafts.;['Yes', 'No', 'Yes, subject to some conditions', 'In the middle, neither yes nor no', 'Other'];Yes
1437;Y has just moved into a neighbourhood and meets his/her new neighbour X.;meeting_new_neighbour;1241;where did you move from?;I moved from Canada.;He moved from Canada.;['Yes', 'No', 'Yes, subject to some conditions', 'In the middle, neither yes nor no', 'Other'];Other
1438;X wants to know what sorts of books Y likes to read.;book_preferences;1242;Do you like salmon?;I gave up eating fish last year.;She does not like salmon as she left eating fish.;['Yes', 'No', 'Yes, subject to some conditions', 'In the middle, neither yes nor no', 'Other'];No
1439;X and Y are childhood neighbours who unexpectedly run into each other at a cafe.;meeting_childhood_neighbour;1243;Would like to reconnect over dinner tomorrow?;I already have plans.;He does not like to reconnect over dinner tomorrow because of his preplans.;['Yes', 'No', 'Yes, subject to some conditions', 'In the middle, neither yes nor no', 'Other'];No
1440;Y has just told X that he/she is thinking of buying a flat in New York.;buying_a_flat;1244;Is it important to you to be close to the train?;It's not important.;Train is not important to him to be close.;['Yes', 'No', 'Yes, subject to some conditions', 'In the middle, neither yes nor no', 'Other'];No
1441;X and Y are childhood neighbours who unexpectedly run into each other at a cafe.;meeting_childhood_neighbour;1237;Do you still live at the same neighborhood?;I live closeby, but in a different neighborhood.;She is not still living at the same neighbourhood but closeby.;['Yes', 'No', 'Yes, subject to some conditions', 'In the middle, neither yes nor no', 'Other'];No
1442;Y has just told X that he/she is considering switching his/her job.;switching_jobs;1245;Is your job close to home?;It is around the corner;His job is not close to home. It's around the corner.;['Yes', 'No', 'Yes, subject to some conditions', 'In the middle, neither yes nor no', 'Other'];Yes
1443;Y has just told X that he/she is thinking of buying a flat in New York.;buying_a_flat;1246;Have you considered other states?;I prefer to reside in the Big Apple.;He prefers to reside in the big apple. So it's appeared that he considers other states.;['Yes', 'No', 'Yes, subject to some conditions', 'In the middle, neither yes nor no', 'Other'];No
1444;Y has just travelled from a different city to meet X.;travelling_to_meet_someone;1247;Did you have a nice trip?;It was great;It was great. So the trip would seem to be nice.;['Yes', 'No', 'Yes, subject to some conditions', 'In the middle, neither yes nor no', 'Other'];Yes
1445;X and Y are childhood neighbours who unexpectedly run into each other at a cafe.;meeting_childhood_neighbour;1248;How are your parents?;They are deceased.;His parents are no more alive.;['Yes', 'No', 'Yes, subject to some conditions', 'In the middle, neither yes nor no', 'Other'];Other
1446;X wants to know what activities Y likes to do during weekends.;weekend_activities;1249;Are you interested in sporting events?;I like some of them;She is interested in some of the sporting events.;['Yes', 'No', 'Yes, subject to some conditions', 'In the middle, neither yes nor no', 'Other'];Yes, subject to some conditions
1447;Y has just told X that he/she is considering switching his/her job.;switching_jobs;1250;Are you excited to start a new job?;I can't wait;She is excited to start a new job and she can't wait for it.;['Yes', 'No', 'Yes, subject to some conditions', 'In the middle, neither yes nor no', 'Other'];Yes
1448;Y has just told X that he/she is considering switching his/her job.;switching_jobs;1250;Are you excited to start a new job?;I can't wait;She is excited to start a new job and she can't wait for it.;['Yes', 'No', 'Yes, subject to some conditions', 'In the middle, neither yes nor no', 'Other'];Yes
1449;Y has just told X that he/she is considering switching his/her job.;switching_jobs;1251;Do you have a specific job in mind?;I'm exploring lots of options.;She has no specific job in her mind as she is exploring lots of options;['Yes', 'No', 'Yes, subject to some conditions', 'In the middle, neither yes nor no', 'Other'];No
1450;X and Y are colleagues who are leaving work on a Friday at the same time.;colleagues_leaving_work;1252;You driving tonight?;I'm taking a bus.;He is not driving to night and so he is taking a bus.;['Yes', 'No', 'Yes, subject to some conditions', 'In the middle, neither yes nor no', 'Other'];No
1451;Y has just told X that he/she is thinking of buying a flat in New York.;buying_a_flat;1253;Would you like a large building?;I wouldn't mind;She likes large building.;['Yes', 'No', 'Yes, subject to some conditions', 'In the middle, neither yes nor no', 'Other'];Yes
1452;X and Y are childhood neighbours who unexpectedly run into each other at a cafe.;meeting_childhood_neighbour;1254;Do you have any kids now?;They're both in the car.;She has kids now who are in the car.;['Yes', 'No', 'Yes, subject to some conditions', 'In the middle, neither yes nor no', 'Other'];Yes
1453;X and Y are childhood neighbours who unexpectedly run into each other at a cafe.;meeting_childhood_neighbour;1255;Are you okay?;I am getting there;He is not okay.;['Yes', 'No', 'Yes, subject to some conditions', 'In the middle, neither yes nor no', 'Other'];In the middle, neither yes nor no
1454;X wants to know about Y's food preferences.;food_preferences;1256;Do you like to eat out?;I love to eat out;She likes to eat out.;['Yes', 'No', 'Yes, subject to some conditions', 'In the middle, neither yes nor no', 'Other'];Yes
1455;Y has just moved into a neighbourhood and meets his/her new neighbour X.;meeting_new_neighbour;1257;How many parties do you normally hold a month?;I'm a recluse.;She hardly hold a party in a month as she is a recluse.;['Yes', 'No', 'Yes, subject to some conditions', 'In the middle, neither yes nor no', 'Other'];Other
1456;X wants to know what activities Y likes to do during weekends.;weekend_activities;1258;Have you been to the local park?;It's relaxing to walk there.;He has been to the local park for walking relaxing there during weekend.;['Yes', 'No', 'Yes, subject to some conditions', 'In the middle, neither yes nor no', 'Other'];Yes
1457;Y has just told X that he/she is considering switching his/her job.;switching_jobs;1259;Would you consider taking a pay cut if it meant you'd enjoy your job more?;I'd really have to love the job.;Yes, subject to some conditions;['Yes', 'No', 'Yes, subject to some conditions', 'In the middle, neither yes nor no', 'Other'];Yes, subject to some conditions
1458;X wants to know about Y's music preferences.;music_preferences;1260;Does hearing indie artists who might be performing in the area sound cool?;If it's pop or rock music.;Hearing indie artists who might be performing in the area are cool if they perform pop or rock music.;['Yes', 'No', 'Yes, subject to some conditions', 'In the middle, neither yes nor no', 'Other'];Yes, subject to some conditions
1459;X wants to know what sorts of books Y likes to read.;book_preferences;1261;Do you like to read paper magazines?;I never seem to get around to my growing unread pile.;He never like to read paper magazines.;['Yes', 'No', 'Yes, subject to some conditions', 'In the middle, neither yes nor no', 'Other'];No
1460;X and Y are childhood neighbours who unexpectedly run into each other at a cafe.;meeting_childhood_neighbour;1262;Does your work keep you interested?;It is different everyday;My what does not keep me interested that it is different everyday.;['Yes', 'No', 'Yes, subject to some conditions', 'In the middle, neither yes nor no', 'Other'];Yes
1461;X wants to know about Y's music preferences.;music_preferences;322;Do you regularly attend concerts?;If I get the chance.;I regularly attend concerts if I get chance.;['Yes', 'No', 'Yes, subject to some conditions', 'In the middle, neither yes nor no', 'Other'];Yes
1462;X wants to know about Y's food preferences.;food_preferences;1263;Is your budget under $10?;$10 doesn't get you much.;My budget is under $10.;['Yes', 'No', 'Yes, subject to some conditions', 'In the middle, neither yes nor no', 'Other'];No
1463;X wants to know about Y's music preferences.;music_preferences;1264;Do you have a favorite musician?;I overplay Tash Sultana's music.;Tash Sultana's music is my favourite music.;['Yes', 'No', 'Yes, subject to some conditions', 'In the middle, neither yes nor no', 'Other'];Yes
1464;X and Y are colleagues who are leaving work on a Friday at the same time.;colleagues_leaving_work;1265;Do you have plans tonight?;I'll be going out on a date.;Tonight she has a plan to go out on a date.;['Yes', 'No', 'Yes, subject to some conditions', 'In the middle, neither yes nor no', 'Other'];Yes
1465;Y has just told X that he/she is thinking of buying a flat in New York.;buying_a_flat;1266;Does it have a good view?;The trees stretching out into the horizon are awe-inspiring.;It have a good view that the trees streching out into the horizon.;['Yes', 'No', 'Yes, subject to some conditions', 'In the middle, neither yes nor no', 'Other'];Yes
1466;Y has just told X that he/she is considering switching his/her job.;switching_jobs;1267;Are you thinking of going into the same field?;That's the plan.;I have the plan of going into the same field.;['Yes', 'No', 'Yes, subject to some conditions', 'In the middle, neither yes nor no', 'Other'];Yes
1467;Y has just travelled from a different city to meet X.;travelling_to_meet_someone;1268;Did you came alone?;My kids are in the car.;I came with my kids, who are in the car.;['Yes', 'No', 'Yes, subject to some conditions', 'In the middle, neither yes nor no', 'Other'];No
1468;Y has just told X that he/she is thinking of buying a flat in New York.;buying_a_flat;1269;Do you already have a mortgage arranged?;I paid cash.;I don't have any mortgage.;['Yes', 'No', 'Yes, subject to some conditions', 'In the middle, neither yes nor no', 'Other'];No
1469;Y has just told X that he/she is considering switching his/her job.;switching_jobs;1270;Do you program code?;I never learned how.;She does not know how to program code.;['Yes', 'No', 'Yes, subject to some conditions', 'In the middle, neither yes nor no', 'Other'];No
1470;X wants to know about Y's music preferences.;music_preferences;1271;Who is your favorite singer/songwriter?;Anne Murray is the best that ever was.;Anne Murray is his favourite singer.;['Yes', 'No', 'Yes, subject to some conditions', 'In the middle, neither yes nor no', 'Other'];Other
1471;X wants to know about Y's music preferences.;music_preferences;1272;Do you like oldies?;Every once in a while.;He like oldies once in a while.;['Yes', 'No', 'Yes, subject to some conditions', 'In the middle, neither yes nor no', 'Other'];Yes
1472;X wants to know about Y's music preferences.;music_preferences;24;Want to go see a musical?;Here's money for the tickets.;She wants to go see a musical.;['Yes', 'No', 'Yes, subject to some conditions', 'In the middle, neither yes nor no', 'Other'];Yes
1473;X and Y are colleagues who are leaving work on a Friday at the same time.;colleagues_leaving_work;350;Is it time to relax?;It's time to party!;It's time to party rather than relax.;['Yes', 'No', 'Yes, subject to some conditions', 'In the middle, neither yes nor no', 'Other'];No
1474;Y has just moved into a neighbourhood and meets his/her new neighbour X.;meeting_new_neighbour;1273;Are you new to the neighborhood?;I just came here yesterday.;I am new to the neighbourhood.;['Yes', 'No', 'Yes, subject to some conditions', 'In the middle, neither yes nor no', 'Other'];Yes
1475;X wants to know about Y's food preferences.;food_preferences;1274;Are you a fan of Applebees' new dessert?;Mmm, it's amazing!;She is fan of Applebee's new dessert .;['Yes', 'No', 'Yes, subject to some conditions', 'In the middle, neither yes nor no', 'Other'];Yes
1476;Y has just told X that he/she is considering switching his/her job.;switching_jobs;1275;Will you be deciding about switching jobs soon?;I have to decided tomorrow.;She will decide tomorrow about switching job.;['Yes', 'No', 'Yes, subject to some conditions', 'In the middle, neither yes nor no', 'Other'];Yes
1477;X and Y are colleagues who are leaving work on a Friday at the same time.;colleagues_leaving_work;1276;Were you able to finish that project before end of day?;Almost, but I got caught up with something else.;I was able to finish that project before end of day, but I got pot up with something else.;['Yes', 'No', 'Yes, subject to some conditions', 'In the middle, neither yes nor no', 'Other'];No
1478;X and Y are colleagues who are leaving work on a Friday at the same time.;colleagues_leaving_work;1277;Did you get everything finished?;I've still got a lot to do.;She did not get everything finished.;['Yes', 'No', 'Yes, subject to some conditions', 'In the middle, neither yes nor no', 'Other'];No
1479;X and Y are childhood neighbours who unexpectedly run into each other at a cafe.;meeting_childhood_neighbour;1278;You don't happen to still drink beer do you?;I quit drinking years ago.;I don't drink beer as I quit it years ago.;['Yes', 'No', 'Yes, subject to some conditions', 'In the middle, neither yes nor no', 'Other'];No
1480;X and Y are childhood neighbours who unexpectedly run into each other at a cafe.;meeting_childhood_neighbour;1279;Did you found your lost puppy?;She is still gone.;She did not find her puppy yet.;['Yes', 'No', 'Yes, subject to some conditions', 'In the middle, neither yes nor no', 'Other'];No
1481;X wants to know about Y's food preferences.;food_preferences;1280;Do you like food trucks?;I find them exciting.;He likes food trucks.;['Yes', 'No', 'Yes, subject to some conditions', 'In the middle, neither yes nor no', 'Other'];Yes
1482;Y has just told X that he/she is thinking of buying a flat in New York.;buying_a_flat;1281;Is New York a nice place?;New York is a great place to live.;New York is a nice place to live.;['Yes', 'No', 'Yes, subject to some conditions', 'In the middle, neither yes nor no', 'Other'];Yes
1483;X and Y are colleagues who are leaving work on a Friday at the same time.;colleagues_leaving_work;1282;Chilly tonight isn't it?;I'm excited to get bundled up in front of the television tonight.;Tonight is going to be chilly, so I am excited to get bundled up in front of the television tonight.;['Yes', 'No', 'Yes, subject to some conditions', 'In the middle, neither yes nor no', 'Other'];Yes
1484;X and Y are colleagues who are leaving work on a Friday at the same time.;colleagues_leaving_work;1283;Did you have a good week at work?;It was pretty good;He has a good week at work.;['Yes', 'No', 'Yes, subject to some conditions', 'In the middle, neither yes nor no', 'Other'];Yes
1485;Y has just told X that he/she is thinking of buying a flat in New York.;buying_a_flat;1284;Are you looking at an expensive apartment?;I wish I could afford something really nice.;I am not looking at and expensive apartment.;['Yes', 'No', 'Yes, subject to some conditions', 'In the middle, neither yes nor no', 'Other'];No
1486;Y has just travelled from a different city to meet X.;travelling_to_meet_someone;1285;Is your job still exciting and rewarding for you ?;I just got promoted.;My job is still exciting and recently I got promoted.;['Yes', 'No', 'Yes, subject to some conditions', 'In the middle, neither yes nor no', 'Other'];Yes
1487;X wants to know what sorts of books Y likes to read.;book_preferences;1286;Do you like to read self-help books?;I am a work in progress.;She likes to read self-help books.;['Yes', 'No', 'Yes, subject to some conditions', 'In the middle, neither yes nor no', 'Other'];Yes
1488;Y has just told X that he/she is considering switching his/her job.;switching_jobs;1196;Are you bored in your current job?;I would like a job with more opportunities;He is bored with his current job, as it does not have enough opportunities.;['Yes', 'No', 'Yes, subject to some conditions', 'In the middle, neither yes nor no', 'Other'];Yes
1489;X wants to know what sorts of books Y likes to read.;book_preferences;1287;Are mysteries something you are interested in?;If they are not too far fetched;He is interested in mysteries if it not too far fetched.;['Yes', 'No', 'Yes, subject to some conditions', 'In the middle, neither yes nor no', 'Other'];Yes, subject to some conditions
1490;Y has just moved into a neighbourhood and meets his/her new neighbour X.;meeting_new_neighbour;1288;Were you born in this area?;I was born and raised about 20 miles south of here.;She is not born in this area.;['Yes', 'No', 'Yes, subject to some conditions', 'In the middle, neither yes nor no', 'Other'];Yes
1491;X wants to know what activities Y likes to do during weekends.;weekend_activities;1289;Is horseback riding something you enjoy during your leisure time?;I am quite scared of animals.;She does not like horseback riding during weekends as she is scared of animals.;['Yes', 'No', 'Yes, subject to some conditions', 'In the middle, neither yes nor no', 'Other'];No
1492;Y has just told X that he/she is considering switching his/her job.;switching_jobs;1290;Are you going to take any new courses to better your chances?;I'm taking a code writing class right now.;I am taking a code writing class right now to better my chances.;['Yes', 'No', 'Yes, subject to some conditions', 'In the middle, neither yes nor no', 'Other'];Yes
1493;X wants to know about Y's food preferences.;food_preferences;1291;Are you in the mood for burgers?;I'd rather have ramen.;I would like to have roman instead of burgers.;['Yes', 'No', 'Yes, subject to some conditions', 'In the middle, neither yes nor no', 'Other'];No
1494;X and Y are childhood neighbours who unexpectedly run into each other at a cafe.;meeting_childhood_neighbour;1292;Are you staying at your old house?;Is it still there?;I'm not staying in my old house.;['Yes', 'No', 'Yes, subject to some conditions', 'In the middle, neither yes nor no', 'Other'];No
1495;X wants to know what sorts of books Y likes to read.;book_preferences;1293;Are you reading anything right now?;I am reading a crime thriller;He is reading a crime thriller right now.;['Yes', 'No', 'Yes, subject to some conditions', 'In the middle, neither yes nor no', 'Other'];Yes
1496;Y has just moved into a neighbourhood and meets his/her new neighbour X.;meeting_new_neighbour;1209;Is the neighbourhood good?;I was hoping you'd tell me!;He does not know about his neighbourhood and hooping to know about it from her.;['Yes', 'No', 'Yes, subject to some conditions', 'In the middle, neither yes nor no', 'Other'];In the middle, neither yes nor no
1497;X and Y are colleagues who are leaving work on a Friday at the same time.;colleagues_leaving_work;1294;Do guys plan on going out?;We're really homebodies at heart.;We are planning on going out.;['Yes', 'No', 'Yes, subject to some conditions', 'In the middle, neither yes nor no', 'Other'];No
1498;Y has just travelled from a different city to meet X.;travelling_to_meet_someone;161;Are you ready for some food?;I'm starving.;She is ready for some food as she is starving.;['Yes', 'No', 'Yes, subject to some conditions', 'In the middle, neither yes nor no', 'Other'];Yes
1499;Y has just travelled from a different city to meet X.;travelling_to_meet_someone;161;Are you ready for some food?;I'm starving.;She is ready for some food as she is starving.;['Yes', 'No', 'Yes, subject to some conditions', 'In the middle, neither yes nor no', 'Other'];Yes
1500;X and Y are colleagues who are leaving work on a Friday at the same time.;colleagues_leaving_work;1295;Will you be at work tomorrow?;I've got a lot to get done.;He will be at work tomorrow two finish his given tasks;['Yes', 'No', 'Yes, subject to some conditions', 'In the middle, neither yes nor no', 'Other'];Yes
1501;X and Y are childhood neighbours who unexpectedly run into each other at a cafe.;meeting_childhood_neighbour;1296;You want to grab some coffee?;Let's go!;He wants to have some coffee.;['Yes', 'No', 'Yes, subject to some conditions', 'In the middle, neither yes nor no', 'Other'];Yes
1502;X and Y are colleagues who are leaving work on a Friday at the same time.;colleagues_leaving_work;1297;Did you have a productive day?;I got everything done.;The they was very productive as I could finish everything done.;['Yes', 'No', 'Yes, subject to some conditions', 'In the middle, neither yes nor no', 'Other'];Yes
1503;Y has just travelled from a different city to meet X.;travelling_to_meet_someone;1298;Is your family okay?;My parents are getting a divorce.;Her family is not okay due to the divorce between her parents.;['Yes', 'No', 'Yes, subject to some conditions', 'In the middle, neither yes nor no', 'Other'];No
1504;Y has just moved into a neighbourhood and meets his/her new neighbour X.;meeting_new_neighbour;1299;Do you like cars?;I love my BMW.;I like only my BMW car.;['Yes', 'No', 'Yes, subject to some conditions', 'In the middle, neither yes nor no', 'Other'];Yes
1505;X wants to know what activities Y likes to do during weekends.;weekend_activities;1300;Do you like hiking?;If the scenery is good;He live hiking depending on the scenery.;['Yes', 'No', 'Yes, subject to some conditions', 'In the middle, neither yes nor no', 'Other'];Yes, subject to some conditions
1506;Y has just told X that he/she is thinking of buying a flat in New York.;buying_a_flat;1301;Are you considering roommates?;I prefer living alone;He prefers living alone, instead of considering roommates.;['Yes', 'No', 'Yes, subject to some conditions', 'In the middle, neither yes nor no', 'Other'];No
1507;X wants to know what activities Y likes to do during weekends.;weekend_activities;1302;Do you like sports?;When there's no contact.;He likes sports.;['Yes', 'No', 'Yes, subject to some conditions', 'In the middle, neither yes nor no', 'Other'];Yes, subject to some conditions
1508;Y has just told X that he/she is thinking of buying a flat in New York.;buying_a_flat;84;Are you willing to live by yourself?;I'd prefer that!;I prefer to live by myself.;['Yes', 'No', 'Yes, subject to some conditions', 'In the middle, neither yes nor no', 'Other'];Yes
1509;X wants to know what activities Y likes to do during weekends.;weekend_activities;140;Do you have kids?;My twins are at home.;She has kids who are twins.;['Yes', 'No', 'Yes, subject to some conditions', 'In the middle, neither yes nor no', 'Other'];Yes
1510;Y has just told X that he/she is thinking of buying a flat in New York.;buying_a_flat;1303;Do you want one bedroom?;One bedroom will be fine.;He wants one bedroom which will be fine for him.;['Yes', 'No', 'Yes, subject to some conditions', 'In the middle, neither yes nor no', 'Other'];Yes
1511;X and Y are colleagues who are leaving work on a Friday at the same time.;colleagues_leaving_work;1304;Was work fun?;it was better than expected;The work was fun even better than expected.;['Yes', 'No', 'Yes, subject to some conditions', 'In the middle, neither yes nor no', 'Other'];Yes
1512;X wants to know what sorts of books Y likes to read.;book_preferences;1305;Do you like books by American authors usually?;It makes no difference to me.;He like books by American authors too, as he doesn't make difference between authors.;['Yes', 'No', 'Yes, subject to some conditions', 'In the middle, neither yes nor no', 'Other'];In the middle, neither yes nor no
1513;X wants to know about Y's food preferences.;food_preferences;1306;Do you like to eat healthy food?;Not so much.;She does not like to eat healthy food much.;['Yes', 'No', 'Yes, subject to some conditions', 'In the middle, neither yes nor no', 'Other'];No
1514;X wants to know about Y's music preferences.;music_preferences;1307;Does rock interest you at all?;If the lyrics are good.;Rock is interested if the lyrics are good.;['Yes', 'No', 'Yes, subject to some conditions', 'In the middle, neither yes nor no', 'Other'];Yes, subject to some conditions
1515;X and Y are childhood neighbours who unexpectedly run into each other at a cafe.;meeting_childhood_neighbour;1308;Have you been in town this whole time?;I only got here this morning.;He has not been in town this whole time as he arrived here this morning only.;['Yes', 'No', 'Yes, subject to some conditions', 'In the middle, neither yes nor no', 'Other'];No
1516;X wants to know what sorts of books Y likes to read.;book_preferences;1309;Is your fascination with reading about being self employed still your dream?;I am very happy working at my current company at the moment.;He is very happy working at his current company at the moment. So it seems it's his fascination with reading about being self employed.;['Yes', 'No', 'Yes, subject to some conditions', 'In the middle, neither yes nor no', 'Other'];No
1517;Y has just told X that he/she is thinking of buying a flat in New York.;buying_a_flat;101;Do you want to live close to a subway stop?;The subway would make my commute easier.;She want to live close to a subway stop, which would make her commute easier.;['Yes', 'No', 'Yes, subject to some conditions', 'In the middle, neither yes nor no', 'Other'];Yes
1518;X wants to know about Y's music preferences.;music_preferences;1310;Is that you KISS tee shirt?;I don't like KISS;I don't like KISS tee shirt.;['Yes', 'No', 'Yes, subject to some conditions', 'In the middle, neither yes nor no', 'Other'];No
1519;X wants to know what sorts of books Y likes to read.;book_preferences;1311;Do you have a library card?;I have had a card for some time now.;He has a library card for sometime now.;['Yes', 'No', 'Yes, subject to some conditions', 'In the middle, neither yes nor no', 'Other'];Yes
1520;Y has just told X that he/she is thinking of buying a flat in New York.;buying_a_flat;1312;Are you buying to rent?;I want to buy;He wants to buy to rent.;['Yes', 'No', 'Yes, subject to some conditions', 'In the middle, neither yes nor no', 'Other'];In the middle, neither yes nor no
1521;Y has just told X that he/she is thinking of buying a flat in New York.;buying_a_flat;1313;Do you want to live with a roommate?;That would be my last choice.;She doesn't want to live with a roommate.;['Yes', 'No', 'Yes, subject to some conditions', 'In the middle, neither yes nor no', 'Other'];No
1522;Y has just told X that he/she is considering switching his/her job.;switching_jobs;81;Would you like more benefits from your job?;Like anyone else, more benefits would be appreciated.;She would like more benefits from her job as anyone else.;['Yes', 'No', 'Yes, subject to some conditions', 'In the middle, neither yes nor no', 'Other'];Yes
1523;Y has just travelled from a different city to meet X.;travelling_to_meet_someone;1314;Would you like to check out a local brewery this week?;Only if there are samples.;He would like to check out a local brewery this week.;['Yes', 'No', 'Yes, subject to some conditions', 'In the middle, neither yes nor no', 'Other'];Yes, subject to some conditions
1524;Y has just travelled from a different city to meet X.;travelling_to_meet_someone;1315;Can you drink?;I enjoy red wine.;I can drink only red wine.;['Yes', 'No', 'Yes, subject to some conditions', 'In the middle, neither yes nor no', 'Other'];Yes
1525;Y has just moved into a neighbourhood and meets his/her new neighbour X.;meeting_new_neighbour;1316;Do you live in this city?;I've been here 1 year.;I am living here since a year.;['Yes', 'No', 'Yes, subject to some conditions', 'In the middle, neither yes nor no', 'Other'];Yes
1526;Y has just moved into a neighbourhood and meets his/her new neighbour X.;meeting_new_neighbour;1204;Do you work full-time?;I have three jobs.;She does not work full-time, due to having three jobs.;['Yes', 'No', 'Yes, subject to some conditions', 'In the middle, neither yes nor no', 'Other'];Yes
1527;Y has just travelled from a different city to meet X.;travelling_to_meet_someone;1317;Are your parents still alive?;I think they might outlive me.;They are still alive but they might outlive me.;['Yes', 'No', 'Yes, subject to some conditions', 'In the middle, neither yes nor no', 'Other'];Yes
1528;Y has just travelled from a different city to meet X.;travelling_to_meet_someone;1318;Do you like reuben sandwiches?;I am not a sauerkraut fan.;I don't like Reuben sandwiches.;['Yes', 'No', 'Yes, subject to some conditions', 'In the middle, neither yes nor no', 'Other'];No
1529;X and Y are childhood neighbours who unexpectedly run into each other at a cafe.;meeting_childhood_neighbour;1319;Are you still teaching?;I have since changed jobs;She left teaching.;['Yes', 'No', 'Yes, subject to some conditions', 'In the middle, neither yes nor no', 'Other'];No
1530;Y has just moved into a neighbourhood and meets his/her new neighbour X.;meeting_new_neighbour;1302;Do you like sports?;I like most sports;I like sports.;['Yes', 'No', 'Yes, subject to some conditions', 'In the middle, neither yes nor no', 'Other'];Yes
1531;Y has just travelled from a different city to meet X.;travelling_to_meet_someone;125;Were you able to stop for a break on your way here?;I didn't have a very long layover.;He was not able to stop for a break on his own way there.;['Yes', 'No', 'Yes, subject to some conditions', 'In the middle, neither yes nor no', 'Other'];No
1532;X wants to know what activities Y likes to do during weekends.;weekend_activities;1176;Are you into salsa dancing?;I am taking lessons.;She is into Salsa dancing and taking lessons of it too.;['Yes', 'No', 'Yes, subject to some conditions', 'In the middle, neither yes nor no', 'Other'];Yes
1533;Y has just told X that he/she is considering switching his/her job.;switching_jobs;1320;Will you have to do physical tasks?;"I don;t do manual labor.";He has not to do physical tasks.;['Yes', 'No', 'Yes, subject to some conditions', 'In the middle, neither yes nor no', 'Other'];No
1534;X wants to know what sorts of books Y likes to read.;book_preferences;364;Are you into graphic novels?;I only read fiction novels.;He only reads fiction novels, so he does not like graphic novels.;['Yes', 'No', 'Yes, subject to some conditions', 'In the middle, neither yes nor no', 'Other'];No
1535;Y has just told X that he/she is thinking of buying a flat in New York.;buying_a_flat;1321;Can I come visit you?;You can sleep on my couch.;She can come to visit him if she can sleep on his couch.;['Yes', 'No', 'Yes, subject to some conditions', 'In the middle, neither yes nor no', 'Other'];Yes
1536;X wants to know what activities Y likes to do during weekends.;weekend_activities;1322;Is disk golf fun to you?;I have never played it;He likes disk golf but he never played it before.;['Yes', 'No', 'Yes, subject to some conditions', 'In the middle, neither yes nor no', 'Other'];In the middle, neither yes nor no
1537;Y has just told X that he/she is thinking of buying a flat in New York.;buying_a_flat;1323;Are you planning to move there permanently?;I hope to do that;He is planning to move there permanently.;['Yes', 'No', 'Yes, subject to some conditions', 'In the middle, neither yes nor no', 'Other'];Yes
1538;X and Y are childhood neighbours who unexpectedly run into each other at a cafe.;meeting_childhood_neighbour;1324;Will you be in the area long?;I still live here;I am still living in the area.;['Yes', 'No', 'Yes, subject to some conditions', 'In the middle, neither yes nor no', 'Other'];Yes
1539;Y has just moved into a neighbourhood and meets his/her new neighbour X.;meeting_new_neighbour;1325;Would you like to join me for a run sometime?;I have bad knees.;She cannot join him for a run because of her bad knees.;['Yes', 'No', 'Yes, subject to some conditions', 'In the middle, neither yes nor no', 'Other'];No
1540;Y has just moved into a neighbourhood and meets his/her new neighbour X.;meeting_new_neighbour;1325;Would you like to join me for a run sometime?;I have bad knees.;She cannot join him for a run because of her bad knees.;['Yes', 'No', 'Yes, subject to some conditions', 'In the middle, neither yes nor no', 'Other'];No
1541;X wants to know what sorts of books Y likes to read.;book_preferences;1195;I have a great collection of books, want to borrow any of them?;Can I come over and take a look?;She would like to borrow books from his great collections, and so she wants to come over there and take a look of it.;['Yes', 'No', 'Yes, subject to some conditions', 'In the middle, neither yes nor no', 'Other'];Yes
1542;Y has just told X that he/she is considering switching his/her job.;switching_jobs;1326;Is it more in line with your skill set?;I definitely know it better.;The job is in line with her skill set and see know it better.;['Yes', 'No', 'Yes, subject to some conditions', 'In the middle, neither yes nor no', 'Other'];Yes
1543;X wants to know what activities Y likes to do during weekends.;weekend_activities;303;Have you ever been bowling?;I've never learned to bowl.;She neither been bowling normal learnt it.;['Yes', 'No', 'Yes, subject to some conditions', 'In the middle, neither yes nor no', 'Other'];No
1544;X and Y are childhood neighbours who unexpectedly run into each other at a cafe.;meeting_childhood_neighbour;221;Do you still like McDonald's?;I can't east fast food anymore.;He does not like McDonald's as he left eating fast foods.;['Yes', 'No', 'Yes, subject to some conditions', 'In the middle, neither yes nor no', 'Other'];No
1545;X and Y are childhood neighbours who unexpectedly run into each other at a cafe.;meeting_childhood_neighbour;1327;Do your parents still live in the neighborhood?;They live a block away.;Her parents do not live in the neighbourhood.;['Yes', 'No', 'Yes, subject to some conditions', 'In the middle, neither yes nor no', 'Other'];Yes
1546;Y has just told X that he/she is thinking of buying a flat in New York.;buying_a_flat;1328;Are you willing to get a roommate?;I would rather live by myself.;He does not want to get a roommate.;['Yes', 'No', 'Yes, subject to some conditions', 'In the middle, neither yes nor no', 'Other'];No
1547;X wants to know about Y's food preferences.;food_preferences;1329;Have you been trying to eat healthier?;My doctor told me I needed to lower my cholesterol.;She is trying to eat healthier as her doctor told her to lower her cholesterol.;['Yes', 'No', 'Yes, subject to some conditions', 'In the middle, neither yes nor no', 'Other'];Yes
1548;Y has just moved into a neighbourhood and meets his/her new neighbour X.;meeting_new_neighbour;342;Do you have any pets?;I walk my dog regularly.;She has a dog as pet.;['Yes', 'No', 'Yes, subject to some conditions', 'In the middle, neither yes nor no', 'Other'];Yes
1549;Y has just moved into a neighbourhood and meets his/her new neighbour X.;meeting_new_neighbour;1330;Have you lived in this area before?;this is my first time here;I didn't live in this area before, it's my first time here.;['Yes', 'No', 'Yes, subject to some conditions', 'In the middle, neither yes nor no', 'Other'];No
1550;Y has just travelled from a different city to meet X.;travelling_to_meet_someone;1331;Is your family doing okay?;My mom has been sick again.;My family is not okay as my mom has been sick again.;['Yes', 'No', 'Yes, subject to some conditions', 'In the middle, neither yes nor no', 'Other'];No
1551;Y has just moved into a neighbourhood and meets his/her new neighbour X.;meeting_new_neighbour;1332;Have you ever lived in a quiet neighborhood?;My last one was very quiet;I lived in a quite neighbourhood.;['Yes', 'No', 'Yes, subject to some conditions', 'In the middle, neither yes nor no', 'Other'];Yes
1552;X wants to know about Y's music preferences.;music_preferences;1333;Do you listen to music when you work out?;All the time;He listens music all the time. So it seems he also listens music when he workout.;['Yes', 'No', 'Yes, subject to some conditions', 'In the middle, neither yes nor no', 'Other'];Yes
1553;X wants to know about Y's food preferences.;food_preferences;1334;What's your favorite type of cuisine?;I love pizza!;Pizza is his favourite type of cuisine.;['Yes', 'No', 'Yes, subject to some conditions', 'In the middle, neither yes nor no', 'Other'];Other
1554;Y has just moved into a neighbourhood and meets his/her new neighbour X.;meeting_new_neighbour;68;Do you have any kids?;I plan on having them in the future.;She does not have any kids, but she is planning to have in future.;['Yes', 'No', 'Yes, subject to some conditions', 'In the middle, neither yes nor no', 'Other'];No
1555;X wants to know about Y's music preferences.;music_preferences;1335;I have tickets to an EDM music fest, does that sound like something you would want to do;I dance to EDM music every day.;She wants to go to EDM music fest.;['Yes', 'No', 'Yes, subject to some conditions', 'In the middle, neither yes nor no', 'Other'];Yes
1556;X wants to know what activities Y likes to do during weekends.;weekend_activities;1336;Are you planning to have a busy weekend?;I have no plans.;He has this weekend free.;['Yes', 'No', 'Yes, subject to some conditions', 'In the middle, neither yes nor no', 'Other'];No
1557;Y has just told X that he/she is considering switching his/her job.;switching_jobs;1337;Have you been considering this for awhile?;It is a new idea.;He has not been considering this new idea.;['Yes', 'No', 'Yes, subject to some conditions', 'In the middle, neither yes nor no', 'Other'];No
1558;X and Y are childhood neighbours who unexpectedly run into each other at a cafe.;meeting_childhood_neighbour;1338;Have you gone back to our hometown this year?;I haven't been there since we graduated.;I have not been to our hometown since we graduated.;['Yes', 'No', 'Yes, subject to some conditions', 'In the middle, neither yes nor no', 'Other'];No
1559;X and Y are childhood neighbours who unexpectedly run into each other at a cafe.;meeting_childhood_neighbour;1339;Are you still living there?;I've moved around.;She is not still living there.;['Yes', 'No', 'Yes, subject to some conditions', 'In the middle, neither yes nor no', 'Other'];No
1560;X wants to know what activities Y likes to do during weekends.;weekend_activities;1340;Do you like reading books?;I read lots of poetry.;He likes reading books and so lots of poetry.;['Yes', 'No', 'Yes, subject to some conditions', 'In the middle, neither yes nor no', 'Other'];Yes, subject to some conditions
1561;X wants to know about Y's food preferences.;food_preferences;1341;Do you have an food allergies?;You name it!;She has no any food allergies.;['Yes', 'No', 'Yes, subject to some conditions', 'In the middle, neither yes nor no', 'Other'];Yes
1562;Y has just travelled from a different city to meet X.;travelling_to_meet_someone;190;Do you like Country side?;Anything rural makes me happy.;He likes country site as it makes him happy.;['Yes', 'No', 'Yes, subject to some conditions', 'In the middle, neither yes nor no', 'Other'];Yes
1563;X and Y are childhood neighbours who unexpectedly run into each other at a cafe.;meeting_childhood_neighbour;1342;Has it been six years since we last saw each other?;I think it's been since high school graduation.;I think it's been since High school instead of since six years when we last saw each other.;['Yes', 'No', 'Yes, subject to some conditions', 'In the middle, neither yes nor no', 'Other'];In the middle, neither yes nor no
1564;X wants to know about Y's food preferences.;food_preferences;1343;Do you enjoy Italian cuisine?;I prefer pizza.;I prefer pizza and so Italian cuisine.;['Yes', 'No', 'Yes, subject to some conditions', 'In the middle, neither yes nor no', 'Other'];Yes, subject to some conditions
1565;X wants to know about Y's food preferences.;food_preferences;1344;Do you want to grab a drink before dinner?;That would be great.;She wants to have a drink before dinner.;['Yes', 'No', 'Yes, subject to some conditions', 'In the middle, neither yes nor no', 'Other'];Yes
1566;Y has just moved into a neighbourhood and meets his/her new neighbour X.;meeting_new_neighbour;1345;Do you like to take walks with your dog?;The extra attention walking with a dog is nice.;She likes to take walks with her dogs.;['Yes', 'No', 'Yes, subject to some conditions', 'In the middle, neither yes nor no', 'Other'];Yes
1567;Y has just told X that he/she is considering switching his/her job.;switching_jobs;1346;Have you ever worked with horses?;I worked on my aunt's farm one summer.;I have worked with horses on my aunt's farm one summer.;['Yes', 'No', 'Yes, subject to some conditions', 'In the middle, neither yes nor no', 'Other'];Yes
1568;Y has just travelled from a different city to meet X.;travelling_to_meet_someone;1347;Do you want to head straight home?;I think I need to get back.;He is not going streat home as he need to get back.;['Yes', 'No', 'Yes, subject to some conditions', 'In the middle, neither yes nor no', 'Other'];Yes
1569;X wants to know what activities Y likes to do during weekends.;weekend_activities;1348;Can you shoot pool?;I'd love to learn.;She doesn't know how to shoot pool and she wants to learn it.;['Yes', 'No', 'Yes, subject to some conditions', 'In the middle, neither yes nor no', 'Other'];No
1570;X and Y are colleagues who are leaving work on a Friday at the same time.;colleagues_leaving_work;105;Ready for the weekend?;you bet I am;She is ready for the weekend.;['Yes', 'No', 'Yes, subject to some conditions', 'In the middle, neither yes nor no', 'Other'];Yes
1571;Y has just travelled from a different city to meet X.;travelling_to_meet_someone;1349;Alright man, now that you're here do you want to grab some Texas barbecue?;I've been waiting to try.;He wants to have some Texas barbecue.;['Yes', 'No', 'Yes, subject to some conditions', 'In the middle, neither yes nor no', 'Other'];Yes
1572;X wants to know about Y's food preferences.;food_preferences;654;Do you like asian food?;Thai is my favorite.;He likes Asian foods and Thai is his favourite.;['Yes', 'No', 'Yes, subject to some conditions', 'In the middle, neither yes nor no', 'Other'];Yes
1573;Y has just moved into a neighbourhood and meets his/her new neighbour X.;meeting_new_neighbour;407;Would you ever move to a different state?;We might go back to Oregon.;She went to a different state.;['Yes', 'No', 'Yes, subject to some conditions', 'In the middle, neither yes nor no', 'Other'];Yes
1574;Y has just told X that he/she is considering switching his/her job.;switching_jobs;1350;Is it an office job?;It's remote, actually.;Actually it's not a office job rather than remote.;['Yes', 'No', 'Yes, subject to some conditions', 'In the middle, neither yes nor no', 'Other'];No
1575;Y has just travelled from a different city to meet X.;travelling_to_meet_someone;263;Did you have a nice journey?;It was really cramped.;It it was not a nice journey.;['Yes', 'No', 'Yes, subject to some conditions', 'In the middle, neither yes nor no', 'Other'];No
1576;X wants to know about Y's music preferences.;music_preferences;1351;Do you listen to jazz?;I only listen to pop music.;He only listen to pop music. So it seems he does not listen to jazz.;['Yes', 'No', 'Yes, subject to some conditions', 'In the middle, neither yes nor no', 'Other'];No
1577;Y has just moved into a neighbourhood and meets his/her new neighbour X.;meeting_new_neighbour;1352;Do you play board games?;I own lots of board games;He plays board games and he has lots of it.;['Yes', 'No', 'Yes, subject to some conditions', 'In the middle, neither yes nor no', 'Other'];Yes
1578;X wants to know what activities Y likes to do during weekends.;weekend_activities;1353;Do you like to be active?;I'm always running around.;I am always running around and like to be active.;['Yes', 'No', 'Yes, subject to some conditions', 'In the middle, neither yes nor no', 'Other'];Yes
1579;X and Y are colleagues who are leaving work on a Friday at the same time.;colleagues_leaving_work;1354;Are you glad it is the weekend?;I'm not moving from my sofa for the next two days;She is glad that it is the weekend because she can relax on her sofa for the next two days.;['Yes', 'No', 'Yes, subject to some conditions', 'In the middle, neither yes nor no', 'Other'];Yes
1580;Y has just told X that he/she is considering switching his/her job.;switching_jobs;1355;Did you start your job a long time ago?;It's been a few months since I've been there.;She started her job a few months ago since she has been there.;['Yes', 'No', 'Yes, subject to some conditions', 'In the middle, neither yes nor no', 'Other'];No
1581;Y has just travelled from a different city to meet X.;travelling_to_meet_someone;1356;Can I get you a beer?;that would be great;He wants beer.;['Yes', 'No', 'Yes, subject to some conditions', 'In the middle, neither yes nor no', 'Other'];Yes
1582;Y has just told X that he/she is considering switching his/her job.;switching_jobs;1357;Do you get paid time off?;We get 14 days off.;He gets paid time off and it is 14 days.;['Yes', 'No', 'Yes, subject to some conditions', 'In the middle, neither yes nor no', 'Other'];Yes
1583;X wants to know what activities Y likes to do during weekends.;weekend_activities;1358;Do you like to watch movies?;As long as they don't have subtitles.;She likes to watch movies if there is no subtitles.;['Yes', 'No', 'Yes, subject to some conditions', 'In the middle, neither yes nor no', 'Other'];Yes, subject to some conditions
1584;X wants to know about Y's music preferences.;music_preferences;1359;Do you like loud music?;If it doesn't bother my neighbors.;She likes loud music but she doesn't bother her neighbours.;['Yes', 'No', 'Yes, subject to some conditions', 'In the middle, neither yes nor no', 'Other'];Yes, subject to some conditions
1585;Y has just travelled from a different city to meet X.;travelling_to_meet_someone;1360;Are you dating anyone?;I was until a few months ago;He is not dating anyone.;['Yes', 'No', 'Yes, subject to some conditions', 'In the middle, neither yes nor no', 'Other'];No
1586;Y has just travelled from a different city to meet X.;travelling_to_meet_someone;1361;Are you hungry?;Breakfast feels like it was a lifetime ago.;He is hungry because he had his breakfast long time back.;['Yes', 'No', 'Yes, subject to some conditions', 'In the middle, neither yes nor no', 'Other'];Yes
1587;X wants to know what sorts of books Y likes to read.;book_preferences;1362;Do you follow the best sellers lists?;Infrequently.;I follow the best sellers lists frequently.;['Yes', 'No', 'Yes, subject to some conditions', 'In the middle, neither yes nor no', 'Other'];No
1588;X wants to know what sorts of books Y likes to read.;book_preferences;1363;Do you enjoy being shocked by an ending?;Those kinds of books are hard to read.;She does not like reading books that shock by ending those kinds of books are hard to read.;['Yes', 'No', 'Yes, subject to some conditions', 'In the middle, neither yes nor no', 'Other'];No
1589;X and Y are colleagues who are leaving work on a Friday at the same time.;colleagues_leaving_work;1364;Have you seen that new movie?;I did, the ending was really good.;She watched the new movie that has a good ending.;['Yes', 'No', 'Yes, subject to some conditions', 'In the middle, neither yes nor no', 'Other'];Yes
1590;X wants to know about Y's food preferences.;food_preferences;1365;Are you allergic to any seafood?;I can't have shellfish.;She is allergic to seafood.;['Yes', 'No', 'Yes, subject to some conditions', 'In the middle, neither yes nor no', 'Other'];Yes
1591;X wants to know about Y's food preferences.;food_preferences;1365;Are you allergic to any seafood?;I can't have shellfish.;She is allergic to seafood.;['Yes', 'No', 'Yes, subject to some conditions', 'In the middle, neither yes nor no', 'Other'];Yes
1592;Y has just told X that he/she is thinking of buying a flat in New York.;buying_a_flat;1366;Do you like to have a lot of furniture?;I only need basic furniture for my house.;I don't like to have a lot of furnitures except the basic one.;['Yes', 'No', 'Yes, subject to some conditions', 'In the middle, neither yes nor no', 'Other'];No
1593;X wants to know what activities Y likes to do during weekends.;weekend_activities;189;Are you a fan of mountain climbing?;I'm too intimidated.;I am not a fan of mountain climbing as I am scared of it.;['Yes', 'No', 'Yes, subject to some conditions', 'In the middle, neither yes nor no', 'Other'];No
1594;X wants to know about Y's food preferences.;food_preferences;1367;I could really go for some BBQ, are you down?;Let's do it.;She wants to have some BBQ.;['Yes', 'No', 'Yes, subject to some conditions', 'In the middle, neither yes nor no', 'Other'];Yes
1595;X and Y are childhood neighbours who unexpectedly run into each other at a cafe.;meeting_childhood_neighbour;120;Can I buy you a drink?;Maybe another time, I have to get home.;She doesn't want a drink as she has to go home.;['Yes', 'No', 'Yes, subject to some conditions', 'In the middle, neither yes nor no', 'Other'];No
1596;X wants to know what activities Y likes to do during weekends.;weekend_activities;1368;Have you been to the new adventure park?;I heard it's rather disappointing.;He has not been to the New adventure park yet as it is disappointing.;['Yes', 'No', 'Yes, subject to some conditions', 'In the middle, neither yes nor no', 'Other'];No
1597;X wants to know what activities Y likes to do during weekends.;weekend_activities;1369;Do you enjoy lakes and beaches?;I love being around bodies of water.;She likes to be around lakes and beaches.;['Yes', 'No', 'Yes, subject to some conditions', 'In the middle, neither yes nor no', 'Other'];Yes
1598;Y has just travelled from a different city to meet X.;travelling_to_meet_someone;1370;Did you bring everything you need?;I need to pick up some groceries.;I brought everything that I need except some groceries.;['Yes', 'No', 'Yes, subject to some conditions', 'In the middle, neither yes nor no', 'Other'];No
1599;Y has just travelled from a different city to meet X.;travelling_to_meet_someone;224;Did you know there's no sales tax in Oregon?;Nobody told me.;I didn't know that there is no sales tax in Oregon.;['Yes', 'No', 'Yes, subject to some conditions', 'In the middle, neither yes nor no', 'Other'];No
1600;X and Y are colleagues who are leaving work on a Friday at the same time.;colleagues_leaving_work;1371;What are your plans for tonight?;I want to read and book and take a bath.;Tonight she plans to read books and take a bath.;['Yes', 'No', 'Yes, subject to some conditions', 'In the middle, neither yes nor no', 'Other'];Other
1601;X wants to know about Y's food preferences.;food_preferences;1372;Do you like Italian?;I prefer Chinese.;He doesn't like Italian, because he prefers Chinese.;['Yes', 'No', 'Yes, subject to some conditions', 'In the middle, neither yes nor no', 'Other'];No
1602;X wants to know what sorts of books Y likes to read.;book_preferences;1373;Do you like graphic novels?;Much better than comics!;He likes graphic novels better than comics.;['Yes', 'No', 'Yes, subject to some conditions', 'In the middle, neither yes nor no', 'Other'];Yes
1603;X wants to know what sorts of books Y likes to read.;book_preferences;1374;Are you into psychological thrillers?;If they aren't too violent.;He likes to read psychological thrillers If they aren't too violent.;['Yes', 'No', 'Yes, subject to some conditions', 'In the middle, neither yes nor no', 'Other'];Yes, subject to some conditions
1604;Y has just travelled from a different city to meet X.;travelling_to_meet_someone;1375;Are you staying at a hotel?;I prefer bed and breakfasts.;He is staying at a hotel.;['Yes', 'No', 'Yes, subject to some conditions', 'In the middle, neither yes nor no', 'Other'];No
1605;Y has just moved into a neighbourhood and meets his/her new neighbour X.;meeting_new_neighbour;139;Are you new to the area?;Fairly new!;She is fairly new to the area.;['Yes', 'No', 'Yes, subject to some conditions', 'In the middle, neither yes nor no', 'Other'];Yes
1606;X wants to know what activities Y likes to do during weekends.;weekend_activities;1376;Would you be open to joining some kind of club or team?;That is impossible right now.;He wants to join some kind of club or team but not right now.;['Yes', 'No', 'Yes, subject to some conditions', 'In the middle, neither yes nor no', 'Other'];No
1607;X and Y are colleagues who are leaving work on a Friday at the same time.;colleagues_leaving_work;1377;Did you have a productive week?;I am impressed with myself.;His week was very productive.;['Yes', 'No', 'Yes, subject to some conditions', 'In the middle, neither yes nor no', 'Other'];Yes
1608;X and Y are colleagues who are leaving work on a Friday at the same time.;colleagues_leaving_work;1378;Are you going anywhere tonight?;Only if I feel up to it.;She wants to go somewhere tonight if she feels to go out.;['Yes', 'No', 'Yes, subject to some conditions', 'In the middle, neither yes nor no', 'Other'];In the middle, neither yes nor no
1609;Y has just told X that he/she is thinking of buying a flat in New York.;buying_a_flat;306;Do you want to live in a quiet neighborhood?;I enjoy being in the action.;He doesn't want to live in a quiet neighborhood as he prefers being in the action.;['Yes', 'No', 'Yes, subject to some conditions', 'In the middle, neither yes nor no', 'Other'];No
1610;X and Y are colleagues who are leaving work on a Friday at the same time.;colleagues_leaving_work;1379;Are you looking forward to a fun weekend?;We've got a lot of fun plans!;I am looking forward to a fun weekend and we made lot of fun plans.;['Yes', 'No', 'Yes, subject to some conditions', 'In the middle, neither yes nor no', 'Other'];Yes
1611;X wants to know what sorts of books Y likes to read.;book_preferences;1380;Can I get you a poetry book?;That would be very nice.;She wants to have a poetry book.;['Yes', 'No', 'Yes, subject to some conditions', 'In the middle, neither yes nor no', 'Other'];Yes
1612;X and Y are childhood neighbours who unexpectedly run into each other at a cafe.;meeting_childhood_neighbour;385;Are you still living in town?;I moved to the suburbs last year.;He left living in town.;['Yes', 'No', 'Yes, subject to some conditions', 'In the middle, neither yes nor no', 'Other'];No
1613;Y has just travelled from a different city to meet X.;travelling_to_meet_someone;1381;Do you have a place to stay?;I haven't booked anything.;She doesn't have palce to stay as she didn't book anything yet.;['Yes', 'No', 'Yes, subject to some conditions', 'In the middle, neither yes nor no', 'Other'];No
1614;Y has just moved into a neighbourhood and meets his/her new neighbour X.;meeting_new_neighbour;1382;Are you planning on living here for a long time?;I purchased this home, so I hope so.;He purchased this home to stay there for a long time.;['Yes', 'No', 'Yes, subject to some conditions', 'In the middle, neither yes nor no', 'Other'];Yes
1615;X wants to know about Y's music preferences.;music_preferences;1383;Would you prefer live music?;I like my stereo at home.;She dosen't prefer live music,;['Yes', 'No', 'Yes, subject to some conditions', 'In the middle, neither yes nor no', 'Other'];No
1616;X wants to know what sorts of books Y likes to read.;book_preferences;1384;Is fiction what you're mostly into?;I read a fair bit of history and biography as well.;Besides fiction he reads bit of history and biography as well.;['Yes', 'No', 'Yes, subject to some conditions', 'In the middle, neither yes nor no', 'Other'];Yes
1617;X wants to know what activities Y likes to do during weekends.;weekend_activities;1340;Do you like reading books?;I'm usually too busy.;She doesn't read books because of her busy weekends.;['Yes', 'No', 'Yes, subject to some conditions', 'In the middle, neither yes nor no', 'Other'];In the middle, neither yes nor no
1618;X and Y are childhood neighbours who unexpectedly run into each other at a cafe.;meeting_childhood_neighbour;1243;Would like to reconnect over dinner tomorrow?;Dinner sounds perfect;She wants to have to reconnect over dinner tomorrow.;['Yes', 'No', 'Yes, subject to some conditions', 'In the middle, neither yes nor no', 'Other'];Yes
1619;X wants to know what sorts of books Y likes to read.;book_preferences;144;Did you ever read any books by Robert Ludlum?;We're currently reading one of his books in my book club.;They are currently reading one of Robert Ludlum's book in his book club.;['Yes', 'No', 'Yes, subject to some conditions', 'In the middle, neither yes nor no', 'Other'];Yes
1620;Y has just told X that he/she is considering switching his/her job.;switching_jobs;1385;Are you wanting creative fulfillment in your work?;I need more outlets.;She wants creative fulfillment in her work so she needs more outlets.;['Yes', 'No', 'Yes, subject to some conditions', 'In the middle, neither yes nor no', 'Other'];Yes
1621;X and Y are colleagues who are leaving work on a Friday at the same time.;colleagues_leaving_work;1386;Would you like to go for happy hour?;I'd love a cocktail.;He wants to go for happy hour after works and have a cocktail.;['Yes', 'No', 'Yes, subject to some conditions', 'In the middle, neither yes nor no', 'Other'];Yes
1622;Y has just travelled from a different city to meet X.;travelling_to_meet_someone;1387;Are you tired from your journey?;I'm somewhat tired.;He is tired of the journey.;['Yes', 'No', 'Yes, subject to some conditions', 'In the middle, neither yes nor no', 'Other'];Yes
1623;X wants to know about Y's food preferences.;food_preferences;1388;Do you have a sweet tooth?;I never pass up sweets.;She doesn't have any sweet tooth.;['Yes', 'No', 'Yes, subject to some conditions', 'In the middle, neither yes nor no', 'Other'];Yes
1624;Y has just moved into a neighbourhood and meets his/her new neighbour X.;meeting_new_neighbour;1241;where did you move from?;I moved from the City of Angels!;He came from the City of Angels.;['Yes', 'No', 'Yes, subject to some conditions', 'In the middle, neither yes nor no', 'Other'];Other
1625;X wants to know about Y's food preferences.;food_preferences;1389;Enjoy diner food?;It's very comforting.;I liked the dinner and it was very comforting.;['Yes', 'No', 'Yes, subject to some conditions', 'In the middle, neither yes nor no', 'Other'];Yes
1626;X wants to know about Y's music preferences.;music_preferences;1390;You wanna hit a country-western bar tonight?;I really dig line dancing!;He wants to go to a country-western bar tonight.;['Yes', 'No', 'Yes, subject to some conditions', 'In the middle, neither yes nor no', 'Other'];Yes
1627;X wants to know what activities Y likes to do during weekends.;weekend_activities;1391;Do you enjoy water sports?;I'm a keen wild swimmer.;She likes water sports as she is a keen wild swimmer.;['Yes', 'No', 'Yes, subject to some conditions', 'In the middle, neither yes nor no', 'Other'];Yes
1628;Y has just travelled from a different city to meet X.;travelling_to_meet_someone;1392;I know you're not used to this heat, would you want to go take a dip at Barton Springs to cool off?;that sounds awesome;He wants to go take a dip at Barton Springs to cool off.;['Yes', 'No', 'Yes, subject to some conditions', 'In the middle, neither yes nor no', 'Other'];Yes
1629;X wants to know what sorts of books Y likes to read.;book_preferences;1393;Are you into non-fiction?;I've read some good autobiographies;I read non-fiction and read few good autobiographies.;['Yes', 'No', 'Yes, subject to some conditions', 'In the middle, neither yes nor no', 'Other'];Yes
1630;X and Y are childhood neighbours who unexpectedly run into each other at a cafe.;meeting_childhood_neighbour;1243;Would like to reconnect over dinner tomorrow?;I would love to;She wants to meet again over dinner tomorrow.;['Yes', 'No', 'Yes, subject to some conditions', 'In the middle, neither yes nor no', 'Other'];Yes
1631;X wants to know about Y's food preferences.;food_preferences;393;Do you eat breakfast food for lunch or dinner?;I eat any food I want whenever I want to.;He eats any food even breakfast that he wants to eat for lunch or dinner.;['Yes', 'No', 'Yes, subject to some conditions', 'In the middle, neither yes nor no', 'Other'];Yes
1632;Y has just travelled from a different city to meet X.;travelling_to_meet_someone;1394;Do you want to go out to dinner?;Let's just make something at the apartment.;She wants to make something at the apartment rather than going out for dinner.;['Yes', 'No', 'Yes, subject to some conditions', 'In the middle, neither yes nor no', 'Other'];No
1633;X wants to know about Y's food preferences.;food_preferences;1395;Do you enjoy American Food?;I find it very tasteless and unhealthy.;I don't like American food as  it's very tasteless and unhealthy.;['Yes', 'No', 'Yes, subject to some conditions', 'In the middle, neither yes nor no', 'Other'];No
1634;Y has just told X that he/she is thinking of buying a flat in New York.;buying_a_flat;1396;Do you want to live in New York city?;The city is too busy and loud;I don't want to live in New York city because of its bussiness and loudness.;['Yes', 'No', 'Yes, subject to some conditions', 'In the middle, neither yes nor no', 'Other'];No
1635;X and Y are colleagues who are leaving work on a Friday at the same time.;colleagues_leaving_work;1397;Are you going straight home after work?;I need to swing by the market.;He is going home, being in the market after  work.;['Yes', 'No', 'Yes, subject to some conditions', 'In the middle, neither yes nor no', 'Other'];No
1636;Y has just told X that he/she is thinking of buying a flat in New York.;buying_a_flat;1398;Did you start going to open houses?;I've been to a couple of them.;She started going to open houses.;['Yes', 'No', 'Yes, subject to some conditions', 'In the middle, neither yes nor no', 'Other'];Yes
1637;X wants to know what activities Y likes to do during weekends.;weekend_activities;1376;Would you be open to joining some kind of club or team?;If it's related to esports.;He would like to join club or team which are related to e sports.;['Yes', 'No', 'Yes, subject to some conditions', 'In the middle, neither yes nor no', 'Other'];Yes, subject to some conditions
1638;Y has just told X that he/she is considering switching his/her job.;switching_jobs;1399;Are you quitting because of your boss?;He's definitely a factor;She is quitting because of her boss.;['Yes', 'No', 'Yes, subject to some conditions', 'In the middle, neither yes nor no', 'Other'];Yes
1639;Y has just moved into a neighbourhood and meets his/her new neighbour X.;meeting_new_neighbour;223;Do you like to BBQ?;I enjoy BBQ food;I like to BBQ, as it's my favourite food.;['Yes', 'No', 'Yes, subject to some conditions', 'In the middle, neither yes nor no', 'Other'];Yes
1640;X wants to know what sorts of books Y likes to read.;book_preferences;32;Do you read alot?;I always have a book to read.;He reads a lot.;['Yes', 'No', 'Yes, subject to some conditions', 'In the middle, neither yes nor no', 'Other'];Yes
1641;Y has just told X that he/she is considering switching his/her job.;switching_jobs;1400;Is it technical?;Sometimes it is;It is technical but not all the time.;['Yes', 'No', 'Yes, subject to some conditions', 'In the middle, neither yes nor no', 'Other'];Yes
1642;Y has just moved into a neighbourhood and meets his/her new neighbour X.;meeting_new_neighbour;1401;Are you from this state?;I am;I am from the state.;['Yes', 'No', 'Yes, subject to some conditions', 'In the middle, neither yes nor no', 'Other'];Yes
1643;X wants to know what sorts of books Y likes to read.;book_preferences;1402;Do you have a kindle?;I got one for my birthday last year.;I have Kindle as someone gifted me for my last birthday.;['Yes', 'No', 'Yes, subject to some conditions', 'In the middle, neither yes nor no', 'Other'];Yes
1644;X wants to know about Y's music preferences.;music_preferences;51;Do you have any formal musical training?;I had a few courses of music theory in college.;She has formal musical training as she did few courses of music theory in college.;['Yes', 'No', 'Yes, subject to some conditions', 'In the middle, neither yes nor no', 'Other'];Yes
1645;Y has just told X that he/she is considering switching his/her job.;switching_jobs;1267;Are you thinking of going into the same field?;I wouldn't mind branching out a bit.;She is thinking of going into the same field.;['Yes', 'No', 'Yes, subject to some conditions', 'In the middle, neither yes nor no', 'Other'];No
1646;X wants to know what sorts of books Y likes to read.;book_preferences;1403;Do you like to read romances?;I prefer self-help books.;He prefers self help-books so he does not like to read romances.;['Yes', 'No', 'Yes, subject to some conditions', 'In the middle, neither yes nor no', 'Other'];No
1647;X wants to know what sorts of books Y likes to read.;book_preferences;1293;Are you reading anything right now?;I'm reading 3 different books at the moment.;He is reading 3 different books at the moment.;['Yes', 'No', 'Yes, subject to some conditions', 'In the middle, neither yes nor no', 'Other'];Yes
1648;Y has just told X that he/she is considering switching his/her job.;switching_jobs;1404;What do you normally do in a days time?;You wouldn't believe me if I told you.;It's not believable that what she does in a days time.;['Yes', 'No', 'Yes, subject to some conditions', 'In the middle, neither yes nor no', 'Other'];Other
1649;X wants to know about Y's music preferences.;music_preferences;243;Would you like something European?;European things make me feel interesting.;She likes European things.;['Yes', 'No', 'Yes, subject to some conditions', 'In the middle, neither yes nor no', 'Other'];Yes
1650;X wants to know about Y's music preferences.;music_preferences;1405;Want to go and see The Killers tonight?;I already have plans.;I made plan to watch The Killers tonight.;['Yes', 'No', 'Yes, subject to some conditions', 'In the middle, neither yes nor no', 'Other'];No
1651;Y has just moved into a neighbourhood and meets his/her new neighbour X.;meeting_new_neighbour;1406;Are you a college graduate?;I have a degree;She is a college graduate.;['Yes', 'No', 'Yes, subject to some conditions', 'In the middle, neither yes nor no', 'Other'];Yes
1652;Y has just told X that he/she is thinking of buying a flat in New York.;buying_a_flat;1407;Would you be willing to provide references and a credit report to a prospective landlord?;I will if they ask for it.;She would provide references and credit report to a prospective landlord if they ask for it.;['Yes', 'No', 'Yes, subject to some conditions', 'In the middle, neither yes nor no', 'Other'];Yes, subject to some conditions
1653;X wants to know about Y's music preferences.;music_preferences;1408;Do you like country music?;I mainly listen to hip-hop;She mainly listen hip-hop so she does not like country music.;['Yes', 'No', 'Yes, subject to some conditions', 'In the middle, neither yes nor no', 'Other'];No
1654;Y has just moved into a neighbourhood and meets his/her new neighbour X.;meeting_new_neighbour;1409;How about trying that new Thai place down the road?;I am so hungry that I could eat anything.;He wants to go to the new Thai places down the road to eat something as he is very hungry.;['Yes', 'No', 'Yes, subject to some conditions', 'In the middle, neither yes nor no', 'Other'];Yes
1655;X wants to know about Y's food preferences.;food_preferences;1410;Is fast food okay with you?;It's not my first choice.;I don't like fast foods.;['Yes', 'No', 'Yes, subject to some conditions', 'In the middle, neither yes nor no', 'Other'];No
1656;Y has just moved into a neighbourhood and meets his/her new neighbour X.;meeting_new_neighbour;1411;Do you like to grill out in the summer?;My favourite food is barbecued steak and burgers especially outside in the summer.;I like to grill as barbecued steak and burgers are my favorite food especially outside in the summer.;['Yes', 'No', 'Yes, subject to some conditions', 'In the middle, neither yes nor no', 'Other'];Yes
1657;Y has just told X that he/she is considering switching his/her job.;switching_jobs;1412;Is your work technical?;I'm more creative.;My work is more creative rather than technical.;['Yes', 'No', 'Yes, subject to some conditions', 'In the middle, neither yes nor no', 'Other'];No
1658;Y has just told X that he/she is considering switching his/her job.;switching_jobs;1413;Do you enjoy your current job?;I would like more flexibility.;He likes his current job as it's more flexible.;['Yes', 'No', 'Yes, subject to some conditions', 'In the middle, neither yes nor no', 'Other'];No
1659;X wants to know about Y's food preferences.;food_preferences;1414;Do you like spicy/hot food?;if it's not too crazy hot.;She likes spicy foods eat its not too hot.;['Yes', 'No', 'Yes, subject to some conditions', 'In the middle, neither yes nor no', 'Other'];Yes, subject to some conditions
1660;X wants to know what sorts of books Y likes to read.;book_preferences;1415;You like fantasy books?;I like sci-fi more.;I like sci-fi more rather than fantasy books.;['Yes', 'No', 'Yes, subject to some conditions', 'In the middle, neither yes nor no', 'Other'];No
1661;X wants to know what sorts of books Y likes to read.;book_preferences;1416;Are you interested in non-fiction books?;I prefer fiction.;He is not interested in non-fiction books.;['Yes', 'No', 'Yes, subject to some conditions', 'In the middle, neither yes nor no', 'Other'];No
1662;X wants to know what activities Y likes to do during weekends.;weekend_activities;1417;Do you like working out?;I would gain weight if I didn't work out every day.;He likes working out because he does not want to gain his weight.;['Yes', 'No', 'Yes, subject to some conditions', 'In the middle, neither yes nor no', 'Other'];Yes
1663;Y has just told X that he/she is considering switching his/her job.;switching_jobs;1418;In your current job, do you work on a team?;I work on a team of five people.;Currently I am working in a team of five people.;['Yes', 'No', 'Yes, subject to some conditions', 'In the middle, neither yes nor no', 'Other'];Yes
1664;X wants to know what sorts of books Y likes to read.;book_preferences;1419;Do you like romantic stories?;I'm completely disinterested.;He does not like romantic stories at all.;['Yes', 'No', 'Yes, subject to some conditions', 'In the middle, neither yes nor no', 'Other'];No
1665;X wants to know what activities Y likes to do during weekends.;weekend_activities;1420;Do you like movies?;I love going to see films.;He loves to watch movies.;['Yes', 'No', 'Yes, subject to some conditions', 'In the middle, neither yes nor no', 'Other'];Yes
1666;X and Y are colleagues who are leaving work on a Friday at the same time.;colleagues_leaving_work;1208;Any fun plans this weekend?;I'm not sure yet;She is not sure about any fun plans this weekend.;['Yes', 'No', 'Yes, subject to some conditions', 'In the middle, neither yes nor no', 'Other'];In the middle, neither yes nor no
1667;Y has just travelled from a different city to meet X.;travelling_to_meet_someone;1187;Are you still working at the same place?;I jumped ship five years ago.;I am not working in the same place since last five years.;['Yes', 'No', 'Yes, subject to some conditions', 'In the middle, neither yes nor no', 'Other'];No
1668;X wants to know what activities Y likes to do during weekends.;weekend_activities;396;do you want to do something for free?;That sounds great.;He would not mind to do something for free.;['Yes', 'No', 'Yes, subject to some conditions', 'In the middle, neither yes nor no', 'Other'];Yes
1669;X wants to know what activities Y likes to do during weekends.;weekend_activities;396;do you want to do something for free?;That sounds great.;He would not mind to do something for free.;['Yes', 'No', 'Yes, subject to some conditions', 'In the middle, neither yes nor no', 'Other'];Yes
1670;Y has just moved into a neighbourhood and meets his/her new neighbour X.;meeting_new_neighbour;1421;Have you been a victim of crime here?;Thankfully I haven't had any problems so far.;She did not faced any problem related to crime here yet.;['Yes', 'No', 'Yes, subject to some conditions', 'In the middle, neither yes nor no', 'Other'];No
1671;Y has just travelled from a different city to meet X.;travelling_to_meet_someone;1422;Are you ready for a good time?;I'm always up for fun.;She is always ready for good time.;['Yes', 'No', 'Yes, subject to some conditions', 'In the middle, neither yes nor no', 'Other'];Yes
1672;Y has just told X that he/she is considering switching his/her job.;switching_jobs;1423;Can you speak multiple languages?;I can speak English and German.;He can speak only English and German.;['Yes', 'No', 'Yes, subject to some conditions', 'In the middle, neither yes nor no', 'Other'];Yes
1673;X wants to know about Y's music preferences.;music_preferences;1424;Do you enjoy classical music?;Only Beethoven and Mozart.;She likes only  Beethoven and Mozart. So it seems see likes classical musics.;['Yes', 'No', 'Yes, subject to some conditions', 'In the middle, neither yes nor no', 'Other'];Yes, subject to some conditions
1674;Y has just travelled from a different city to meet X.;travelling_to_meet_someone;1347;Do you want to head straight home?;I have to stop off at the supermarket.;He is not going straight to the home, because he has some works at the supermarket.;['Yes', 'No', 'Yes, subject to some conditions', 'In the middle, neither yes nor no', 'Other'];No
1675;X and Y are colleagues who are leaving work on a Friday at the same time.;colleagues_leaving_work;1425;is it cold outside?;It is freezing;It's cold outside.;['Yes', 'No', 'Yes, subject to some conditions', 'In the middle, neither yes nor no', 'Other'];Yes
1676;Y has just told X that he/she is thinking of buying a flat in New York.;buying_a_flat;1426;Can you afford it long term?;I can afford anything;She can afford it for long term.;['Yes', 'No', 'Yes, subject to some conditions', 'In the middle, neither yes nor no', 'Other'];Yes
1677;X wants to know about Y's music preferences.;music_preferences;377;Do you like outside concerts?;I'd rather listen to music online.;He does not like outside concerts, because he prefers music online.;['Yes', 'No', 'Yes, subject to some conditions', 'In the middle, neither yes nor no', 'Other'];No
1678;X and Y are childhood neighbours who unexpectedly run into each other at a cafe.;meeting_childhood_neighbour;1427;Have a nice house yet?;I have my dream house.;He found his dream house.;['Yes', 'No', 'Yes, subject to some conditions', 'In the middle, neither yes nor no', 'Other'];Yes
1679;X and Y are colleagues who are leaving work on a Friday at the same time.;colleagues_leaving_work;1316;Do you live in this city?;I live in the suburbs.;He does not stay in this city.;['Yes', 'No', 'Yes, subject to some conditions', 'In the middle, neither yes nor no', 'Other'];No
1680;Y has just moved into a neighbourhood and meets his/her new neighbour X.;meeting_new_neighbour;1241;where did you move from?;I moved from Dallas;I moved from Dallas.;['Yes', 'No', 'Yes, subject to some conditions', 'In the middle, neither yes nor no', 'Other'];Other
1681;X wants to know what activities Y likes to do during weekends.;weekend_activities;1428;Would you like to join the rally this weekend?;That depends on what the rally is for.;She would like to join the rally this weekend depending on the theme of the rally.;['Yes', 'No', 'Yes, subject to some conditions', 'In the middle, neither yes nor no', 'Other'];In the middle, neither yes nor no
1682;Y has just told X that he/she is thinking of buying a flat in New York.;buying_a_flat;1429;Is it within walking distance of work?;I'll need to take a subway.;The work is not within walking distance. That's why she needs to take a subway.;['Yes', 'No', 'Yes, subject to some conditions', 'In the middle, neither yes nor no', 'Other'];No
1683;X wants to know about Y's food preferences.;food_preferences;1430;Are you wanting to try something new?;I prefer what I know.;She does not want to try something new because she prefers to do what's she knows.;['Yes', 'No', 'Yes, subject to some conditions', 'In the middle, neither yes nor no', 'Other'];No
1684;Y has just told X that he/she is thinking of buying a flat in New York.;buying_a_flat;1431;Are you looking for a place with more than one bathroom?;I only need the one;He needs only one bathroom so he is not looking for a place with more than one bathroom.;['Yes', 'No', 'Yes, subject to some conditions', 'In the middle, neither yes nor no', 'Other'];No
1685;X wants to know what sorts of books Y likes to read.;book_preferences;1432;Do you like mystery?;I'm a fan of trying to figure out a puzzle.;He likes mysteries as he is a fan of trying to figure out a puzzle.;['Yes', 'No', 'Yes, subject to some conditions', 'In the middle, neither yes nor no', 'Other'];Yes
1686;X wants to know what sorts of books Y likes to read.;book_preferences;1433;Does the new John Grisham book sound good?;I am unaware of it.;I'm not aware of John Grisham book, so I don't know how it is.;['Yes', 'No', 'Yes, subject to some conditions', 'In the middle, neither yes nor no', 'Other'];In the middle, neither yes nor no
1687;Y has just told X that he/she is thinking of buying a flat in New York.;buying_a_flat;1434;Can you afford the expensive rent?;Easily.;He can afford the expensive rent easily.;['Yes', 'No', 'Yes, subject to some conditions', 'In the middle, neither yes nor no', 'Other'];Yes
1688;Y has just moved into a neighbourhood and meets his/her new neighbour X.;meeting_new_neighbour;1435;Do you have a car?;It's parked out front.;I have a car which is parked out front.;['Yes', 'No', 'Yes, subject to some conditions', 'In the middle, neither yes nor no', 'Other'];Yes
1689;Y has just told X that he/she is considering switching his/her job.;switching_jobs;1436;Did you enjoy your time as a bus driver before your current job?;I got a lot out of it.;He liked his previous job as a bus driver, as he earned lot from it.;['Yes', 'No', 'Yes, subject to some conditions', 'In the middle, neither yes nor no', 'Other'];Yes
1690;X wants to know what activities Y likes to do during weekends.;weekend_activities;1437;Do you enjoy dining out?;I try to save money by cooking at home.;She likes dining out but she tries to save money by cooking at home.;['Yes', 'No', 'Yes, subject to some conditions', 'In the middle, neither yes nor no', 'Other'];No
1691;Y has just told X that he/she is considering switching his/her job.;switching_jobs;1438;Do you have far to travel to your place of work ?;It's just down the street from my apartment.;He doesn't have far to travel to his working place because his appartment is near to his job.;['Yes', 'No', 'Yes, subject to some conditions', 'In the middle, neither yes nor no', 'Other'];No
1692;X wants to know about Y's food preferences.;food_preferences;1439;Do you like to dine-in or take-out?;I prefer take-out.;He prefers take-out instead of dine-in .;['Yes', 'No', 'Yes, subject to some conditions', 'In the middle, neither yes nor no', 'Other'];Other
1693;Y has just moved into a neighbourhood and meets his/her new neighbour X.;meeting_new_neighbour;53;Are community gatherings important?;Community gatherings bring people together.;As community gatherings bring people together, it is very important.;['Yes', 'No', 'Yes, subject to some conditions', 'In the middle, neither yes nor no', 'Other'];Yes
1694;X and Y are colleagues who are leaving work on a Friday at the same time.;colleagues_leaving_work;1440;Would you like to have some drinks?;I've given up drinking for January;I don't want drink as I left it for January.;['Yes', 'No', 'Yes, subject to some conditions', 'In the middle, neither yes nor no', 'Other'];No
1695;Y has just travelled from a different city to meet X.;travelling_to_meet_someone;1441;Did you sleep on your way here?;I dozed on the plane.;She slept on her way.;['Yes', 'No', 'Yes, subject to some conditions', 'In the middle, neither yes nor no', 'Other'];Yes
1696;Y has just moved into a neighbourhood and meets his/her new neighbour X.;meeting_new_neighbour;1442;Are you new to town?;I've been here for a few years now.;He is not new to the town.;['Yes', 'No', 'Yes, subject to some conditions', 'In the middle, neither yes nor no', 'Other'];No
1697;X and Y are colleagues who are leaving work on a Friday at the same time.;colleagues_leaving_work;1443;Shall we go for a drink at a bar?;I usually like to sneak in a run after work.;She wants to go for a drink at a bar after work.;['Yes', 'No', 'Yes, subject to some conditions', 'In the middle, neither yes nor no', 'Other'];No
1698;X wants to know what sorts of books Y likes to read.;book_preferences;1444;Do you read a lot of books?;I always have a few going.;He always reads books.;['Yes', 'No', 'Yes, subject to some conditions', 'In the middle, neither yes nor no', 'Other'];Yes
1699;X wants to know what activities Y likes to do during weekends.;weekend_activities;1445;Are you a foodie?;I have my own food blog;She has are own food blog. So it seems she is a foodie.;['Yes', 'No', 'Yes, subject to some conditions', 'In the middle, neither yes nor no', 'Other'];Yes
1700;Y has just told X that he/she is considering switching his/her job.;switching_jobs;1446;Is it a pay increase?;I'll make a little bit more.;If it is a pay increase I will take little bit more.;['Yes', 'No', 'Yes, subject to some conditions', 'In the middle, neither yes nor no', 'Other'];Yes
1701;X wants to know about Y's food preferences.;food_preferences;762;Do you like Pizza?;I eat pizza weekly.;He eats pizza weekly, as he likes it.;['Yes', 'No', 'Yes, subject to some conditions', 'In the middle, neither yes nor no', 'Other'];Yes
1702;Y has just told X that he/she is considering switching his/her job.;switching_jobs;1447;Does it involve a lot of time at your desk?;I'm getting fat from sitting so much.;it does not involve a lot of time at your desk.;['Yes', 'No', 'Yes, subject to some conditions', 'In the middle, neither yes nor no', 'Other'];Yes
1703;X and Y are childhood neighbours who unexpectedly run into each other at a cafe.;meeting_childhood_neighbour;1448;Do you still live in the same home?;I love it there.;He is not staying  in the same home.;['Yes', 'No', 'Yes, subject to some conditions', 'In the middle, neither yes nor no', 'Other'];Yes
1704;X wants to know what sorts of books Y likes to read.;book_preferences;1449;Do you enjoy being scared when you read?;Happy endings are better for my sleep.;She does not like being scared when she read because she likes happy endings for her sleep.;['Yes', 'No', 'Yes, subject to some conditions', 'In the middle, neither yes nor no', 'Other'];No
1705;Y has just told X that he/she is thinking of buying a flat in New York.;buying_a_flat;1450;Can you afford the flat?;I've saved up a lot of money.;She can afford flat.;['Yes', 'No', 'Yes, subject to some conditions', 'In the middle, neither yes nor no', 'Other'];Yes
1706;X wants to know about Y's music preferences.;music_preferences;1451;Have you been to South America?;I've been to Argentina.;She has been to South America specially in Argentina.;['Yes', 'No', 'Yes, subject to some conditions', 'In the middle, neither yes nor no', 'Other'];Yes
1707;X and Y are colleagues who are leaving work on a Friday at the same time.;colleagues_leaving_work;1452;Are you free tonight?;I have a yoga class tonight.;He is not free tonight because of yoga class.;['Yes', 'No', 'Yes, subject to some conditions', 'In the middle, neither yes nor no', 'Other'];No
1708;Y has just told X that he/she is considering switching his/her job.;switching_jobs;1453;Do you like your boss?;He is such an unpleasant person.;She does not like her boss.;['Yes', 'No', 'Yes, subject to some conditions', 'In the middle, neither yes nor no', 'Other'];No
1709;X wants to know about Y's music preferences.;music_preferences;1454;Have you been to any music festivals?;I've been to Coachella a few times.;He had been to music festival many times especially in Coachella.;['Yes', 'No', 'Yes, subject to some conditions', 'In the middle, neither yes nor no', 'Other'];Yes
1710;X and Y are colleagues who are leaving work on a Friday at the same time.;colleagues_leaving_work;397;Aren't you glad it's Friday?;Normally I would be, but I have to work tomorrow.;She is not glad that it's friday, for having work tomorrow.;['Yes', 'No', 'Yes, subject to some conditions', 'In the middle, neither yes nor no', 'Other'];No
1711;X wants to know about Y's music preferences.;music_preferences;1455;Are you into rap?;Rap isn't my thing.;She isn't into rap.;['Yes', 'No', 'Yes, subject to some conditions', 'In the middle, neither yes nor no', 'Other'];No
1712;X wants to know about Y's music preferences.;music_preferences;1456;Do you like drum and bass?;My subwoofer shakes the entire house.;She likes drum and bass.;['Yes', 'No', 'Yes, subject to some conditions', 'In the middle, neither yes nor no', 'Other'];Yes
1713;Y has just told X that he/she is thinking of buying a flat in New York.;buying_a_flat;1457;Do you have a limit of what you want to pay?;I have a hard cap in mind.;She had a hard limit what she's wants to pay.;['Yes', 'No', 'Yes, subject to some conditions', 'In the middle, neither yes nor no', 'Other'];Yes
1714;Y has just travelled from a different city to meet X.;travelling_to_meet_someone;1458;Have you visited other friends recently?;I haven't seen many friends lately.;He has not seen many friends lately. So it seems he has not visited to any friend recently.;['Yes', 'No', 'Yes, subject to some conditions', 'In the middle, neither yes nor no', 'Other'];No
1715;X and Y are childhood neighbours who unexpectedly run into each other at a cafe.;meeting_childhood_neighbour;1459;Are you still friends with our other neighbor?;I keep in touch with them.;He is still in friendship with their other neighbour.;['Yes', 'No', 'Yes, subject to some conditions', 'In the middle, neither yes nor no', 'Other'];Yes
1716;X wants to know about Y's food preferences.;food_preferences;1460;Would you prefer a vegetarian restaurant?;It's always my first choice when dining out.;She prefers a vegetarian restaurant while dining out.;['Yes', 'No', 'Yes, subject to some conditions', 'In the middle, neither yes nor no', 'Other'];Yes
1717;X wants to know what sorts of books Y likes to read.;book_preferences;1461;Have you read the book 'The Secret'?;I never got around to it.;He did not read the book 'The Secret' yet.;['Yes', 'No', 'Yes, subject to some conditions', 'In the middle, neither yes nor no', 'Other'];No
1718;X wants to know about Y's music preferences.;music_preferences;865;Do you like hip hop music?;I prefer pop.;I prefer pop instead of hip hop.;['Yes', 'No', 'Yes, subject to some conditions', 'In the middle, neither yes nor no', 'Other'];No
1719;Y has just told X that he/she is thinking of buying a flat in New York.;buying_a_flat;1462;Any ideas on exactly where you'd like to buy?;I'm looking at Queens.;He is planning to buy a flat at Queens in New York.;['Yes', 'No', 'Yes, subject to some conditions', 'In the middle, neither yes nor no', 'Other'];Yes
1720;X and Y are childhood neighbours who unexpectedly run into each other at a cafe.;meeting_childhood_neighbour;1463;Want to exchange numbers and stay in touch?;I would love that.;She wants to exchange numbers and stay in touch.;['Yes', 'No', 'Yes, subject to some conditions', 'In the middle, neither yes nor no', 'Other'];Yes
1721;Y has just told X that he/she is considering switching his/her job.;switching_jobs;1464;Is your job a manual labor?;It actually is computer-related;His job is related to computer rather than manual labour.;['Yes', 'No', 'Yes, subject to some conditions', 'In the middle, neither yes nor no', 'Other'];No
1722;Y has just told X that he/she is thinking of buying a flat in New York.;buying_a_flat;1465;Is it expensive?;It's witin reason;It's not expensive.;['Yes', 'No', 'Yes, subject to some conditions', 'In the middle, neither yes nor no', 'Other'];No
1723;X wants to know about Y's food preferences.;food_preferences;1466;Have you ever tried deer?;I've had venison jerky before.;She had venison jerky before instead of deer.;['Yes', 'No', 'Yes, subject to some conditions', 'In the middle, neither yes nor no', 'Other'];Yes
1724;X and Y are colleagues who are leaving work on a Friday at the same time.;colleagues_leaving_work;1467;Did you lock the door?;The cleaning crew will lock it.;He did not lock the door as the cleaning crew will lock it .;['Yes', 'No', 'Yes, subject to some conditions', 'In the middle, neither yes nor no', 'Other'];No
1725;Y has just told X that he/she is considering switching his/her job.;switching_jobs;1468;Are you going to quit?;I really feel like I'm ready to move on.;She is going to quit and move on.;['Yes', 'No', 'Yes, subject to some conditions', 'In the middle, neither yes nor no', 'Other'];Yes
1726;X wants to know what activities Y likes to do during weekends.;weekend_activities;1364;Have you seen that new movie?;It was kind of boring compared to the last one.;He saw that new movie and found it very boring compared to the last one.;['Yes', 'No', 'Yes, subject to some conditions', 'In the middle, neither yes nor no', 'Other'];Yes
1727;X wants to know about Y's food preferences.;food_preferences;1469;Would you be willing to deal with a staff that's not super polite?;If the food is tasty I don't care about the servers.;She wouldn't mind to deal with a staff that's not super polite, if the food is tasty.;['Yes', 'No', 'Yes, subject to some conditions', 'In the middle, neither yes nor no', 'Other'];Yes
1728;Y has just told X that he/she is considering switching his/her job.;switching_jobs;1470;Do you like your colleagues?;I have a great team.;He likes his colleagues.;['Yes', 'No', 'Yes, subject to some conditions', 'In the middle, neither yes nor no', 'Other'];Yes
1729;X wants to know what activities Y likes to do during weekends.;weekend_activities;195;Do you like to drink?;Now and again I do;She likes to drink.;['Yes', 'No', 'Yes, subject to some conditions', 'In the middle, neither yes nor no', 'Other'];Yes
1730;Y has just moved into a neighbourhood and meets his/her new neighbour X.;meeting_new_neighbour;1471;Are you outgoing?;I turn into a chatterbox after a beer or two!;She does not want for outing.;['Yes', 'No', 'Yes, subject to some conditions', 'In the middle, neither yes nor no', 'Other'];Yes, subject to some conditions
1731;X wants to know about Y's music preferences.;music_preferences;1264;Do you have a favorite musician?;I have all of Jeff Buckley's CDs.;Jeff Buckley is his favourite musician.;['Yes', 'No', 'Yes, subject to some conditions', 'In the middle, neither yes nor no', 'Other'];Yes
1732;X wants to know what sorts of books Y likes to read.;book_preferences;1472;Do you like fiction?;I don't tend to read it very much.;He likes fiction but doesn't tend to read it very much.;['Yes', 'No', 'Yes, subject to some conditions', 'In the middle, neither yes nor no', 'Other'];No
1733;X and Y are colleagues who are leaving work on a Friday at the same time.;colleagues_leaving_work;1473;Would you like to stop for a drink with me?;I can't tonight;He wouldn't like to stop for a drink with her tonight.;['Yes', 'No', 'Yes, subject to some conditions', 'In the middle, neither yes nor no', 'Other'];No
1734;X wants to know what sorts of books Y likes to read.;book_preferences;294;Isn't Lord of the Rings boring?;It's long, but it's engaging.;Lord of the Rings is not boring though it's long.;['Yes', 'No', 'Yes, subject to some conditions', 'In the middle, neither yes nor no', 'Other'];No
1735;Y has just travelled from a different city to meet X.;travelling_to_meet_someone;1474;Do you want to go to the dog park with me in the morning?;that sounds like fun;She wants to go to the dog park which is the morning.;['Yes', 'No', 'Yes, subject to some conditions', 'In the middle, neither yes nor no', 'Other'];Yes
1736;X wants to know about Y's food preferences.;food_preferences;1475;Want to go out on Saturday night for a meal ?;I have a standing date with my niece on Saturdays.;He he is not able to go out on Saturday night for a meal, as he has standing date with his niece.;['Yes', 'No', 'Yes, subject to some conditions', 'In the middle, neither yes nor no', 'Other'];No
1737;Y has just told X that he/she is thinking of buying a flat in New York.;buying_a_flat;1476;Do you want to be on a floor high up?;I prefer a lower floor;He doesn't want to be on a floor high up.;['Yes', 'No', 'Yes, subject to some conditions', 'In the middle, neither yes nor no', 'Other'];No
1738;Y has just moved into a neighbourhood and meets his/her new neighbour X.;meeting_new_neighbour;1477;Do you live on your own ?;I live by myself.;She lives by her own.;['Yes', 'No', 'Yes, subject to some conditions', 'In the middle, neither yes nor no', 'Other'];Yes
1739;Y has just told X that he/she is thinking of buying a flat in New York.;buying_a_flat;1478;Can you afford to move to Manhattan?;That would be our preference.;He can afford to move to Manhattan and it's their preference.;['Yes', 'No', 'Yes, subject to some conditions', 'In the middle, neither yes nor no', 'Other'];Yes
1740;Y has just told X that he/she is thinking of buying a flat in New York.;buying_a_flat;1479;Want to live in a more affordable area of town?;I have to stick to a budget.;He wants to live in a more affordable area of town but it is out of budget.;['Yes', 'No', 'Yes, subject to some conditions', 'In the middle, neither yes nor no', 'Other'];Yes
1741;X and Y are colleagues who are leaving work on a Friday at the same time.;colleagues_leaving_work;1480;Are you taking any work home to do over the weekend?;A spreadsheet or two.;She is taking few spreadsheets to home to do over the weekend.;['Yes', 'No', 'Yes, subject to some conditions', 'In the middle, neither yes nor no', 'Other'];Yes
1742;X wants to know about Y's food preferences.;food_preferences;1334;What's your favorite type of cuisine?;Indian food is the best.;Indian food is his favorite type of cuisine.;['Yes', 'No', 'Yes, subject to some conditions', 'In the middle, neither yes nor no', 'Other'];Other
1743;Y has just told X that he/she is considering switching his/her job.;switching_jobs;1196;Are you bored in your current job?;I have a lot of fun at my job.;He is not bored with his current job, as there is lots of fun.;['Yes', 'No', 'Yes, subject to some conditions', 'In the middle, neither yes nor no', 'Other'];No
1744;X wants to know what activities Y likes to do during weekends.;weekend_activities;1481;Are you any good at water volleyball?;If the water is shallow.;She is good at water volleyball if there is shallow water.;['Yes', 'No', 'Yes, subject to some conditions', 'In the middle, neither yes nor no', 'Other'];Yes, subject to some conditions
1745;X wants to know about Y's food preferences.;food_preferences;1482;Do you like ethnic foods?;Nothing beats African dishes.;He does not like ethnic food as nothing beats American dishes to him.;['Yes', 'No', 'Yes, subject to some conditions', 'In the middle, neither yes nor no', 'Other'];Yes
1746;X wants to know what activities Y likes to do during weekends.;weekend_activities;1483;Do you like playing sports?;I really enjoy soccer.;She likes playing sports specially soccer.;['Yes', 'No', 'Yes, subject to some conditions', 'In the middle, neither yes nor no', 'Other'];Yes
1747;Y has just told X that he/she is considering switching his/her job.;switching_jobs;136;Is it in the same industry?;It's a different company in the same industry.;It's in the same industry but it's a different company.;['Yes', 'No', 'Yes, subject to some conditions', 'In the middle, neither yes nor no', 'Other'];Yes
1748;Y has just told X that he/she is considering switching his/her job.;switching_jobs;1484;Do you think the other job has more to offer?;The salary is a lot better.;He thinks that other job has not more offers because of their low salaries.;['Yes', 'No', 'Yes, subject to some conditions', 'In the middle, neither yes nor no', 'Other'];Yes
1749;Y has just travelled from a different city to meet X.;travelling_to_meet_someone;1268;Did you came alone?;I'm flying solo.;She came alone.;['Yes', 'No', 'Yes, subject to some conditions', 'In the middle, neither yes nor no', 'Other'];Yes
1750;Y has just told X that he/she is thinking of buying a flat in New York.;buying_a_flat;1485;Is the neighborhood safe?;The crime rate report is good;The neighbourhood is safe as the crime rate report is good.;['Yes', 'No', 'Yes, subject to some conditions', 'In the middle, neither yes nor no', 'Other'];Yes
1751;X wants to know what activities Y likes to do during weekends.;weekend_activities;1486;Do you like local theater?;Only musicals.;He likes local theater if it's musical.;['Yes', 'No', 'Yes, subject to some conditions', 'In the middle, neither yes nor no', 'Other'];Yes, subject to some conditions
1752;Y has just moved into a neighbourhood and meets his/her new neighbour X.;meeting_new_neighbour;1316;Do you live in this city?;Just moved here two weeks ago.;She is staying in the City from last two weeks.;['Yes', 'No', 'Yes, subject to some conditions', 'In the middle, neither yes nor no', 'Other'];Yes
1753;X wants to know what sorts of books Y likes to read.;book_preferences;1487;Do you like historical fiction?;When the writing is good.;He likes historical fiction if the writing is good.;['Yes', 'No', 'Yes, subject to some conditions', 'In the middle, neither yes nor no', 'Other'];Yes, subject to some conditions
1754;X wants to know about Y's music preferences.;music_preferences;1488;Do you like songs with acoustic guitar?;I have been learning acoustic guitar.;He likes songs with acoustic guitar and he learn acoustic guitar.;['Yes', 'No', 'Yes, subject to some conditions', 'In the middle, neither yes nor no', 'Other'];Yes
1755;X wants to know what activities Y likes to do during weekends.;weekend_activities;93;Do you enjoy the theater?;Only if it's to see a comedy.;She likes theater during weekends if there is comedy show.;['Yes', 'No', 'Yes, subject to some conditions', 'In the middle, neither yes nor no', 'Other'];Yes, subject to some conditions
1756;X wants to know what sorts of books Y likes to read.;book_preferences;1489;Have you heard of Tolkien?;Lord of the Rings was really good.;He knows about Tolkein.;['Yes', 'No', 'Yes, subject to some conditions', 'In the middle, neither yes nor no', 'Other'];Yes
1757;Y has just told X that he/she is considering switching his/her job.;switching_jobs;1490;Do you need experience?;it is always handy to have;He doesnt need experience as it is always handy.;['Yes', 'No', 'Yes, subject to some conditions', 'In the middle, neither yes nor no', 'Other'];Yes
1758;X wants to know about Y's food preferences.;food_preferences;1491;Do you like to eat fast food?;at weekends I do;She likes fast foods at weekends.;['Yes', 'No', 'Yes, subject to some conditions', 'In the middle, neither yes nor no', 'Other'];Yes, subject to some conditions
1759;Y has just told X that he/she is thinking of buying a flat in New York.;buying_a_flat;1492;Is it near the subway?;It's two blocks away.;It is  not near the subway but it's two blocks away.;['Yes', 'No', 'Yes, subject to some conditions', 'In the middle, neither yes nor no', 'Other'];Yes
1760;Y has just travelled from a different city to meet X.;travelling_to_meet_someone;1493;Do you hate crowds?;Crowds make me nervous.;She hates crowds as it makes her nervous.;['Yes', 'No', 'Yes, subject to some conditions', 'In the middle, neither yes nor no', 'Other'];Yes
1761;X wants to know what activities Y likes to do during weekends.;weekend_activities;1494;Do you enjoy playing sports?;I prefer watching sports.;He prefers watching sports rather than playing.;['Yes', 'No', 'Yes, subject to some conditions', 'In the middle, neither yes nor no', 'Other'];No
1762;X wants to know about Y's music preferences.;music_preferences;1455;Are you into rap?;Only when it's older.;He likes rap if it's old.;['Yes', 'No', 'Yes, subject to some conditions', 'In the middle, neither yes nor no', 'Other'];Yes, subject to some conditions
1763;X wants to know about Y's food preferences.;food_preferences;1495;Do you prefer to eat healthy food?;I'm a junk food junkie.;She prefers to eat junk food instead of healthy foods.;['Yes', 'No', 'Yes, subject to some conditions', 'In the middle, neither yes nor no', 'Other'];No
1764;Y has just told X that he/she is thinking of buying a flat in New York.;buying_a_flat;1496;Isn't it really expensive?;The prices are sky high.;The flat is really expensive in New York.;['Yes', 'No', 'Yes, subject to some conditions', 'In the middle, neither yes nor no', 'Other'];Yes
1765;X wants to know about Y's music preferences.;music_preferences;1497;Would you start a band?;I gave up performing.;He won't start band as he left performing.;['Yes', 'No', 'Yes, subject to some conditions', 'In the middle, neither yes nor no', 'Other'];No
1766;Y has just moved into a neighbourhood and meets his/her new neighbour X.;meeting_new_neighbour;1498;Do you like in arts?;Depends on the type of art.;I like arts depending on its types.;['Yes', 'No', 'Yes, subject to some conditions', 'In the middle, neither yes nor no', 'Other'];Yes, subject to some conditions
1767;X wants to know what activities Y likes to do during weekends.;weekend_activities;1499;Have you gone out to eat recently?;I was out last night.;She went out to eat last night.;['Yes', 'No', 'Yes, subject to some conditions', 'In the middle, neither yes nor no', 'Other'];Yes
1768;X wants to know what sorts of books Y likes to read.;book_preferences;1500;Do you like crime and mystery?;Crime and mystery are my favorite genre.;He likes crime and mistery because it is good favourite genre.;['Yes', 'No', 'Yes, subject to some conditions', 'In the middle, neither yes nor no', 'Other'];Yes
1769;X wants to know what sorts of books Y likes to read.;book_preferences;1501;Do you have any recommendations for me?;I think you'd like this romance I just finished.;He had recommendation for her that she would like the romance.;['Yes', 'No', 'Yes, subject to some conditions', 'In the middle, neither yes nor no', 'Other'];Yes
1770;Y has just travelled from a different city to meet X.;travelling_to_meet_someone;1502;Do you like where you live?;My apartment is very nice.;He likes to live in his apartment.;['Yes', 'No', 'Yes, subject to some conditions', 'In the middle, neither yes nor no', 'Other'];Yes
1771;X wants to know what activities Y likes to do during weekends.;weekend_activities;1256;Do you like to eat out?;I love to eat out;She likes to eat out.;['Yes', 'No', 'Yes, subject to some conditions', 'In the middle, neither yes nor no', 'Other'];Yes
1772;X wants to know about Y's music preferences.;music_preferences;324;Are you a fan of movie soundtracks?;I love the mix of songs in many movies.;I am a fan of movie soundtracks of many movies.;['Yes', 'No', 'Yes, subject to some conditions', 'In the middle, neither yes nor no', 'Other'];Yes
1773;X and Y are childhood neighbours who unexpectedly run into each other at a cafe.;meeting_childhood_neighbour;1503;Do you remember what we got up to as children?;I cherish those memories.;I remember all the memories of childhood.;['Yes', 'No', 'Yes, subject to some conditions', 'In the middle, neither yes nor no', 'Other'];Yes
1774;X and Y are colleagues who are leaving work on a Friday at the same time.;colleagues_leaving_work;89;Do you want to go for brunch tomorrow?;I've booked us seats.;She wants to go for brunch tomorrow and she already booed their seats.;['Yes', 'No', 'Yes, subject to some conditions', 'In the middle, neither yes nor no', 'Other'];Yes
1775;Y has just told X that he/she is considering switching his/her job.;switching_jobs;1504;Will you have a longer commute if you switch?;It'll actually be a shorter drive.;His commute will be shorter drive if he switch his job.;['Yes', 'No', 'Yes, subject to some conditions', 'In the middle, neither yes nor no', 'Other'];No
1776;Y has just moved into a neighbourhood and meets his/her new neighbour X.;meeting_new_neighbour;1358;Do you like to watch movies?;Every Friday night;She likes to watch movies every Friday night.;['Yes', 'No', 'Yes, subject to some conditions', 'In the middle, neither yes nor no', 'Other'];Yes
1777;Y has just moved into a neighbourhood and meets his/her new neighbour X.;meeting_new_neighbour;1505;Do you like fancy cars?;The fancier the car, the better.;I like fancy cars as the fancier the car is better.;['Yes', 'No', 'Yes, subject to some conditions', 'In the middle, neither yes nor no', 'Other'];Yes
1778;X wants to know about Y's music preferences.;music_preferences;1506;Have you been to a lot of live concerts?;only a few over the years;He has attended live concerts only the few over years .;['Yes', 'No', 'Yes, subject to some conditions', 'In the middle, neither yes nor no', 'Other'];No
1779;X wants to know what activities Y likes to do during weekends.;weekend_activities;1194;Can you play football?;I played football in school.;He can play football as he used to play in school.;['Yes', 'No', 'Yes, subject to some conditions', 'In the middle, neither yes nor no', 'Other'];Yes
1780;X wants to know what activities Y likes to do during weekends.;weekend_activities;1507;Do you workout?;I just bought a gym membership.;He works out and recently baught a gym membership.;['Yes', 'No', 'Yes, subject to some conditions', 'In the middle, neither yes nor no', 'Other'];Yes
1781;X wants to know about Y's music preferences.;music_preferences;1508;Do you listen to Country music?;I listen to it when I'm doing chores.;She listens to country music while doing chores;['Yes', 'No', 'Yes, subject to some conditions', 'In the middle, neither yes nor no', 'Other'];Yes
1782;X wants to know what sorts of books Y likes to read.;book_preferences;1242;Do you like salmon?;Smoked salmon makes a good starter;I like smoked salmon as a good starter.;['Yes', 'No', 'Yes, subject to some conditions', 'In the middle, neither yes nor no', 'Other'];Yes
1783;Y has just travelled from a different city to meet X.;travelling_to_meet_someone;1509;Are you happy?;I'm always pretty chipper these days.;He is not happy these days.;['Yes', 'No', 'Yes, subject to some conditions', 'In the middle, neither yes nor no', 'Other'];Yes
1784;Y has just told X that he/she is considering switching his/her job.;switching_jobs;1510;Do you work at an office?;I'm at a co-working space these days.;She is writing at a office.;['Yes', 'No', 'Yes, subject to some conditions', 'In the middle, neither yes nor no', 'Other'];No
1785;Y has just travelled from a different city to meet X.;travelling_to_meet_someone;1511;Do you want to go hiking?;If we can go to the park first.;He wants to go for hiking but after being in the park.;['Yes', 'No', 'Yes, subject to some conditions', 'In the middle, neither yes nor no', 'Other'];Yes, subject to some conditions
1786;X wants to know about Y's music preferences.;music_preferences;74;Do you play the piano?;I try to practice once a week.;She plays the piano and she practice it once in a week .;['Yes', 'No', 'Yes, subject to some conditions', 'In the middle, neither yes nor no', 'Other'];Yes
1787;X wants to know about Y's music preferences.;music_preferences;1512;Do you like going to concerts?;I go every week!;He likes to go to concerts every week.;['Yes', 'No', 'Yes, subject to some conditions', 'In the middle, neither yes nor no', 'Other'];Yes
1788;Y has just told X that he/she is considering switching his/her job.;switching_jobs;1513;Do you like your co-workers?;I try to avoid them as much as possible.;She doesn't like her co-workers, so she tries to avoid them as much as possible.;['Yes', 'No', 'Yes, subject to some conditions', 'In the middle, neither yes nor no', 'Other'];No
1789;Y has just told X that he/she is thinking of buying a flat in New York.;buying_a_flat;1514;Can you afford to buy a flat in New York?;No one can, but everyone does!;He cannot afford to buy a flat in New York but he may try.;['Yes', 'No', 'Yes, subject to some conditions', 'In the middle, neither yes nor no', 'Other'];In the middle, neither yes nor no
1790;X wants to know what activities Y likes to do during weekends.;weekend_activities;1515;Do you like going out to bars?;at the weekends I do;She likes going out to bars at the weekends.;['Yes', 'No', 'Yes, subject to some conditions', 'In the middle, neither yes nor no', 'Other'];Yes
1791;Y has just moved into a neighbourhood and meets his/her new neighbour X.;meeting_new_neighbour;1516;Do you always have parties?;Only when it's my birthday.;She doesn't have party frequently except her birthday.;['Yes', 'No', 'Yes, subject to some conditions', 'In the middle, neither yes nor no', 'Other'];Yes, subject to some conditions
1792;Y has just told X that he/she is considering switching his/her job.;switching_jobs;1517;Will you be able to work from home?;Most of the work would be done remotely.;He is able to work from home as most of the work would be done remotely.;['Yes', 'No', 'Yes, subject to some conditions', 'In the middle, neither yes nor no', 'Other'];Yes
1793;Y has just told X that he/she is considering switching his/her job.;switching_jobs;82;Do you like working the production line?;I prefer working at a desk.;He prefers working at a desk rather than working the production line.;['Yes', 'No', 'Yes, subject to some conditions', 'In the middle, neither yes nor no', 'Other'];No
1794;Y has just moved into a neighbourhood and meets his/her new neighbour X.;meeting_new_neighbour;1518;Are you familiar with the area?;I've only been here once before.;He is not familiar with the area.;['Yes', 'No', 'Yes, subject to some conditions', 'In the middle, neither yes nor no', 'Other'];No
1795;Y has just told X that he/she is thinking of buying a flat in New York.;buying_a_flat;157;Do you love fast life?;I prefer slower paced;She prefer slower paced rather than fast life.;['Yes', 'No', 'Yes, subject to some conditions', 'In the middle, neither yes nor no', 'Other'];No
1796;X wants to know about Y's music preferences.;music_preferences;1519;Have you heard the new Drake album yet?;I don't like Drake's music.;He didn't heard the new Drake album yet as he doesn't like its music.;['Yes', 'No', 'Yes, subject to some conditions', 'In the middle, neither yes nor no', 'Other'];No
1797;X and Y are childhood neighbours who unexpectedly run into each other at a cafe.;meeting_childhood_neighbour;1520;Do your folks still live it the same place?;Their whole married lives!;His folks still live it the same place.;['Yes', 'No', 'Yes, subject to some conditions', 'In the middle, neither yes nor no', 'Other'];Yes
1798;X wants to know about Y's music preferences.;music_preferences;1521;Are you a fan of Hip Hop?;Some of it is okay;He likes some of hip hop.;['Yes', 'No', 'Yes, subject to some conditions', 'In the middle, neither yes nor no', 'Other'];Yes
1799;X wants to know about Y's music preferences.;music_preferences;1522;Do you have a favourite instrument?;There are too many to choose from;There are too many istruments to choose from. So it seems she has not any favourtie instrument.;['Yes', 'No', 'Yes, subject to some conditions', 'In the middle, neither yes nor no', 'Other'];No
1800;Y has just told X that he/she is considering switching his/her job.;switching_jobs;1523;Do you enjoy working in a team environment?;I like having other people to bounce ideas off of.;He enjoys enjoy working in a team environment becuse  other people bounce their ideas.;['Yes', 'No', 'Yes, subject to some conditions', 'In the middle, neither yes nor no', 'Other'];Yes
1801;Y has just told X that he/she is thinking of buying a flat in New York.;buying_a_flat;1431;Are you looking for a place with more than one bathroom?;We'd like two.;I am looking for a place with more than one bathroom.;['Yes', 'No', 'Yes, subject to some conditions', 'In the middle, neither yes nor no', 'Other'];Yes
1802;Y has just travelled from a different city to meet X.;travelling_to_meet_someone;1524;Were you able to sleep during the travel?;I slept a little;She sleep little during the travel.;['Yes', 'No', 'Yes, subject to some conditions', 'In the middle, neither yes nor no', 'Other'];Yes
1803;Y has just told X that he/she is considering switching his/her job.;switching_jobs;1525;Do you have to travel?;I do at the moment;He has to travel.;['Yes', 'No', 'Yes, subject to some conditions', 'In the middle, neither yes nor no', 'Other'];Yes
1804;X wants to know about Y's food preferences.;food_preferences;1526;Have you tried the new Thai restaurant at the Galleria?;I do not like Thai food;I didn't try the new Thai restaurant at the Galleria because I don't prefer Thai food.;['Yes', 'No', 'Yes, subject to some conditions', 'In the middle, neither yes nor no', 'Other'];No
1805;X wants to know about Y's music preferences.;music_preferences;324;Are you a fan of movie soundtracks?;Some are quite good.;I am a fan of some movie soundtracks.;['Yes', 'No', 'Yes, subject to some conditions', 'In the middle, neither yes nor no', 'Other'];Yes
1806;X wants to know about Y's food preferences.;food_preferences;1527;Do you want to try that new Japanese place?;I would prefer Mexican.;He doesn't want to try that new Japanese place as he prefers Mexican.;['Yes', 'No', 'Yes, subject to some conditions', 'In the middle, neither yes nor no', 'Other'];No
1807;X wants to know about Y's music preferences.;music_preferences;1383;Would you prefer live music?;When it's oldies.;He prefers live music if it's old.;['Yes', 'No', 'Yes, subject to some conditions', 'In the middle, neither yes nor no', 'Other'];Yes, subject to some conditions
1808;Y has just told X that he/she is considering switching his/her job.;switching_jobs;1528;Do you feel appreciated?;I am loved.;She feels appreciated.;['Yes', 'No', 'Yes, subject to some conditions', 'In the middle, neither yes nor no', 'Other'];Yes
1809;Y has just moved into a neighbourhood and meets his/her new neighbour X.;meeting_new_neighbour;1529;Have you ever been to a different country?;I have a few times;He has been to a different countries few times.;['Yes', 'No', 'Yes, subject to some conditions', 'In the middle, neither yes nor no', 'Other'];Yes
1810;Y has just moved into a neighbourhood and meets his/her new neighbour X.;meeting_new_neighbour;1530;Do you sleep in late?;I do sleep in on my days off.;He sleeps alot.;['Yes', 'No', 'Yes, subject to some conditions', 'In the middle, neither yes nor no', 'Other'];Yes
1811;X wants to know about Y's music preferences.;music_preferences;1192;Do you like concerts?;I usually do;She likes concerts.;['Yes', 'No', 'Yes, subject to some conditions', 'In the middle, neither yes nor no', 'Other'];Yes
1812;X and Y are childhood neighbours who unexpectedly run into each other at a cafe.;meeting_childhood_neighbour;1531;Do you still play piano?;I have arthritis.;I don't paly piano now because of my arthritis.;['Yes', 'No', 'Yes, subject to some conditions', 'In the middle, neither yes nor no', 'Other'];No
1813;X and Y are childhood neighbours who unexpectedly run into each other at a cafe.;meeting_childhood_neighbour;1532;What work did you end up doing?;I've got a job in IT.;His job is in IT.;['Yes', 'No', 'Yes, subject to some conditions', 'In the middle, neither yes nor no', 'Other'];Other
1814;X wants to know about Y's music preferences.;music_preferences;1533;Have you heard any decent rock music lately?;I'm trying to find something I like.;He hasn't heard any decent rock music lately.;['Yes', 'No', 'Yes, subject to some conditions', 'In the middle, neither yes nor no', 'Other'];No
1815;X and Y are colleagues who are leaving work on a Friday at the same time.;colleagues_leaving_work;1534;Did you have a good week?;it was better than expected;He had a good week better than expected.;['Yes', 'No', 'Yes, subject to some conditions', 'In the middle, neither yes nor no', 'Other'];Yes
1816;Y has just told X that he/she is considering switching his/her job.;switching_jobs;1535;Are you getting benefits?;benefits are included at my job.;I am getting benifits as it is included in my job.;['Yes', 'No', 'Yes, subject to some conditions', 'In the middle, neither yes nor no', 'Other'];Yes
1817;X wants to know about Y's food preferences.;food_preferences;1536;What is your favorite food?;I like lots of things;He has many favorite foods.;['Yes', 'No', 'Yes, subject to some conditions', 'In the middle, neither yes nor no', 'Other'];Other
1818;Y has just told X that he/she is considering switching his/her job.;switching_jobs;1537;Are you a manager?;I wish!;She is not a manager.;['Yes', 'No', 'Yes, subject to some conditions', 'In the middle, neither yes nor no', 'Other'];No
1819;X wants to know what sorts of books Y likes to read.;book_preferences;1538;Are you a fan of series?;I love bingeing shows.;She is a fan of bingeing shows.;['Yes', 'No', 'Yes, subject to some conditions', 'In the middle, neither yes nor no', 'Other'];Yes
1820;X wants to know what sorts of books Y likes to read.;book_preferences;1539;Did you enjoy reading the last Harry Potter book ?;The sixth was my favorite.;He likes reading the last Harry Potter book.;['Yes', 'No', 'Yes, subject to some conditions', 'In the middle, neither yes nor no', 'Other'];In the middle, neither yes nor no
1821;X wants to know what activities Y likes to do during weekends.;weekend_activities;1540;is there an activity you really enjoy doing?\\;there is a few I like to do;She likes to do few activities.;['Yes', 'No', 'Yes, subject to some conditions', 'In the middle, neither yes nor no', 'Other'];Yes
1822;X and Y are childhood neighbours who unexpectedly run into each other at a cafe.;meeting_childhood_neighbour;1218;Do you like cookies?;I am a cookie fiend.;He is a cookie fiend. So it seems he doesn't ike cookies.;['Yes', 'No', 'Yes, subject to some conditions', 'In the middle, neither yes nor no', 'Other'];Yes
1823;X and Y are childhood neighbours who unexpectedly run into each other at a cafe.;meeting_childhood_neighbour;1181;Are you still as fun as you were when we were young?;I am old and tired now.;She is not as fun as she was young.;['Yes', 'No', 'Yes, subject to some conditions', 'In the middle, neither yes nor no', 'Other'];No
1824;Y has just travelled from a different city to meet X.;travelling_to_meet_someone;292;Are you staying here for a few weeks?;I can only stay the weekend.;I am not staying here for a few weeks.;['Yes', 'No', 'Yes, subject to some conditions', 'In the middle, neither yes nor no', 'Other'];No
1825;Y has just told X that he/she is thinking of buying a flat in New York.;buying_a_flat;1541;Does the flat have more than 200 square feet?;It's smaller than that.;The flat is not more than 200 square feet.;['Yes', 'No', 'Yes, subject to some conditions', 'In the middle, neither yes nor no', 'Other'];No
1826;Y has just told X that he/she is considering switching his/her job.;switching_jobs;1542;Do you get along with your coworkers?;We're really good friends in and outside of work.;He has to works with his co-workers.;['Yes', 'No', 'Yes, subject to some conditions', 'In the middle, neither yes nor no', 'Other'];Yes
1827;X and Y are childhood neighbours who unexpectedly run into each other at a cafe.;meeting_childhood_neighbour;1543;Are your parents doing well?;My mom is super spry for her age.;Her parents are doing well.;['Yes', 'No', 'Yes, subject to some conditions', 'In the middle, neither yes nor no', 'Other'];Yes
1828;X wants to know about Y's music preferences.;music_preferences;1544;Have you been to a music festival this year?;I can't handle crowds.;She didn't attend any music festival this year as she doesn,t like crowds.;['Yes', 'No', 'Yes, subject to some conditions', 'In the middle, neither yes nor no', 'Other'];No
1829;X and Y are childhood neighbours who unexpectedly run into each other at a cafe.;meeting_childhood_neighbour;1545;Should I give you my number?;You're already in my phone.;He already have her number.;['Yes', 'No', 'Yes, subject to some conditions', 'In the middle, neither yes nor no', 'Other'];No
1830;X wants to know about Y's music preferences.;music_preferences;24;Want to go see a musical?;that would be nice;She wants to go see a musical.;['Yes', 'No', 'Yes, subject to some conditions', 'In the middle, neither yes nor no', 'Other'];Yes
1831;X wants to know about Y's music preferences.;music_preferences;1546;Would you listen to Kpop?;It makes me happy.;She listen listen to Kpop.;['Yes', 'No', 'Yes, subject to some conditions', 'In the middle, neither yes nor no', 'Other'];Yes
1832;X wants to know about Y's food preferences.;food_preferences;1547;Have you tried Valentina's BBQ?;I have not.;I didn't try Valentina's BBQ yet.;['Yes', 'No', 'Yes, subject to some conditions', 'In the middle, neither yes nor no', 'Other'];No
1833;Y has just told X that he/she is thinking of buying a flat in New York.;buying_a_flat;1548;Do you have cash saved up for a down payment?;I can't manage 20% in this market but do have $20,000.;He has cash saved up for a down payment.;['Yes', 'No', 'Yes, subject to some conditions', 'In the middle, neither yes nor no', 'Other'];In the middle, neither yes nor no
1834;X wants to know what activities Y likes to do during weekends.;weekend_activities;1368;Have you been to the new adventure park?;I plan to go next weekend.;She didn't go to the new adventure park yet but she is planning it for next week.;['Yes', 'No', 'Yes, subject to some conditions', 'In the middle, neither yes nor no', 'Other'];No
1835;X and Y are childhood neighbours who unexpectedly run into each other at a cafe.;meeting_childhood_neighbour;380;Are you still living in San Antonio?;I just relocated to Atlanta.;He isn't still living in San Antonio.;['Yes', 'No', 'Yes, subject to some conditions', 'In the middle, neither yes nor no', 'Other'];No
1836;X wants to know what sorts of books Y likes to read.;book_preferences;1363;Do you enjoy being shocked by an ending?;Surprise is great in a book.;I enjoy being shocked by an ending as I like surprises in a book.;['Yes', 'No', 'Yes, subject to some conditions', 'In the middle, neither yes nor no', 'Other'];Yes
1837;Y has just moved into a neighbourhood and meets his/her new neighbour X.;meeting_new_neighbour;1549;Is travelling something you enjoy?;I like visiting friends when I can.;He likes travelling when he can.;['Yes', 'No', 'Yes, subject to some conditions', 'In the middle, neither yes nor no', 'Other'];Yes
1838;Y has just told X that he/she is thinking of buying a flat in New York.;buying_a_flat;1550;Do you mind having a room mate?;Sharing is always more interesting.;She wouldn't mind having a roommate.;['Yes', 'No', 'Yes, subject to some conditions', 'In the middle, neither yes nor no', 'Other'];No
1839;Y has just moved into a neighbourhood and meets his/her new neighbour X.;meeting_new_neighbour;1551;Do you enjoy the summer weather?;I am dreading winter.;She likes summer as winter is dreading to her.;['Yes', 'No', 'Yes, subject to some conditions', 'In the middle, neither yes nor no', 'Other'];Yes
1840;Y has just told X that he/she is considering switching his/her job.;switching_jobs;1552;Do you work in tech?;I'm a tech supervisor.;He works in tech as a supervisor.;['Yes', 'No', 'Yes, subject to some conditions', 'In the middle, neither yes nor no', 'Other'];Yes
1841;X wants to know about Y's food preferences.;food_preferences;1410;Is fast food okay with you?;that is good for me;Fast food is okay with me.;['Yes', 'No', 'Yes, subject to some conditions', 'In the middle, neither yes nor no', 'Other'];Yes
1842;Y has just travelled from a different city to meet X.;travelling_to_meet_someone;1553;Was it a smooth trip?;It was a bumpy ride, man!;The trip was not smooth, It was a bumpy ride.;['Yes', 'No', 'Yes, subject to some conditions', 'In the middle, neither yes nor no', 'Other'];No
1843;Y has just moved into a neighbourhood and meets his/her new neighbour X.;meeting_new_neighbour;1233;Are you extroverted?;I'm really shy.;She isn't extroverted.;['Yes', 'No', 'Yes, subject to some conditions', 'In the middle, neither yes nor no', 'Other'];No
1844;Y has just travelled from a different city to meet X.;travelling_to_meet_someone;1554;Do you want some time on your own to explore?;I'd rather hang out with you.;She doesn't want some time on he. own to explore.;['Yes', 'No', 'Yes, subject to some conditions', 'In the middle, neither yes nor no', 'Other'];No
1845;Y has just travelled from a different city to meet X.;travelling_to_meet_someone;1555;Do you want to go for a drink?;I don't drink booze.;She doesn't drink booze, so she doesn't want to go for it.;['Yes', 'No', 'Yes, subject to some conditions', 'In the middle, neither yes nor no', 'Other'];No
1846;Y has just travelled from a different city to meet X.;travelling_to_meet_someone;1556;How is your family?;They are well, thank you!;Her family is well.;['Yes', 'No', 'Yes, subject to some conditions', 'In the middle, neither yes nor no', 'Other'];Other
1847;Y has just moved into a neighbourhood and meets his/her new neighbour X.;meeting_new_neighbour;1557;Have you visited any of the local tourist locations?;I've been to the monument.;She visited to the monument for local tour.;['Yes', 'No', 'Yes, subject to some conditions', 'In the middle, neither yes nor no', 'Other'];Yes
1848;X wants to know about Y's food preferences.;food_preferences;1558;Are you into experimental cuisine?;Trying new things is exciting.;She tries to have experimental cuisine.;['Yes', 'No', 'Yes, subject to some conditions', 'In the middle, neither yes nor no', 'Other'];Yes
1849;X wants to know about Y's music preferences.;music_preferences;1559;Have you been to any festivals?;I went to a couple as a teenager.;He doesn't like festivals.;['Yes', 'No', 'Yes, subject to some conditions', 'In the middle, neither yes nor no', 'Other'];Yes
1850;X and Y are childhood neighbours who unexpectedly run into each other at a cafe.;meeting_childhood_neighbour;288;Are you still in touch with friends from our old neighborhood?;I don't know how to get a hold of any of them anymore.;She isn't in touch with friends from their old neighborhood.;['Yes', 'No', 'Yes, subject to some conditions', 'In the middle, neither yes nor no', 'Other'];No
1851;Y has just travelled from a different city to meet X.;travelling_to_meet_someone;1560;Shall I book a table at my favourite restaurant tomorrow night?;that would be nice;He wants to go to her favourite restaurant tomorrow night.;['Yes', 'No', 'Yes, subject to some conditions', 'In the middle, neither yes nor no', 'Other'];Yes
1852;Y has just told X that he/she is considering switching his/her job.;switching_jobs;1561;Is your job related to IT?;It's in a related field.;His job is related to IT.;['Yes', 'No', 'Yes, subject to some conditions', 'In the middle, neither yes nor no', 'Other'];Yes
1853;X wants to know what sorts of books Y likes to read.;book_preferences;1562;Do you like like talking about books with others?;I often discuss what I'm reading with people.;She likes talking about books with others.;['Yes', 'No', 'Yes, subject to some conditions', 'In the middle, neither yes nor no', 'Other'];Yes
1854;X wants to know what activities Y likes to do during weekends.;weekend_activities;1563;do you like adventure?;It's my middle name.;He likes adventure as it's his middle name.;['Yes', 'No', 'Yes, subject to some conditions', 'In the middle, neither yes nor no', 'Other'];Yes
1855;Y has just told X that he/she is considering switching his/her job.;switching_jobs;1564;Do you have to deal with technology?;I'll use a computer everyday.;She will have to deal with technology.;['Yes', 'No', 'Yes, subject to some conditions', 'In the middle, neither yes nor no', 'Other'];Yes
1856;X wants to know what sorts of books Y likes to read.;book_preferences;1384;Is fiction what you're mostly into?;I like created worlds.;He likes created worlds , so fiction too.;['Yes', 'No', 'Yes, subject to some conditions', 'In the middle, neither yes nor no', 'Other'];Yes
1857;X wants to know about Y's music preferences.;music_preferences;259;Have you played an instrument?;It's always been a dream.;She doesn't paly any instrument.;['Yes', 'No', 'Yes, subject to some conditions', 'In the middle, neither yes nor no', 'Other'];No
1858;Y has just told X that he/she is considering switching his/her job.;switching_jobs;594;Do you get on with your current colleagues?;My coworkers and I get along pretty well.;She is doing her work well along with her current colleagues.;['Yes', 'No', 'Yes, subject to some conditions', 'In the middle, neither yes nor no', 'Other'];Yes
1859;X wants to know about Y's food preferences.;food_preferences;1565;Do you like tex-mex food?;I prefer Japanese.;I prefer Japanese foods instead of tex-mex.;['Yes', 'No', 'Yes, subject to some conditions', 'In the middle, neither yes nor no', 'Other'];No
1860;X wants to know what activities Y likes to do during weekends.;weekend_activities;828;Have you been to that new restaurant?;I've been really busy lately.;He hasn't been to that new restaurant yet due to some busy schedule.;['Yes', 'No', 'Yes, subject to some conditions', 'In the middle, neither yes nor no', 'Other'];No
1861;X and Y are childhood neighbours who unexpectedly run into each other at a cafe.;meeting_childhood_neighbour;1566;Is everything good with you?;I've been very ill.;She was not feeling well due to serious illness.;['Yes', 'No', 'Yes, subject to some conditions', 'In the middle, neither yes nor no', 'Other'];No
1862;X wants to know what sorts of books Y likes to read.;book_preferences;1567;Have you ever ready Stephen King books?;I read The Shining when I was a teen.;He read The Shining of Stephen King when's he was a teen.;['Yes', 'No', 'Yes, subject to some conditions', 'In the middle, neither yes nor no', 'Other'];Yes
1863;Y has just told X that he/she is considering switching his/her job.;switching_jobs;1568;Have you been looking for awhile?;I looked for a few months.;She was looking for a few months to switch the job .;['Yes', 'No', 'Yes, subject to some conditions', 'In the middle, neither yes nor no', 'Other'];Yes
1864;X wants to know what sorts of books Y likes to read.;book_preferences;1569;Have you heard about Jojo Moyes new book?;I'm not a fan of romance novels.;He didn't heard about  Jojo Moyes new book as he doesn't like romance novels.;['Yes', 'No', 'Yes, subject to some conditions', 'In the middle, neither yes nor no', 'Other'];In the middle, neither yes nor no
1865;Y has just told X that he/she is considering switching his/her job.;switching_jobs;1570;Did you like your previous job?;I hated it, which is why I needed a change.;She hates her previous job.;['Yes', 'No', 'Yes, subject to some conditions', 'In the middle, neither yes nor no', 'Other'];No
1866;Y has just told X that he/she is considering switching his/her job.;switching_jobs;1571;Do you work with a lot of people?;Our team is small.;She works with a small team insted of lot people.;['Yes', 'No', 'Yes, subject to some conditions', 'In the middle, neither yes nor no', 'Other'];No
1867;Y has just moved into a neighbourhood and meets his/her new neighbour X.;meeting_new_neighbour;1572;Did you buy the 2 story victorian;I don't know who bought that one but it was't me.;I nither bought the 2 story victorian nor know who bought that.;['Yes', 'No', 'Yes, subject to some conditions', 'In the middle, neither yes nor no', 'Other'];No
1868;X wants to know about Y's food preferences.;food_preferences;1573;Does Italian food appeal to you?;Lasagna's my favorite food.;He likes Italian food specially Lasagna.;['Yes', 'No', 'Yes, subject to some conditions', 'In the middle, neither yes nor no', 'Other'];Yes
1869;Y has just moved into a neighbourhood and meets his/her new neighbour X.;meeting_new_neighbour;1574;Do you drink alcoholic beverages?;Only on special occasions.;She drinks alcoholic beverage only on special occasions.;['Yes', 'No', 'Yes, subject to some conditions', 'In the middle, neither yes nor no', 'Other'];Yes, subject to some conditions
1870;X and Y are colleagues who are leaving work on a Friday at the same time.;colleagues_leaving_work;719;Do you work everyday of the week?;Apart from weekends;She works everyday except the weekends.;['Yes', 'No', 'Yes, subject to some conditions', 'In the middle, neither yes nor no', 'Other'];Yes, subject to some conditions
1871;X and Y are colleagues who are leaving work on a Friday at the same time.;colleagues_leaving_work;728;Do you have to work your other job this weekend?;I am on holidays.;He doens't have to do other work as he is on holiday.;['Yes', 'No', 'Yes, subject to some conditions', 'In the middle, neither yes nor no', 'Other'];No
1872;X wants to know about Y's music preferences.;music_preferences;1575;Do you go to concerts a lot?;I've never been to one.;He never attends concerts.;['Yes', 'No', 'Yes, subject to some conditions', 'In the middle, neither yes nor no', 'Other'];No
1873;X and Y are childhood neighbours who unexpectedly run into each other at a cafe.;meeting_childhood_neighbour;1576;Are you going to the high school reunion in June?;I can't, I have a wedding to attend.;She is not able to the high school reunion in June because she has a wedding to attend.;['Yes', 'No', 'Yes, subject to some conditions', 'In the middle, neither yes nor no', 'Other'];No
1874;X wants to know about Y's music preferences.;music_preferences;1577;You like high pitch songs?;They irritate me.;High pitch songs make him irritate.;['Yes', 'No', 'Yes, subject to some conditions', 'In the middle, neither yes nor no', 'Other'];No
1875;X and Y are colleagues who are leaving work on a Friday at the same time.;colleagues_leaving_work;523;Do you have plans for this evening?;I plan to head to the gym tonight.;He has planned to go to the gym tonight.;['Yes', 'No', 'Yes, subject to some conditions', 'In the middle, neither yes nor no', 'Other'];Yes
1876;Y has just moved into a neighbourhood and meets his/her new neighbour X.;meeting_new_neighbour;1578;Would you go to a dance with me?;I'm not much of a dancer.;Though she is not a good dancer, she wants to dance with him.;['Yes', 'No', 'Yes, subject to some conditions', 'In the middle, neither yes nor no', 'Other'];No
1877;X wants to know about Y's food preferences.;food_preferences;1579;Do you like family style restaurants?;Family restaurants have the best food.;He likes family style restaurants because of their best foods.;['Yes', 'No', 'Yes, subject to some conditions', 'In the middle, neither yes nor no', 'Other'];Yes
1878;X wants to know about Y's food preferences.;food_preferences;1141;Do you want to go grab a Brooklyn style pizza?;that would be good;She wants to go for a Brooklyn style pizza.;['Yes', 'No', 'Yes, subject to some conditions', 'In the middle, neither yes nor no', 'Other'];Yes
1879;X wants to know what sorts of books Y likes to read.;book_preferences;1580;Do you enjoy mysteries?;I used to love Encyclopedia Brown.;He likes mysteries and Encyclopedia Brown was his favorite mystery book.;['Yes', 'No', 'Yes, subject to some conditions', 'In the middle, neither yes nor no', 'Other'];Yes
1880;X and Y are colleagues who are leaving work on a Friday at the same time.;colleagues_leaving_work;1581;Do you want to meet for dinner?;If I'm home in time.;He wants to meet for dinner if he could reach on time.;['Yes', 'No', 'Yes, subject to some conditions', 'In the middle, neither yes nor no', 'Other'];Yes, subject to some conditions
1881;X wants to know about Y's music preferences.;music_preferences;574;Are you into going to festivals?;Festivals are too crowded for me.;She is not going to festivals because of its crowds.;['Yes', 'No', 'Yes, subject to some conditions', 'In the middle, neither yes nor no', 'Other'];No
1882;Y has just told X that he/she is thinking of buying a flat in New York.;buying_a_flat;1582;Have you decided which one you want?;I found a flat;She found her flat in New York.;['Yes', 'No', 'Yes, subject to some conditions', 'In the middle, neither yes nor no', 'Other'];Yes
1883;X wants to know about Y's food preferences.;food_preferences;1583;Are you okay with spicy food?;I'd rather not eat spicy food.;She doesn't like spicy food.;['Yes', 'No', 'Yes, subject to some conditions', 'In the middle, neither yes nor no', 'Other'];No
1884;Y has just travelled from a different city to meet X.;travelling_to_meet_someone;684;Are you leaving tomorrow?;We are going to the comedy show tomorrow, remember?;She is not leaving tommorow and planning to go to the comedy show tomorrow with him.;['Yes', 'No', 'Yes, subject to some conditions', 'In the middle, neither yes nor no', 'Other'];No
1885;X and Y are childhood neighbours who unexpectedly run into each other at a cafe.;meeting_childhood_neighbour;1584;You want to catch up over coffee?;I'd enjoy a coffee.;He wants to meet over coffee.;['Yes', 'No', 'Yes, subject to some conditions', 'In the middle, neither yes nor no', 'Other'];Yes
1886;X and Y are childhood neighbours who unexpectedly run into each other at a cafe.;meeting_childhood_neighbour;1585;Is your house nearby?;I'm staying in a motel around here.;I'm staying in a motel around here instead of staying in house.;['Yes', 'No', 'Yes, subject to some conditions', 'In the middle, neither yes nor no', 'Other'];No
1887;Y has just travelled from a different city to meet X.;travelling_to_meet_someone;1586;Can we go for a walk?;I love walking around in the city.;He wants to go for a walk around in the city.;['Yes', 'No', 'Yes, subject to some conditions', 'In the middle, neither yes nor no', 'Other'];Yes
1888;X wants to know about Y's food preferences.;food_preferences;886;Want to try a new restaurant nearby?;Tell me what you have in mind.;She wants to go to the new restaurant.;['Yes', 'No', 'Yes, subject to some conditions', 'In the middle, neither yes nor no', 'Other'];In the middle, neither yes nor no
1889;Y has just travelled from a different city to meet X.;travelling_to_meet_someone;1587;Would you like to meet up with my family later?;Only if I don't have to talk.;He can to meet her family is he doesn't have to talk much.;['Yes', 'No', 'Yes, subject to some conditions', 'In the middle, neither yes nor no', 'Other'];Yes, subject to some conditions
1890;X and Y are childhood neighbours who unexpectedly run into each other at a cafe.;meeting_childhood_neighbour;1588;Do you know what happened to Jimmy after he moved away?;I haven't heard from him in years.;She doesn't know about Jimmy.;['Yes', 'No', 'Yes, subject to some conditions', 'In the middle, neither yes nor no', 'Other'];No
1891;Y has just told X that he/she is thinking of buying a flat in New York.;buying_a_flat;1589;Do you intend to live in the flat ?;The flat is for me and my husband.;She wants to live in the flat with her husband.;['Yes', 'No', 'Yes, subject to some conditions', 'In the middle, neither yes nor no', 'Other'];Yes
1892;X wants to know about Y's music preferences.;music_preferences;1590;Do you sing along to the radio?;When I am alone.;I sings asking with the radio while I am alone.;['Yes', 'No', 'Yes, subject to some conditions', 'In the middle, neither yes nor no', 'Other'];Yes, subject to some conditions
1893;Y has just told X that he/she is thinking of buying a flat in New York.;buying_a_flat;1591;Isn't New York apartment worth investment?;Depends on the apartment.;Flat in New York is worth of investment depending on its condition.;['Yes', 'No', 'Yes, subject to some conditions', 'In the middle, neither yes nor no', 'Other'];In the middle, neither yes nor no
1894;X wants to know about Y's music preferences.;music_preferences;1592;Have you been to the reggae fest here?;I've been a couple of times.;I went to the reggae fest here couple of times.;['Yes', 'No', 'Yes, subject to some conditions', 'In the middle, neither yes nor no', 'Other'];Yes
1895;X wants to know what sorts of books Y likes to read.;book_preferences;1593;Did you read The Help?;I've never heard of it.;She didn't read The Help yet.;['Yes', 'No', 'Yes, subject to some conditions', 'In the middle, neither yes nor no', 'Other'];No
1896;X and Y are colleagues who are leaving work on a Friday at the same time.;colleagues_leaving_work;1594;How you seen the scooter rentals?;I haven't seen any yet;I haven't seen any rental scooter yet .;['Yes', 'No', 'Yes, subject to some conditions', 'In the middle, neither yes nor no', 'Other'];No
1897;X and Y are childhood neighbours who unexpectedly run into each other at a cafe.;meeting_childhood_neighbour;990;Do you remember me?;I could never forget my best friend.;She still remember him as he is her best friend;['Yes', 'No', 'Yes, subject to some conditions', 'In the middle, neither yes nor no', 'Other'];Yes
1898;X and Y are colleagues who are leaving work on a Friday at the same time.;colleagues_leaving_work;1595;Do you have to be home for a certain time?;The joy of being single, my time is my own.;He doesn't have to be in home after work, because he is single so ha had his own time.;['Yes', 'No', 'Yes, subject to some conditions', 'In the middle, neither yes nor no', 'Other'];No
1899;X and Y are childhood neighbours who unexpectedly run into each other at a cafe.;meeting_childhood_neighbour;1596;Do you still listen to Lady Gaga?;I'm not into pop much.;She doesn't listen Lady Gaga now.;['Yes', 'No', 'Yes, subject to some conditions', 'In the middle, neither yes nor no', 'Other'];No
1900;X and Y are colleagues who are leaving work on a Friday at the same time.;colleagues_leaving_work;1597;Do you have plans for this weekend?;I'm meeting up with a few friends.;He has plan to meet few friends this weekend.;['Yes', 'No', 'Yes, subject to some conditions', 'In the middle, neither yes nor no', 'Other'];Yes
1901;X wants to know what activities Y likes to do during weekends.;weekend_activities;1598;Is karaoke something you enjoy?;I find it extremely embarrassing.;She doesn't like Karaike at all.;['Yes', 'No', 'Yes, subject to some conditions', 'In the middle, neither yes nor no', 'Other'];No
1902;Y has just moved into a neighbourhood and meets his/her new neighbour X.;meeting_new_neighbour;1599;Did you move from near-by?;I am from Canada.;I am from Canada.;['Yes', 'No', 'Yes, subject to some conditions', 'In the middle, neither yes nor no', 'Other'];In the middle, neither yes nor no
1903;X wants to know about Y's food preferences.;food_preferences;1600;Are you more into fancy restaurants?;I do like them;She likes fancy resturants.;['Yes', 'No', 'Yes, subject to some conditions', 'In the middle, neither yes nor no', 'Other'];Yes
1904;Y has just told X that he/she is considering switching his/her job.;switching_jobs;1601;Have you ever taken a day off sick when you were not actually sick?;I can't imagine doing that.;I never take a day off because of sickness instead of being well.;['Yes', 'No', 'Yes, subject to some conditions', 'In the middle, neither yes nor no', 'Other'];No
1905;X wants to know about Y's food preferences.;food_preferences;917;Do you like to eat Asian fusion?;I have never tried it;He wants Asian food but he did not tried it yet.;['Yes', 'No', 'Yes, subject to some conditions', 'In the middle, neither yes nor no', 'Other'];In the middle, neither yes nor no
1906;X and Y are colleagues who are leaving work on a Friday at the same time.;colleagues_leaving_work;1602;Do you have dinner plans?;I did but thery were cancelled.;She ahd dinner plan but suddenly it was cancelled.;['Yes', 'No', 'Yes, subject to some conditions', 'In the middle, neither yes nor no', 'Other'];No
1907;X wants to know what activities Y likes to do during weekends.;weekend_activities;1603;Do you like going on hikes?;When I have good shoes.;He likes hiking in weekends if he has a good shoes.;['Yes', 'No', 'Yes, subject to some conditions', 'In the middle, neither yes nor no', 'Other'];Yes, subject to some conditions
1908;X wants to know about Y's music preferences.;music_preferences;1604;Are you into jazz?;I'm not not into jazz music.;She doesn't like jazz music.;['Yes', 'No', 'Yes, subject to some conditions', 'In the middle, neither yes nor no', 'Other'];No
1909;Y has just moved into a neighbourhood and meets his/her new neighbour X.;meeting_new_neighbour;740;Do you want to come over for a meal?;I have a roast in the oven.;He doesn't want to come over for a meal because he already cooked.;['Yes', 'No', 'Yes, subject to some conditions', 'In the middle, neither yes nor no', 'Other'];No
1910;Y has just travelled from a different city to meet X.;travelling_to_meet_someone;684;Are you leaving tomorrow?;I'm staying here for two weeks;He will leave after two weeks.;['Yes', 'No', 'Yes, subject to some conditions', 'In the middle, neither yes nor no', 'Other'];No
1911;Y has just told X that he/she is considering switching his/her job.;switching_jobs;1605;Have you always worked in this field?;I haven't got experience in this field;She never worked in the same field.;['Yes', 'No', 'Yes, subject to some conditions', 'In the middle, neither yes nor no', 'Other'];No
1912;Y has just travelled from a different city to meet X.;travelling_to_meet_someone;1606;Have you tried Sweetish Hill on 6th yet?;Oh that sounds like a place I would like to try.;She didn't try Sweetish Hill on 6th yet.;['Yes', 'No', 'Yes, subject to some conditions', 'In the middle, neither yes nor no', 'Other'];No
1913;X wants to know what sorts of books Y likes to read.;book_preferences;504;Are you an avid reader?;I read every night before bed.;I read every night before bed.;['Yes', 'No', 'Yes, subject to some conditions', 'In the middle, neither yes nor no', 'Other'];Yes
1914;Y has just travelled from a different city to meet X.;travelling_to_meet_someone;1607;Are you staying in a hotel?;I am for the time being;I am here for the time being so I booked hotel.;['Yes', 'No', 'Yes, subject to some conditions', 'In the middle, neither yes nor no', 'Other'];Yes
1915;Y has just told X that he/she is thinking of buying a flat in New York.;buying_a_flat;667;Are you good at making new friends?;I have a few good friends.;She has few good friends. So it seems she is good at making new friends.;['Yes', 'No', 'Yes, subject to some conditions', 'In the middle, neither yes nor no', 'Other'];In the middle, neither yes nor no
1916;Y has just told X that he/she is considering switching his/her job.;switching_jobs;1608;Does your job require you to travel?;Only the communte;She does not require to travel for her job except the commute.;['Yes', 'No', 'Yes, subject to some conditions', 'In the middle, neither yes nor no', 'Other'];No
1917;Y has just travelled from a different city to meet X.;travelling_to_meet_someone;1609;Are you up for a hike tomorrow morning?;I'm down for whatever.;He is not willing to do any activties  tomorrow morning.;['Yes', 'No', 'Yes, subject to some conditions', 'In the middle, neither yes nor no', 'Other'];Yes
1918;X wants to know what activities Y likes to do during weekends.;weekend_activities;888;Will you be participating in any sporting activities on Saturday ?;I have a root canal scheduled that day.;He is not going to participate in any sporting activities on Saturday due to his very busy schedule .;['Yes', 'No', 'Yes, subject to some conditions', 'In the middle, neither yes nor no', 'Other'];No
1919;X wants to know about Y's music preferences.;music_preferences;1610;Have you been to an orchestra concert?;I haven't yet;She didn't attend any orchestra concert yet.;['Yes', 'No', 'Yes, subject to some conditions', 'In the middle, neither yes nor no', 'Other'];No
1920;X wants to know what activities Y likes to do during weekends.;weekend_activities;851;Would you like to hike?;That depends on the weather.;He wants to hike depending on the weather.;['Yes', 'No', 'Yes, subject to some conditions', 'In the middle, neither yes nor no', 'Other'];Yes, subject to some conditions
1921;X wants to know about Y's music preferences.;music_preferences;1611;Do you play any musical instruments?;I play many;She plays many musical instruments.;['Yes', 'No', 'Yes, subject to some conditions', 'In the middle, neither yes nor no', 'Other'];Yes
1922;X wants to know what sorts of books Y likes to read.;book_preferences;686;Have you read \\\\Harry Potter\\\\\\?\\;These books were a favorite in my book club.;Herry Potter is his favorite books so he read these.;['Yes', 'No', 'Yes, subject to some conditions', 'In the middle, neither yes nor no', 'Other'];Yes
1923;Y has just moved into a neighbourhood and meets his/her new neighbour X.;meeting_new_neighbour;1612;Do you have friends that live around here?;A few.;She has few friends who live around here.;['Yes', 'No', 'Yes, subject to some conditions', 'In the middle, neither yes nor no', 'Other'];Yes
1924;Y has just told X that he/she is thinking of buying a flat in New York.;buying_a_flat;1613;Are you offering the asking price?;just a little below it;Sh eis offering little less of the asking price for flat in New York.;['Yes', 'No', 'Yes, subject to some conditions', 'In the middle, neither yes nor no', 'Other'];No
1925;Y has just told X that he/she is thinking of buying a flat in New York.;buying_a_flat;1037;Can you afford $5,000 a month?;I have a big budget.;He can afford $5,000 a month.;['Yes', 'No', 'Yes, subject to some conditions', 'In the middle, neither yes nor no', 'Other'];Yes
1926;Y has just moved into a neighbourhood and meets his/her new neighbour X.;meeting_new_neighbour;1105;Do you have family from around here?;My siblings live close by.;Her siblings live near by.;['Yes', 'No', 'Yes, subject to some conditions', 'In the middle, neither yes nor no', 'Other'];Yes
1927;X wants to know what activities Y likes to do during weekends.;weekend_activities;1614;Do you like museums?;I never usually do;He never likes museums during weekends.;['Yes', 'No', 'Yes, subject to some conditions', 'In the middle, neither yes nor no', 'Other'];No
1928;Y has just told X that he/she is thinking of buying a flat in New York.;buying_a_flat;1615;Do you have a mortgage right now?;I paid my mortgage off last year.;He doesn't  have any mortgage right now.;['Yes', 'No', 'Yes, subject to some conditions', 'In the middle, neither yes nor no', 'Other'];No
1929;X and Y are colleagues who are leaving work on a Friday at the same time.;colleagues_leaving_work;1594;How you seen the scooter rentals?;I tried one in San Diego -- they're fun.;She tried the scooter rentals in San Diego.;['Yes', 'No', 'Yes, subject to some conditions', 'In the middle, neither yes nor no', 'Other'];Yes
1930;X wants to know what sorts of books Y likes to read.;book_preferences;1616;Are you a fan of horror books?;The scarier, the better;He is a fan of horror books as he like scary books.;['Yes', 'No', 'Yes, subject to some conditions', 'In the middle, neither yes nor no', 'Other'];Yes
1931;Y has just moved into a neighbourhood and meets his/her new neighbour X.;meeting_new_neighbour;1617;Do you work in the area?;I work pretty close to here.;She likes working in the area.;['Yes', 'No', 'Yes, subject to some conditions', 'In the middle, neither yes nor no', 'Other'];Yes
1932;Y has just told X that he/she is considering switching his/her job.;switching_jobs;1618;Are you a supervisor?;I am a manager;I am a manager instead of being a supervisor.;['Yes', 'No', 'Yes, subject to some conditions', 'In the middle, neither yes nor no', 'Other'];Yes
1933;X and Y are colleagues who are leaving work on a Friday at the same time.;colleagues_leaving_work;1619;Do you guys want to go get something to eat?;I could grab a bite.;She wants to eat something.;['Yes', 'No', 'Yes, subject to some conditions', 'In the middle, neither yes nor no', 'Other'];Yes
1934;Y has just travelled from a different city to meet X.;travelling_to_meet_someone;1620;Was the trip good?;The trip was short and sweet!;The trip was short and good.;['Yes', 'No', 'Yes, subject to some conditions', 'In the middle, neither yes nor no', 'Other'];Yes
1935;Y has just told X that he/she is thinking of buying a flat in New York.;buying_a_flat;1621;Do you know how much flats usually go for?;I have a fair idea;He roughly knows price of the flats in New York.;['Yes', 'No', 'Yes, subject to some conditions', 'In the middle, neither yes nor no', 'Other'];Yes
1936;Y has just moved into a neighbourhood and meets his/her new neighbour X.;meeting_new_neighbour;1145;Have you lived here long?;only a few months;She lives here for few months.;['Yes', 'No', 'Yes, subject to some conditions', 'In the middle, neither yes nor no', 'Other'];No
1937;X wants to know what activities Y likes to do during weekends.;weekend_activities;1622;Do you enjoy Alamo draft house?;I am a regular there.;She likes Alamo draft house and she regularly visit there.;['Yes', 'No', 'Yes, subject to some conditions', 'In the middle, neither yes nor no', 'Other'];Yes
1938;X wants to know what activities Y likes to do during weekends.;weekend_activities;1623;Do you ever go hiking?;I've done it once or twice;He went for hiking for once or twice.;['Yes', 'No', 'Yes, subject to some conditions', 'In the middle, neither yes nor no', 'Other'];Yes
1939;X wants to know what activities Y likes to do during weekends.;weekend_activities;1624;Are you a fan of sports?;I root for our home teams.;He is a fan of their home teams..;['Yes', 'No', 'Yes, subject to some conditions', 'In the middle, neither yes nor no', 'Other'];Yes, subject to some conditions
1940;X wants to know what sorts of books Y likes to read.;book_preferences;1625;Do you like books by Steven King?;I prefer books by Stephen King.;She prefers books by Stephen King.;['Yes', 'No', 'Yes, subject to some conditions', 'In the middle, neither yes nor no', 'Other'];Yes
1941;X and Y are childhood neighbours who unexpectedly run into each other at a cafe.;meeting_childhood_neighbour;437;Have you stayed in touch with anyone from school?;I haven't heard from anyone in years.;He is not in touch with anyone from school in years.;['Yes', 'No', 'Yes, subject to some conditions', 'In the middle, neither yes nor no', 'Other'];No
1942;X wants to know about Y's food preferences.;food_preferences;521;Are you a fan of foreign food?;I can't think of any I haven't enjoyed.;She doesn't like foreign food.;['Yes', 'No', 'Yes, subject to some conditions', 'In the middle, neither yes nor no', 'Other'];Yes
1943;Y has just travelled from a different city to meet X.;travelling_to_meet_someone;1626;Do you have any vacation plans?;I want to go to the beach!;This vacation I have a plan to go to the beach.;['Yes', 'No', 'Yes, subject to some conditions', 'In the middle, neither yes nor no', 'Other'];Yes
1944;X and Y are colleagues who are leaving work on a Friday at the same time.;colleagues_leaving_work;1627;Hi, are you okay?;I think I just broke my toe.;He isn't okay his toe injury.;['Yes', 'No', 'Yes, subject to some conditions', 'In the middle, neither yes nor no', 'Other'];No
1945;Y has just moved into a neighbourhood and meets his/her new neighbour X.;meeting_new_neighbour;1109;Have you moved from out of town?;I moved in from the next town over.;She moved from out of town.;['Yes', 'No', 'Yes, subject to some conditions', 'In the middle, neither yes nor no', 'Other'];Yes
1946;X wants to know what sorts of books Y likes to read.;book_preferences;1628;Do you like scary contents?;I love horror fiction.;He likes scary contents so he prefers horror fictions.;['Yes', 'No', 'Yes, subject to some conditions', 'In the middle, neither yes nor no', 'Other'];Yes
1947;X wants to know what activities Y likes to do during weekends.;weekend_activities;1629;Do you like cardio?;Only at weekends;She likes like cardio at weekends.;['Yes', 'No', 'Yes, subject to some conditions', 'In the middle, neither yes nor no', 'Other'];Yes, subject to some conditions
1948;Y has just travelled from a different city to meet X.;travelling_to_meet_someone;1630;What would you like to visit first?;That museum you mentioned sounded fascinating.;He likes to visit that museum first.;['Yes', 'No', 'Yes, subject to some conditions', 'In the middle, neither yes nor no', 'Other'];Other
1949;X and Y are colleagues who are leaving work on a Friday at the same time.;colleagues_leaving_work;880;Are the two of you dating now?;We haven't starting dating.;They haven't starting dating yet.;['Yes', 'No', 'Yes, subject to some conditions', 'In the middle, neither yes nor no', 'Other'];No
1950;Y has just moved into a neighbourhood and meets his/her new neighbour X.;meeting_new_neighbour;1631;Are you new to Austin?;Just moved from Dallas.;He is new to Austin.;['Yes', 'No', 'Yes, subject to some conditions', 'In the middle, neither yes nor no', 'Other'];Yes
1951;Y has just told X that he/she is thinking of buying a flat in New York.;buying_a_flat;1090;Would you like to have a balcony?;that would be ideal;She would like to have a balcony.;['Yes', 'No', 'Yes, subject to some conditions', 'In the middle, neither yes nor no', 'Other'];Yes
1952;X wants to know about Y's food preferences.;food_preferences;1632;Are you a vegetarian ?;That's laughable.;She isn't vegetarian.;['Yes', 'No', 'Yes, subject to some conditions', 'In the middle, neither yes nor no', 'Other'];No
1953;X wants to know what activities Y likes to do during weekends.;weekend_activities;1633;Is shopping up your alley?;I prefer free activities.;I prefer free activities at weekends.;['Yes', 'No', 'Yes, subject to some conditions', 'In the middle, neither yes nor no', 'Other'];No
1954;Y has just moved into a neighbourhood and meets his/her new neighbour X.;meeting_new_neighbour;1634;Would you like to come around for dinner?;That sounds lovely.;She wants to come for a dinner,;['Yes', 'No', 'Yes, subject to some conditions', 'In the middle, neither yes nor no', 'Other'];Yes
1955;X wants to know what sorts of books Y likes to read.;book_preferences;1635;Are you in to mystery books?;I prefer non fiction.;I prefer non fiction so I don,t read mystery books.;['Yes', 'No', 'Yes, subject to some conditions', 'In the middle, neither yes nor no', 'Other'];No
1956;Y has just travelled from a different city to meet X.;travelling_to_meet_someone;1636;Are you still engaged?;She broke off our engagement last month.;She is not engaged anymore as she broke off their engagement last month.;['Yes', 'No', 'Yes, subject to some conditions', 'In the middle, neither yes nor no', 'Other'];No
1957;X wants to know about Y's music preferences.;music_preferences;1637;Would you go to a metal show?;I think the energy at a metal show would be crazy cool.;He wants to go to a metal show.;['Yes', 'No', 'Yes, subject to some conditions', 'In the middle, neither yes nor no', 'Other'];Yes
1958;X wants to know what sorts of books Y likes to read.;book_preferences;791;Do you prefer to hold a book?;I prefer an E-reader.;I prefer an E-reader rather than holding a book.;['Yes', 'No', 'Yes, subject to some conditions', 'In the middle, neither yes nor no', 'Other'];No
1959;X wants to know what sorts of books Y likes to read.;book_preferences;1638;Want to lend a self help book?;of course that's fine;She wants to lend a self help book.;['Yes', 'No', 'Yes, subject to some conditions', 'In the middle, neither yes nor no', 'Other'];Yes
1960;X and Y are colleagues who are leaving work on a Friday at the same time.;colleagues_leaving_work;1639;Are you going to a show this weekend?;I don't have a ticket;Shw wants to a show this weekend but she doesn't have a ticket.;['Yes', 'No', 'Yes, subject to some conditions', 'In the middle, neither yes nor no', 'Other'];No
1961;Y has just told X that he/she is considering switching his/her job.;switching_jobs;1640;Are you a kind ?;I do my best to be.;I do my best to be a kind.;['Yes', 'No', 'Yes, subject to some conditions', 'In the middle, neither yes nor no', 'Other'];Yes
1962;Y has just told X that he/she is considering switching his/her job.;switching_jobs;1641;Do you have to do heavy-lifting?;I work at a desk, so no lifting involved.;She doesn't have to do heavy-lifting as his job is on desk.;['Yes', 'No', 'Yes, subject to some conditions', 'In the middle, neither yes nor no', 'Other'];No
1963;X and Y are colleagues who are leaving work on a Friday at the same time.;colleagues_leaving_work;724;Have any weekend plans?;I've got nothing on my calendar.;She doesn't have any weekend plan.;['Yes', 'No', 'Yes, subject to some conditions', 'In the middle, neither yes nor no', 'Other'];No
1964;Y has just moved into a neighbourhood and meets his/her new neighbour X.;meeting_new_neighbour;1077;Are you new in the neighborhood?;We've been here 2 years now.;He is not new in the neighborhood as it's already two years.;['Yes', 'No', 'Yes, subject to some conditions', 'In the middle, neither yes nor no', 'Other'];No
1965;X wants to know what sorts of books Y likes to read.;book_preferences;1642;Are you a fan of classics?;I prefer contemporary books.;I prefer contemporary books rather than classics.;['Yes', 'No', 'Yes, subject to some conditions', 'In the middle, neither yes nor no', 'Other'];No
1966;X and Y are colleagues who are leaving work on a Friday at the same time.;colleagues_leaving_work;527;Are you doing something fun this weekend?;We're going to a spa.;They're going to a spa this weekend.;['Yes', 'No', 'Yes, subject to some conditions', 'In the middle, neither yes nor no', 'Other'];Yes
1967;Y has just told X that he/she is thinking of buying a flat in New York.;buying_a_flat;1643;Are you available to move in April?;I won't be able to move until July.;He won't be able to move until July.;['Yes', 'No', 'Yes, subject to some conditions', 'In the middle, neither yes nor no', 'Other'];No
1968;Y has just told X that he/she is thinking of buying a flat in New York.;buying_a_flat;519;Are you thinking of moving soon?;As soon as possible;She is thinking of moving as soon as possible.;['Yes', 'No', 'Yes, subject to some conditions', 'In the middle, neither yes nor no', 'Other'];Yes
1969;X wants to know what sorts of books Y likes to read.;book_preferences;518;Do you like books about astrology?;They seem dated now that the astrological charts have been revised.;He likes like books about astrology.;['Yes', 'No', 'Yes, subject to some conditions', 'In the middle, neither yes nor no', 'Other'];No
1970;X wants to know what activities Y likes to do during weekends.;weekend_activities;1644;Do you like to swim?;I swim on a weekly basis.;She likes swimming.;['Yes', 'No', 'Yes, subject to some conditions', 'In the middle, neither yes nor no', 'Other'];Yes
1971;X wants to know about Y's music preferences.;music_preferences;1645;Do you like rock?;I only like classic rock.;He likes rocks if it's classic.;['Yes', 'No', 'Yes, subject to some conditions', 'In the middle, neither yes nor no', 'Other'];Yes, subject to some conditions
1972;X and Y are childhood neighbours who unexpectedly run into each other at a cafe.;meeting_childhood_neighbour;1646;Are you still into sci fi movies?;I'm not a fan anymore;I'm not a fan anymore of sci fi movies.;['Yes', 'No', 'Yes, subject to some conditions', 'In the middle, neither yes nor no', 'Other'];No
1973;Y has just moved into a neighbourhood and meets his/her new neighbour X.;meeting_new_neighbour;688;Is the beach a place you like to go?;I love the outdoors;As she likes the outdoors, she wants to go yto the beach.;['Yes', 'No', 'Yes, subject to some conditions', 'In the middle, neither yes nor no', 'Other'];Yes
1974;X wants to know what sorts of books Y likes to read.;book_preferences;1647;Have you heard of the Father Brown mysteries?;I am not familiar.;I am not familiar of of the Father Brown mysteries.;['Yes', 'No', 'Yes, subject to some conditions', 'In the middle, neither yes nor no', 'Other'];No
1975;X wants to know what sorts of books Y likes to read.;book_preferences;480;Are you a fan of classic literature?;I wasn't very interested in the ones we read in school.;He is not a fan of classic literature even in school.;['Yes', 'No', 'Yes, subject to some conditions', 'In the middle, neither yes nor no', 'Other'];No
1976;X wants to know about Y's music preferences.;music_preferences;887;Have you been to ACL Festival?;I plan to go for the first time this year.;She is planning to attend the ACL Festival for the first time.;['Yes', 'No', 'Yes, subject to some conditions', 'In the middle, neither yes nor no', 'Other'];No
1977;Y has just told X that he/she is considering switching his/her job.;switching_jobs;860;Is the pay good?;I have a great wage.;The pay of her job is not enough.;['Yes', 'No', 'Yes, subject to some conditions', 'In the middle, neither yes nor no', 'Other'];Yes
1978;Y has just told X that he/she is thinking of buying a flat in New York.;buying_a_flat;1648;Have you decided which neighborhood you want to buy in?;I'm still deciding.;He couldn't decided which neighborhood he wants to buy in yet.;['Yes', 'No', 'Yes, subject to some conditions', 'In the middle, neither yes nor no', 'Other'];No
1979;X wants to know about Y's food preferences.;food_preferences;1649;Are you allergic to garlic?;I'm only allergic to wheat.;She isn't allergic to garlic.;['Yes', 'No', 'Yes, subject to some conditions', 'In the middle, neither yes nor no', 'Other'];No
1980;Y has just moved into a neighbourhood and meets his/her new neighbour X.;meeting_new_neighbour;1650;Do you like dogs?;I'm more of a cat person.;She likes cats rather than dogs.;['Yes', 'No', 'Yes, subject to some conditions', 'In the middle, neither yes nor no', 'Other'];No
1981;X wants to know about Y's music preferences.;music_preferences;1651;Do you like pop music?;I especially enjoyed Taylor Swift's new album.;He likes pop music.;['Yes', 'No', 'Yes, subject to some conditions', 'In the middle, neither yes nor no', 'Other'];Yes
1982;Y has just moved into a neighbourhood and meets his/her new neighbour X.;meeting_new_neighbour;867;Did you transfer for work?;I moved to be closer to family.;He transfered for work and now he is closer to family.;['Yes', 'No', 'Yes, subject to some conditions', 'In the middle, neither yes nor no', 'Other'];No
1983;Y has just travelled from a different city to meet X.;travelling_to_meet_someone;1652;Was your flight nonstop?;I had a two hour layover.;His flight had a two hour layover.;['Yes', 'No', 'Yes, subject to some conditions', 'In the middle, neither yes nor no', 'Other'];No
1984;X wants to know about Y's food preferences.;food_preferences;1653;Do you like french fries?;They're a special treat.;She likes french fries.;['Yes', 'No', 'Yes, subject to some conditions', 'In the middle, neither yes nor no', 'Other'];Yes, subject to some conditions
1985;X and Y are colleagues who are leaving work on a Friday at the same time.;colleagues_leaving_work;1162;Do you have any plans for this weekend?;I'm tacking tennis lessons.;She has plans for weekend as she is taking tennis lessons .;['Yes', 'No', 'Yes, subject to some conditions', 'In the middle, neither yes nor no', 'Other'];Yes
1986;X and Y are colleagues who are leaving work on a Friday at the same time.;colleagues_leaving_work;1639;Are you going to a show this weekend?;I may see that local band play at the cafe if I can make it.;He wants going to a show this weekend.;['Yes', 'No', 'Yes, subject to some conditions', 'In the middle, neither yes nor no', 'Other'];Yes, subject to some conditions
1987;X and Y are childhood neighbours who unexpectedly run into each other at a cafe.;meeting_childhood_neighbour;1654;Have you talked to anyone else from our childhood?;I haven't for a number of years;I couldn't talked to anyone else from our childhood as I don't have any number.;['Yes', 'No', 'Yes, subject to some conditions', 'In the middle, neither yes nor no', 'Other'];No
1988;X and Y are colleagues who are leaving work on a Friday at the same time.;colleagues_leaving_work;552;Are you going to the gym?;I went yesterday.;He is going to the gym.;['Yes', 'No', 'Yes, subject to some conditions', 'In the middle, neither yes nor no', 'Other'];No
1989;X wants to know about Y's food preferences.;food_preferences;1655;Are you lactose intolerant;I can eat anything,;He can eat lactose.;['Yes', 'No', 'Yes, subject to some conditions', 'In the middle, neither yes nor no', 'Other'];No
1990;Y has just told X that he/she is thinking of buying a flat in New York.;buying_a_flat;1656;Are you planning on moving there soon?;I hope to be there by this fall.;She is planning on moving there by this fall.;['Yes', 'No', 'Yes, subject to some conditions', 'In the middle, neither yes nor no', 'Other'];Yes
1991;X wants to know what sorts of books Y likes to read.;book_preferences;520;Are you into novels with a complicated plot?;Plot twists make most books more enjoyable.;H likes novels with a complicated plot as it's more enjoyable.;['Yes', 'No', 'Yes, subject to some conditions', 'In the middle, neither yes nor no', 'Other'];Yes
1992;X and Y are colleagues who are leaving work on a Friday at the same time.;colleagues_leaving_work;1657;Are you getting a takeaway tonight?;If there are specials!;She wants a takeaway tonight If there are specials.;['Yes', 'No', 'Yes, subject to some conditions', 'In the middle, neither yes nor no', 'Other'];Yes, subject to some conditions
1993;X wants to know what activities Y likes to do during weekends.;weekend_activities;1658;Do you like going to baseball games?;When there isn't a big crowd.;He likes going to baseball games in weekends if there is no much crowds.;['Yes', 'No', 'Yes, subject to some conditions', 'In the middle, neither yes nor no', 'Other'];Yes, subject to some conditions
1994;X and Y are childhood neighbours who unexpectedly run into each other at a cafe.;meeting_childhood_neighbour;1659;Are you still in touch with anyone from the neighbourhood?;I meet up with a few of them at least once a year.;She is still in touch with few people from the neighbourhood and she meets them at least once a year.;['Yes', 'No', 'Yes, subject to some conditions', 'In the middle, neither yes nor no', 'Other'];Yes
1995;X wants to know about Y's music preferences.;music_preferences;742;Have you listened to Tame Impala?;That doesn't ring a bell.;He doesn't like to listen Tame Impala.;['Yes', 'No', 'Yes, subject to some conditions', 'In the middle, neither yes nor no', 'Other'];No
1996;X and Y are childhood neighbours who unexpectedly run into each other at a cafe.;meeting_childhood_neighbour;1149;Are your brothers and sisters nearby?;they are all over the place;Her brothers and sisters reside all over the place and they are nearby too.;['Yes', 'No', 'Yes, subject to some conditions', 'In the middle, neither yes nor no', 'Other'];No
1997;X wants to know about Y's music preferences.;music_preferences;1660;Do you sing at karaoke bars?;No one will get me to sing in front of a crowd.;He doesn't sing at karaoke bars as no one allow him to sing in front of a crowd.;['Yes', 'No', 'Yes, subject to some conditions', 'In the middle, neither yes nor no', 'Other'];No
1998;Y has just travelled from a different city to meet X.;travelling_to_meet_someone;413;Is your new job going well?;I love it so far;Her new job going well so far.;['Yes', 'No', 'Yes, subject to some conditions', 'In the middle, neither yes nor no', 'Other'];Yes
1999;X wants to know what activities Y likes to do during weekends.;weekend_activities;1661;Would you be interested in cultural events in the area?;It would depend what they are;He is interested in cultural events in the area depending on the programme during weekends.;['Yes', 'No', 'Yes, subject to some conditions', 'In the middle, neither yes nor no', 'Other'];Yes, subject to some conditions
2000;X wants to know about Y's music preferences.;music_preferences;1151;Who is your favorite rock band?;I could never decide such a thing.;I could never decide things like favorite rock band.;['Yes', 'No', 'Yes, subject to some conditions', 'In the middle, neither yes nor no', 'Other'];Other
2001;Y has just told X that he/she is thinking of buying a flat in New York.;buying_a_flat;1613;Are you offering the asking price?;I asked for a move-in discount.;She is negotiating the asking price of buying a flat in New York.;['Yes', 'No', 'Yes, subject to some conditions', 'In the middle, neither yes nor no', 'Other'];No
2002;X wants to know what sorts of books Y likes to read.;book_preferences;1662;Do you read any international books?;I do at times;He reads international books.;['Yes', 'No', 'Yes, subject to some conditions', 'In the middle, neither yes nor no', 'Other'];Yes
2003;X and Y are colleagues who are leaving work on a Friday at the same time.;colleagues_leaving_work;1663;Do you enjoy the job?;It's been a challenge.;As the job is been a challenge, she doesn't like it anymore.;['Yes', 'No', 'Yes, subject to some conditions', 'In the middle, neither yes nor no', 'Other'];In the middle, neither yes nor no
2004;X and Y are colleagues who are leaving work on a Friday at the same time.;colleagues_leaving_work;1664;How are you getting home tonight?;I have my car with me.;He is going home tonight by his own car.;['Yes', 'No', 'Yes, subject to some conditions', 'In the middle, neither yes nor no', 'Other'];Other
2005;Y has just moved into a neighbourhood and meets his/her new neighbour X.;meeting_new_neighbour;1665;Are there young families in this neighborhood?;There are quite a lot of young families in the neighbourhood;Quite a lot of young families are there in her neighbourhood.;['Yes', 'No', 'Yes, subject to some conditions', 'In the middle, neither yes nor no', 'Other'];Yes
2006;X wants to know about Y's music preferences.;music_preferences;865;Do you like Hip Hop music?;I like some of the more recent trends, but can't stand the rap of the '90s.;He likes trendy HipHop music but he doesn't consider with the rap of 90's.;['Yes', 'No', 'Yes, subject to some conditions', 'In the middle, neither yes nor no', 'Other'];Yes, subject to some conditions
2007;Y has just travelled from a different city to meet X.;travelling_to_meet_someone;1666;Do you fancy a drink after your long journey?;That would be refreshing.;He likes to have a drink after a long journey that would makehime refresh.;['Yes', 'No', 'Yes, subject to some conditions', 'In the middle, neither yes nor no', 'Other'];Yes
2008;X and Y are childhood neighbours who unexpectedly run into each other at a cafe.;meeting_childhood_neighbour;1667;Do you like the changes around town?;I miss the old stuff.;She doesn't like the changes around the town and she miss the old stuff.;['Yes', 'No', 'Yes, subject to some conditions', 'In the middle, neither yes nor no', 'Other'];No
2009;X wants to know what sorts of books Y likes to read.;book_preferences;572;Do you like reading biographies?;I prefer high fantasy.;He prefers reading fantasy instead of biographies.;['Yes', 'No', 'Yes, subject to some conditions', 'In the middle, neither yes nor no', 'Other'];No
2010;X and Y are colleagues who are leaving work on a Friday at the same time.;colleagues_leaving_work;1668;Do you have to work tomorrow?;The shift starts at 7.;She has to work tomorrow from 7.;['Yes', 'No', 'Yes, subject to some conditions', 'In the middle, neither yes nor no', 'Other'];Yes
2011;X and Y are childhood neighbours who unexpectedly run into each other at a cafe.;meeting_childhood_neighbour;637;Do you eat here often?;I think I have my own table in the corner.;He uses to eat here frequently on a same table in the corner.;['Yes', 'No', 'Yes, subject to some conditions', 'In the middle, neither yes nor no', 'Other'];Yes
2012;Y has just told X that he/she is thinking of buying a flat in New York.;buying_a_flat;659;Do you need a yard?;It would be great to have somewhere to sit in summer, but not essential.;Yard would be great to have somewhere to sit in summer, but not essential.;['Yes', 'No', 'Yes, subject to some conditions', 'In the middle, neither yes nor no', 'Other'];No
2013;X wants to know what activities Y likes to do during weekends.;weekend_activities;1669;Are you into art?;I love modern art.;She loves modern art.;['Yes', 'No', 'Yes, subject to some conditions', 'In the middle, neither yes nor no', 'Other'];Yes, subject to some conditions
2014;Y has just travelled from a different city to meet X.;travelling_to_meet_someone;1670;Are you willing to visit a museum with me?;I'd like to see the new exhibit at the art museum.;He is interested in visiting a museum with her to see the new exhibit at the art museum.;['Yes', 'No', 'Yes, subject to some conditions', 'In the middle, neither yes nor no', 'Other'];Yes
2015;X wants to know about Y's music preferences.;music_preferences;1671;Would you like to go to a classical concert?;I think i would;He is willing to go to a classical concert.;['Yes', 'No', 'Yes, subject to some conditions', 'In the middle, neither yes nor no', 'Other'];Yes
2016;X wants to know about Y's food preferences.;food_preferences;1672;Do you like red meat?;I only eat white meat.;She eats white meat only.;['Yes', 'No', 'Yes, subject to some conditions', 'In the middle, neither yes nor no', 'Other'];No
2017;Y has just told X that he/she is thinking of buying a flat in New York.;buying_a_flat;1673;Are you going to drive your car to work?;That's the plan;He is planning of going to drive your car to work.;['Yes', 'No', 'Yes, subject to some conditions', 'In the middle, neither yes nor no', 'Other'];Yes
2018;Y has just travelled from a different city to meet X.;travelling_to_meet_someone;1674;Do you know much about this town?;Only what you've told me.;He knows only the said things about this town.;['Yes', 'No', 'Yes, subject to some conditions', 'In the middle, neither yes nor no', 'Other'];No
2019;X and Y are colleagues who are leaving work on a Friday at the same time.;colleagues_leaving_work;1675;Should we go out for a hot meal tonight?;I'll take a rain check.;He is interested to go out for a hot meal tonight depending on rain.;['Yes', 'No', 'Yes, subject to some conditions', 'In the middle, neither yes nor no', 'Other'];No
2020;Y has just travelled from a different city to meet X.;travelling_to_meet_someone;464;Want to go to the cinema?;I would prefer to watch Netflix.;She doesn't want to go for the cinema but she wants to watch Netflix.;['Yes', 'No', 'Yes, subject to some conditions', 'In the middle, neither yes nor no', 'Other'];No
2021;X and Y are childhood neighbours who unexpectedly run into each other at a cafe.;meeting_childhood_neighbour;473;Do your remember our block fondly?;I was really young when we lived here.;He doesn't remember the block as he was very young when he was lived here.;['Yes', 'No', 'Yes, subject to some conditions', 'In the middle, neither yes nor no', 'Other'];No
2022;X and Y are colleagues who are leaving work on a Friday at the same time.;colleagues_leaving_work;1664;How are you getting home tonight?;I'm being driven home.;He is going home tonight by driving.;['Yes', 'No', 'Yes, subject to some conditions', 'In the middle, neither yes nor no', 'Other'];Other
2023;X wants to know what activities Y likes to do during weekends.;weekend_activities;1676;Do you enjoy travel?;I go to China every year.;He likes travelling as he uses to go China every year.;['Yes', 'No', 'Yes, subject to some conditions', 'In the middle, neither yes nor no', 'Other'];Yes
2024;X and Y are childhood neighbours who unexpectedly run into each other at a cafe.;meeting_childhood_neighbour;1677;Is it true you adopted four children?;I only have the one son.;She didn't adopt four children but she has a son.;['Yes', 'No', 'Yes, subject to some conditions', 'In the middle, neither yes nor no', 'Other'];No
2025;X wants to know about Y's music preferences.;music_preferences;778;Do you enjoy listening to classical music?;Only at amateur recitals.;He enjoys listening to classical music, if it is at amateur recitals.;['Yes', 'No', 'Yes, subject to some conditions', 'In the middle, neither yes nor no', 'Other'];Yes, subject to some conditions
2026;Y has just told X that he/she is considering switching his/her job.;switching_jobs;1678;Would you drive 30 minutes to work?;It will be half that.;She doesn't drive 30 minutes to work but she drives half of that.;['Yes', 'No', 'Yes, subject to some conditions', 'In the middle, neither yes nor no', 'Other'];In the middle, neither yes nor no
2027;X wants to know what activities Y likes to do during weekends.;weekend_activities;1679;Are you into hiking?;I was never into hiking;He was never into hiking.;['Yes', 'No', 'Yes, subject to some conditions', 'In the middle, neither yes nor no', 'Other'];No
2028;X wants to know what activities Y likes to do during weekends.;weekend_activities;1680;Want to go to the farmer's market with me this weekend?;I need to pick up some onions.;She needs to go to the farmer's market with him this weekend to buy some onions.;['Yes', 'No', 'Yes, subject to some conditions', 'In the middle, neither yes nor no', 'Other'];Yes
2029;X and Y are childhood neighbours who unexpectedly run into each other at a cafe.;meeting_childhood_neighbour;1681;Can you still do that funny thing with your tongue?;It's genetic, so I'll probably always be able to.;He is still able to do that funny thing with his tongue, as it's genetic.;['Yes', 'No', 'Yes, subject to some conditions', 'In the middle, neither yes nor no', 'Other'];Yes
2030;Y has just told X that he/she is thinking of buying a flat in New York.;buying_a_flat;1682;Are you trying to live in a specific neighborhood?;I haven't decided yet;She didn't decide any specific neighborhood for living.;['Yes', 'No', 'Yes, subject to some conditions', 'In the middle, neither yes nor no', 'Other'];In the middle, neither yes nor no
2031;X wants to know what activities Y likes to do during weekends.;weekend_activities;1033;Do you like art galleries and museums?;I can't think of a better Saturday.;He likes art galleries and museums and wants to visit it this Saturday only.;['Yes', 'No', 'Yes, subject to some conditions', 'In the middle, neither yes nor no', 'Other'];Yes
2032;X wants to know what activities Y likes to do during weekends.;weekend_activities;1683;Would you ever sky dive?;If I could get up the nerve.;She never did sky dive.;['Yes', 'No', 'Yes, subject to some conditions', 'In the middle, neither yes nor no', 'Other'];Yes, subject to some conditions
2033;X wants to know what activities Y likes to do during weekends.;weekend_activities;1684;Would you like to be outdoors?;I love being outside.;He likes to be outdoors.;['Yes', 'No', 'Yes, subject to some conditions', 'In the middle, neither yes nor no', 'Other'];Yes
2034;X wants to know what activities Y likes to do during weekends.;weekend_activities;1685;Do you like being out on the water?;I'm scared of drowning.;She doesn't like being out on the water.;['Yes', 'No', 'Yes, subject to some conditions', 'In the middle, neither yes nor no', 'Other'];No
2035;Y has just told X that he/she is considering switching his/her job.;switching_jobs;1686;Is it in tech?;I work in the arts.;I work in the arts instead of tech.;['Yes', 'No', 'Yes, subject to some conditions', 'In the middle, neither yes nor no', 'Other'];No
2036;Y has just told X that he/she is considering switching his/her job.;switching_jobs;1687;Are you happy with your coworkers now?;They're all so helpful!;He is happy with your coworkers now as they are very helpful.;['Yes', 'No', 'Yes, subject to some conditions', 'In the middle, neither yes nor no', 'Other'];Yes
2037;Y has just told X that he/she is thinking of buying a flat in New York.;buying_a_flat;1688;Are you moving to New York?;I'm not sure how long I'll stay.;He is trying to move to New York.;['Yes', 'No', 'Yes, subject to some conditions', 'In the middle, neither yes nor no', 'Other'];In the middle, neither yes nor no
2038;Y has just told X that he/she is thinking of buying a flat in New York.;buying_a_flat;1689;Have you ever been to New York?;This will be my first time.;He is going to New York for first time.;['Yes', 'No', 'Yes, subject to some conditions', 'In the middle, neither yes nor no', 'Other'];No
2039;Y has just told X that he/she is thinking of buying a flat in New York.;buying_a_flat;1690;Does the neighborhood have a good reputation?;Every website I've looked at has great reviews for the area.;The neighborhood has a good reputation, as every website has great reviews for the area.;['Yes', 'No', 'Yes, subject to some conditions', 'In the middle, neither yes nor no', 'Other'];Yes
2040;X and Y are childhood neighbours who unexpectedly run into each other at a cafe.;meeting_childhood_neighbour;1691;Do you want to meet up later to catch up?;I have plans tonight, but I'm free tomorrow.;He wants to meet up later to catch up tomorrow.;['Yes', 'No', 'Yes, subject to some conditions', 'In the middle, neither yes nor no', 'Other'];Yes, subject to some conditions
2041;Y has just told X that he/she is thinking of buying a flat in New York.;buying_a_flat;463;Does it have to be in the city itself?;That's the plan.;It has to be in the city itself.;['Yes', 'No', 'Yes, subject to some conditions', 'In the middle, neither yes nor no', 'Other'];Yes
2042;Y has just moved into a neighbourhood and meets his/her new neighbour X.;meeting_new_neighbour;1692;Are you employed full-time?;I'll be in the office Monday-Friday.;He is employed full-time in the office Monday-Friday.;['Yes', 'No', 'Yes, subject to some conditions', 'In the middle, neither yes nor no', 'Other'];Yes
2043;Y has just told X that he/she is considering switching his/her job.;switching_jobs;1693;Are you a Supervisor now?;I will be soon;He is not a Supervisor now but he will be soon.;['Yes', 'No', 'Yes, subject to some conditions', 'In the middle, neither yes nor no', 'Other'];No
2044;Y has just moved into a neighbourhood and meets his/her new neighbour X.;meeting_new_neighbour;1694;Have you been to this area before?;Just when we were checking out the place.;She hasn't been to this area before.;['Yes', 'No', 'Yes, subject to some conditions', 'In the middle, neither yes nor no', 'Other'];Yes
2045;Y has just moved into a neighbourhood and meets his/her new neighbour X.;meeting_new_neighbour;1695;Do you have a spouse/significant other?;I've been married to my wife for five years.;He has a spouse for five years.;['Yes', 'No', 'Yes, subject to some conditions', 'In the middle, neither yes nor no', 'Other'];Yes
2046;X and Y are colleagues who are leaving work on a Friday at the same time.;colleagues_leaving_work;1696;Are you going to the supermarket ?;I went yesterday.;She went to the supermarket yesterday.;['Yes', 'No', 'Yes, subject to some conditions', 'In the middle, neither yes nor no', 'Other'];No
2047;Y has just moved into a neighbourhood and meets his/her new neighbour X.;meeting_new_neighbour;562;Did you get the pool key?;I need to ask for it.;She didn't get the pool key yet.;['Yes', 'No', 'Yes, subject to some conditions', 'In the middle, neither yes nor no', 'Other'];No
2048;X wants to know what sorts of books Y likes to read.;book_preferences;1697;Have you ever read Dean Koontz?;I have tried a few.;He read few books of Dean Koontz.;['Yes', 'No', 'Yes, subject to some conditions', 'In the middle, neither yes nor no', 'Other'];Yes
2049;Y has just travelled from a different city to meet X.;travelling_to_meet_someone;1698;Have you been feeling well?;I am a lucky man.;He has been feeling well.;['Yes', 'No', 'Yes, subject to some conditions', 'In the middle, neither yes nor no', 'Other'];Yes
2050;X and Y are childhood neighbours who unexpectedly run into each other at a cafe.;meeting_childhood_neighbour;1699;Do you still live around here?;I'm just visiting.;He came here just to visit around here.;['Yes', 'No', 'Yes, subject to some conditions', 'In the middle, neither yes nor no', 'Other'];No
2051;Y has just travelled from a different city to meet X.;travelling_to_meet_someone;1700;Does going out for dinner tonight sound good to you?;If we can get Chinese.;She is interested for dinner tonight if there Chinese foods are available.;['Yes', 'No', 'Yes, subject to some conditions', 'In the middle, neither yes nor no', 'Other'];Yes, subject to some conditions
2052;X and Y are colleagues who are leaving work on a Friday at the same time.;colleagues_leaving_work;515;Is it the end of the day already?;Time flies!;It is the end of the day.;['Yes', 'No', 'Yes, subject to some conditions', 'In the middle, neither yes nor no', 'Other'];Yes
2053;Y has just travelled from a different city to meet X.;travelling_to_meet_someone;1701;How was your trip here?;I didn't have any problems.;The trip was pleasant wiwithout facing any problem.;['Yes', 'No', 'Yes, subject to some conditions', 'In the middle, neither yes nor no', 'Other'];Other
2054;X wants to know what activities Y likes to do during weekends.;weekend_activities;1702;Do you ever go hanging out at the local bar?;Every weekend;She goes for hanging out at the local bar every weekend.;['Yes', 'No', 'Yes, subject to some conditions', 'In the middle, neither yes nor no', 'Other'];Yes
2055;X wants to know about Y's food preferences.;food_preferences;1703;Would you prefer cakes or pies?;Cakes are better than pies to me.;She prefers cakes instead of pies.;['Yes', 'No', 'Yes, subject to some conditions', 'In the middle, neither yes nor no', 'Other'];Other
2056;X wants to know what activities Y likes to do during weekends.;weekend_activities;1704;Do you like trivia?;I'm a trivia champion.;I like trivia and i'm champion of it.;['Yes', 'No', 'Yes, subject to some conditions', 'In the middle, neither yes nor no', 'Other'];Yes
2057;X and Y are childhood neighbours who unexpectedly run into each other at a cafe.;meeting_childhood_neighbour;1014;Is that really you?;It's me!;He really came to the cafe and unexpectedly met her.;['Yes', 'No', 'Yes, subject to some conditions', 'In the middle, neither yes nor no', 'Other'];Yes
2058;Y has just told X that he/she is thinking of buying a flat in New York.;buying_a_flat;1582;Have you decided which one you want?;I've narrowed it down to three.;He didn't decided which one he wants.;['Yes', 'No', 'Yes, subject to some conditions', 'In the middle, neither yes nor no', 'Other'];No
2059;Y has just told X that he/she is considering switching his/her job.;switching_jobs;1705;Do you ever work from home?;I have, but I don't enjoy it.;Though he worked from home he didn't like it.;['Yes', 'No', 'Yes, subject to some conditions', 'In the middle, neither yes nor no', 'Other'];Yes
2060;Y has just told X that he/she is thinking of buying a flat in New York.;buying_a_flat;1648;Have you decided which neighborhood you want to buy in?;I am open to a few areas.;He selected few areas but he did not decided which neighbourhoodto buy yet.;['Yes', 'No', 'Yes, subject to some conditions', 'In the middle, neither yes nor no', 'Other'];No
2061;X wants to know about Y's food preferences.;food_preferences;1706;Do you often eat out in restaurants?;I try to get out once a week.;Once a weekshe eats out in restaurants.;['Yes', 'No', 'Yes, subject to some conditions', 'In the middle, neither yes nor no', 'Other'];Yes
2062;X and Y are childhood neighbours who unexpectedly run into each other at a cafe.;meeting_childhood_neighbour;903;Have you gotten a job?;I'm a stay-at-home mother.;She is stay-at-home mother. So it seems she did not get a job.;['Yes', 'No', 'Yes, subject to some conditions', 'In the middle, neither yes nor no', 'Other'];No
2063;X and Y are colleagues who are leaving work on a Friday at the same time.;colleagues_leaving_work;1707;Are you ready to enjoy the weekend?;It's been a long week.;She is ready to enjoy the weekend.;['Yes', 'No', 'Yes, subject to some conditions', 'In the middle, neither yes nor no', 'Other'];Yes
2064;Y has just told X that he/she is thinking of buying a flat in New York.;buying_a_flat;644;Can you handle the cost of living there?;I make a lot of money now.;He saved a lot of money so he can handle the cost of living there.;['Yes', 'No', 'Yes, subject to some conditions', 'In the middle, neither yes nor no', 'Other'];Yes
2065;X and Y are childhood neighbours who unexpectedly run into each other at a cafe.;meeting_childhood_neighbour;884;Do you live in town?;I live 10 minutes from it;She lives 10 minutes far from the town.;['Yes', 'No', 'Yes, subject to some conditions', 'In the middle, neither yes nor no', 'Other'];No
2066;Y has just travelled from a different city to meet X.;travelling_to_meet_someone;790;Are you ready to go out for dinner?;I need to shower before we go out.;She is ready to go out for dinner but after having shower.;['Yes', 'No', 'Yes, subject to some conditions', 'In the middle, neither yes nor no', 'Other'];No
2067;X wants to know what sorts of books Y likes to read.;book_preferences;1593;Did you read The Help?;I have never read any books by Kathryn Stockett..;He has never read any books by Kathryn Stockett. So it seems he didn't read The Help too.;['Yes', 'No', 'Yes, subject to some conditions', 'In the middle, neither yes nor no', 'Other'];No
2068;X and Y are childhood neighbours who unexpectedly run into each other at a cafe.;meeting_childhood_neighbour;646;Is your brother still in London?;He is in Jamaica now.;Her brother is in Jamaica now.;['Yes', 'No', 'Yes, subject to some conditions', 'In the middle, neither yes nor no', 'Other'];No
2069;X and Y are childhood neighbours who unexpectedly run into each other at a cafe.;meeting_childhood_neighbour;1708;Did you ever become a surgeon?;I dropped out of med school.;He couldn't be a surgeon as he dropped out of med school.;['Yes', 'No', 'Yes, subject to some conditions', 'In the middle, neither yes nor no', 'Other'];No
2070;X wants to know what activities Y likes to do during weekends.;weekend_activities;1644;Do you like to swim?;I don't own a suit.;She doesn't like to swim.;['Yes', 'No', 'Yes, subject to some conditions', 'In the middle, neither yes nor no', 'Other'];No
2071;Y has just told X that he/she is considering switching his/her job.;switching_jobs;1709;Do you like working with people?;It's good to have a team.;She likes to work in a team.;['Yes', 'No', 'Yes, subject to some conditions', 'In the middle, neither yes nor no', 'Other'];Yes
2072;Y has just moved into a neighbourhood and meets his/her new neighbour X.;meeting_new_neighbour;1710;Will your kids be going to the local school?;Only if they can all get in.;Her kids will go to the local school if they get chance.;['Yes', 'No', 'Yes, subject to some conditions', 'In the middle, neither yes nor no', 'Other'];Yes, subject to some conditions
2073;X wants to know about Y's food preferences.;food_preferences;1711;Did you enjoy the last Mediterranean restaurant we went to?;I only liked the salad.;He didn't like the last Mediterranean restaurant where they went to except the salad.;['Yes', 'No', 'Yes, subject to some conditions', 'In the middle, neither yes nor no', 'Other'];No
2074;Y has just moved into a neighbourhood and meets his/her new neighbour X.;meeting_new_neighbour;1712;Have you been downtown yet?;We haven't explored much yet.;He didn't visit downtown yet.;['Yes', 'No', 'Yes, subject to some conditions', 'In the middle, neither yes nor no', 'Other'];No
2075;X and Y are colleagues who are leaving work on a Friday at the same time.;colleagues_leaving_work;1713;Are you going to be here tomorrow?;Only if my boss calls me in.;She may come here tomorrow if her boss calls her in.;['Yes', 'No', 'Yes, subject to some conditions', 'In the middle, neither yes nor no', 'Other'];No
2076;Y has just told X that he/she is considering switching his/her job.;switching_jobs;715;Have you worked in your company for a long time?;This will be my nineteenth year.;He is working in the company for 19th years.;['Yes', 'No', 'Yes, subject to some conditions', 'In the middle, neither yes nor no', 'Other'];Yes
2077;Y has just told X that he/she is thinking of buying a flat in New York.;buying_a_flat;1714;Is that going to cost a lot?;I'm only looking at places in my budget.;He is looking at places according to his budget so it would not cost a lot.;['Yes', 'No', 'Yes, subject to some conditions', 'In the middle, neither yes nor no', 'Other'];In the middle, neither yes nor no
2078;Y has just travelled from a different city to meet X.;travelling_to_meet_someone;1116;Was you flight pleasant?;There was a crying baby for most of it.;Her flight was not pleasant as there was baby crying for most of time.;['Yes', 'No', 'Yes, subject to some conditions', 'In the middle, neither yes nor no', 'Other'];No
2079;X wants to know about Y's food preferences.;food_preferences;1715;Did you enjoy the all you can eat food variety we had last week?;It was great!;She liked all the food varieties that they ate last week.;['Yes', 'No', 'Yes, subject to some conditions', 'In the middle, neither yes nor no', 'Other'];Yes
2080;X wants to know about Y's food preferences.;food_preferences;1716;Do you like Chinese rice?;With pork!;He likes Chinese rice with pork.;['Yes', 'No', 'Yes, subject to some conditions', 'In the middle, neither yes nor no', 'Other'];Yes, subject to some conditions
2081;X wants to know what activities Y likes to do during weekends.;weekend_activities;1717;Have you ever gone kayaking?;I've kayaked in Sweden.;He has kayaked in Sweden.;['Yes', 'No', 'Yes, subject to some conditions', 'In the middle, neither yes nor no', 'Other'];Yes
2082;X wants to know about Y's food preferences.;food_preferences;1718;Do you want to order some pizza?;If we can get a plain cheese.;She wants to order some pizza if a plain cheese is available.;['Yes', 'No', 'Yes, subject to some conditions', 'In the middle, neither yes nor no', 'Other'];Yes, subject to some conditions
2083;X wants to know about Y's food preferences.;food_preferences;1719;Are you into spicy foods?;I have never been able to tolerate hot dishes.;She never eats spicy foods.;['Yes', 'No', 'Yes, subject to some conditions', 'In the middle, neither yes nor no', 'Other'];No
2084;X wants to know what sorts of books Y likes to read.;book_preferences;1720;Do you read mystery novels;I'm bored by mystery novels.;He feels bored while reading mystery novels. So he never reads it.;['Yes', 'No', 'Yes, subject to some conditions', 'In the middle, neither yes nor no', 'Other'];No
2085;X wants to know about Y's music preferences.;music_preferences;752;Have you played an instrument before?;I played the flute in school.;She used to play the flute in school.;['Yes', 'No', 'Yes, subject to some conditions', 'In the middle, neither yes nor no', 'Other'];Yes
2086;X wants to know about Y's music preferences.;music_preferences;1721;Can you sing?;I can't carry a tune.;He doesn't know singing.;['Yes', 'No', 'Yes, subject to some conditions', 'In the middle, neither yes nor no', 'Other'];No
2087;Y has just told X that he/she is considering switching his/her job.;switching_jobs;1722;Would traveling for work be OK?;If it's required, I'll do it.;If required travelling is fine to her.;['Yes', 'No', 'Yes, subject to some conditions', 'In the middle, neither yes nor no', 'Other'];Yes, subject to some conditions
2088;X and Y are childhood neighbours who unexpectedly run into each other at a cafe.;meeting_childhood_neighbour;1723;Did you attend the neighborhood's high school?;All four years.;He attended the neighbourhood's high school all four years.;['Yes', 'No', 'Yes, subject to some conditions', 'In the middle, neither yes nor no', 'Other'];Yes
2089;X wants to know about Y's music preferences.;music_preferences;1724;Did you dance at the event?;I couldn't stop, the music was hot.;She danced a lot at the event because of the hot music.;['Yes', 'No', 'Yes, subject to some conditions', 'In the middle, neither yes nor no', 'Other'];Yes
2090;X wants to know about Y's food preferences.;food_preferences;1725;Have you ever try Mexican food?;Several times.;He ate Mexican foods many time.;['Yes', 'No', 'Yes, subject to some conditions', 'In the middle, neither yes nor no', 'Other'];Yes
2091;X wants to know about Y's food preferences.;food_preferences;1726;Are you into trying a mom and pop burger place near me?;I'd prefer something a little less casual.;She prefers something a little less casual. So it seems she never tried a mom and pop burger place near him.;['Yes', 'No', 'Yes, subject to some conditions', 'In the middle, neither yes nor no', 'Other'];No
2092;X wants to know what sorts of books Y likes to read.;book_preferences;1727;Are you into reading magazine?;I like magazines about electronics.;He reads magazines related to electronics.;['Yes', 'No', 'Yes, subject to some conditions', 'In the middle, neither yes nor no', 'Other'];Yes, subject to some conditions
2093;X wants to know what activities Y likes to do during weekends.;weekend_activities;1728;Have you seen the new Stephen King movie?;Chapter Two of It  was one of the best films I have seen recently.;She saw the new Stephen King movie recently, and she finds chapter two of it was one of the best films.;['Yes', 'No', 'Yes, subject to some conditions', 'In the middle, neither yes nor no', 'Other'];Yes
2094;Y has just moved into a neighbourhood and meets his/her new neighbour X.;meeting_new_neighbour;1729;Do you ever smoke?;I quit before my son was born.;She used to smoke before her son was born.;['Yes', 'No', 'Yes, subject to some conditions', 'In the middle, neither yes nor no', 'Other'];No
2095;Y has just told X that he/she is thinking of buying a flat in New York.;buying_a_flat;1730;Do you know how expensive NYC is?;I've heard it's the most expensive city in America!;He is aware of how expensive New York city is.;['Yes', 'No', 'Yes, subject to some conditions', 'In the middle, neither yes nor no', 'Other'];Yes
2096;Y has just told X that he/she is considering switching his/her job.;switching_jobs;1731;Do you prefer a different career?;Only if the promotion opportunities are better.;She prefers a different career if there are better promotion opportunities.;['Yes', 'No', 'Yes, subject to some conditions', 'In the middle, neither yes nor no', 'Other'];Yes, subject to some conditions
2097;Y has just told X that he/she is considering switching his/her job.;switching_jobs;1732;Would you want a personal office?;A spot with a door I can close would be great.;He wants a personal office.;['Yes', 'No', 'Yes, subject to some conditions', 'In the middle, neither yes nor no', 'Other'];Yes
2098;X wants to know what sorts of books Y likes to read.;book_preferences;711;Do you choose books based on reader reviews?;If the book has a lot of positive feedback, I might read it.;If a book has a lot of positive feedback, she prefers to read it.;['Yes', 'No', 'Yes, subject to some conditions', 'In the middle, neither yes nor no', 'Other'];Yes
2099;X wants to know what sorts of books Y likes to read.;book_preferences;690;Would you like a romance story?;As long as it is well written.;She likes well written romance story;['Yes', 'No', 'Yes, subject to some conditions', 'In the middle, neither yes nor no', 'Other'];Yes, subject to some conditions
2100;X and Y are childhood neighbours who unexpectedly run into each other at a cafe.;meeting_childhood_neighbour;646;Is your brother still in London?;He's still there;Her brother is still in London.;['Yes', 'No', 'Yes, subject to some conditions', 'In the middle, neither yes nor no', 'Other'];Yes
2101;Y has just told X that he/she is considering switching his/her job.;switching_jobs;1733;Does your job involve customer service?;I don't have to deal with customers.;His job does not involve customer service so he doesn't have to deal with customers.;['Yes', 'No', 'Yes, subject to some conditions', 'In the middle, neither yes nor no', 'Other'];No
2102;X wants to know what sorts of books Y likes to read.;book_preferences;653;Are you looking for books that pull you in right away?;I love books that get me hooked right at the start.;She is looking for books that pull her in right away.;['Yes', 'No', 'Yes, subject to some conditions', 'In the middle, neither yes nor no', 'Other'];Yes
2103;X wants to know about Y's music preferences.;music_preferences;418;Do you like Rnb?;I prefer something more uptempo.;He prefers something more untempo rather than rnb.;['Yes', 'No', 'Yes, subject to some conditions', 'In the middle, neither yes nor no', 'Other'];No
2104;X wants to know about Y's food preferences.;food_preferences;1734;Are you eating on a budget?;I'm trying to cut back on how much I spend eating out.;He is trying to cut back on how much he spends eating out. So it seems he is eating on a budget.;['Yes', 'No', 'Yes, subject to some conditions', 'In the middle, neither yes nor no', 'Other'];Yes
2105;Y has just travelled from a different city to meet X.;travelling_to_meet_someone;739;While you're in town do you want to go see a game of American football?;I have tickets to Saturday's game.;She is interested to see a game of American football and she has tickets to Saturdays game.;['Yes', 'No', 'Yes, subject to some conditions', 'In the middle, neither yes nor no', 'Other'];Yes
2106;Y has just told X that he/she is thinking of buying a flat in New York.;buying_a_flat;1648;Have you decided which neighborhood you want to buy in?;I've still got some research to do.;He has not decided which neighbourhood he wants to buy in.;['Yes', 'No', 'Yes, subject to some conditions', 'In the middle, neither yes nor no', 'Other'];No
2107;Y has just told X that he/she is considering switching his/her job.;switching_jobs;1735;Is it full-time?;it is at the minute;It's not full-time.;['Yes', 'No', 'Yes, subject to some conditions', 'In the middle, neither yes nor no', 'Other'];Yes
2108;X wants to know about Y's music preferences.;music_preferences;1736;Have you ever seen a live band play?;I have a while ago;A while ago he attended a live band play.;['Yes', 'No', 'Yes, subject to some conditions', 'In the middle, neither yes nor no', 'Other'];Yes
2109;X and Y are colleagues who are leaving work on a Friday at the same time.;colleagues_leaving_work;1737;Do you like Italian food?;Italian food is my all time favourite.;She likes Italian foods, as it's her all time favourite.;['Yes', 'No', 'Yes, subject to some conditions', 'In the middle, neither yes nor no', 'Other'];Yes
2110;X wants to know what activities Y likes to do during weekends.;weekend_activities;1738;Did you enjoy the last walk we went on?;It was really relaxing.;He enjoys the last walk that they went on.;['Yes', 'No', 'Yes, subject to some conditions', 'In the middle, neither yes nor no', 'Other'];Yes
2111;X wants to know what activities Y likes to do during weekends.;weekend_activities;1008;Do you like cycling?;I bike every day.;She prefers bike instead of cycling.;['Yes', 'No', 'Yes, subject to some conditions', 'In the middle, neither yes nor no', 'Other'];Yes
2112;X wants to know what sorts of books Y likes to read.;book_preferences;918;Do you like mystery novels?;I prefer true crime novels;I prefer true crime novels instead of mystery novels.;['Yes', 'No', 'Yes, subject to some conditions', 'In the middle, neither yes nor no', 'Other'];No
2113;X and Y are colleagues who are leaving work on a Friday at the same time.;colleagues_leaving_work;1002;Want to grab a coffee/drink?;My wife is expecting me in five minutes.;He does not want to have a cup of coffee or drink as his wife is waiting for him.;['Yes', 'No', 'Yes, subject to some conditions', 'In the middle, neither yes nor no', 'Other'];No
2114;X wants to know what activities Y likes to do during weekends.;weekend_activities;1739;Do you like working in groups?;I prefer to work alone.;He prefers to work alone instead of working in a group.;['Yes', 'No', 'Yes, subject to some conditions', 'In the middle, neither yes nor no', 'Other'];No
2115;X wants to know what activities Y likes to do during weekends.;weekend_activities;1739;Do you like working in groups?;I prefer to work alone.;He prefers to work alone instead of working in a group.;['Yes', 'No', 'Yes, subject to some conditions', 'In the middle, neither yes nor no', 'Other'];No
2116;X wants to know what sorts of books Y likes to read.;book_preferences;1740;Do you reread favorite books?;It depends on the book.;She rereads her favourite books depending on the books.;['Yes', 'No', 'Yes, subject to some conditions', 'In the middle, neither yes nor no', 'Other'];Yes
2117;Y has just moved into a neighbourhood and meets his/her new neighbour X.;meeting_new_neighbour;1741;Do you have any children?;The husband and I are waiting till we can afford our own place.;She doesn't have any children.;['Yes', 'No', 'Yes, subject to some conditions', 'In the middle, neither yes nor no', 'Other'];No
2118;X wants to know what sorts of books Y likes to read.;book_preferences;1742;Do you like novels?;I like longer stories because they hold my attention.;He likes novels because their long stories hold his attention.;['Yes', 'No', 'Yes, subject to some conditions', 'In the middle, neither yes nor no', 'Other'];Yes
2119;X and Y are colleagues who are leaving work on a Friday at the same time.;colleagues_leaving_work;1743;Do you own a car?;I have a Honda Civic.;He has his own Honda civic car.;['Yes', 'No', 'Yes, subject to some conditions', 'In the middle, neither yes nor no', 'Other'];Yes
2120;X wants to know about Y's food preferences.;food_preferences;996;Do you like biryani?;I don't eat rice.;He doesn't eat rice, as well as he doesn't like Biryani.;['Yes', 'No', 'Yes, subject to some conditions', 'In the middle, neither yes nor no', 'Other'];No
2121;X wants to know what activities Y likes to do during weekends.;weekend_activities;826;Have you checked the concerts happening in the area?;Not lately.;She didn't check the concert happening in the area.;['Yes', 'No', 'Yes, subject to some conditions', 'In the middle, neither yes nor no', 'Other'];No
2122;Y has just told X that he/she is considering switching his/her job.;switching_jobs;1744;Do you like to work with computers?;Dealing with computers is easier than dealing with people.;He likes to work with computers as it is easier than dealing with people.;['Yes', 'No', 'Yes, subject to some conditions', 'In the middle, neither yes nor no', 'Other'];Yes
2123;X wants to know what activities Y likes to do during weekends.;weekend_activities;1745;Do you like going to the cinema or watching films in general?;Movies are my passion.;It's her passion to go for the cinema or watching films in general.;['Yes', 'No', 'Yes, subject to some conditions', 'In the middle, neither yes nor no', 'Other'];Yes
2124;X and Y are colleagues who are leaving work on a Friday at the same time.;colleagues_leaving_work;1746;Are you meeting everyone at the bar?;I'm giving them a head start.;He is giving everyone a head start at the bar.;['Yes', 'No', 'Yes, subject to some conditions', 'In the middle, neither yes nor no', 'Other'];Yes
2125;X wants to know what activities Y likes to do during weekends.;weekend_activities;1747;Is there an activity you have a passion for?;I have many hobbies.;She has passion for her many hobbies.;['Yes', 'No', 'Yes, subject to some conditions', 'In the middle, neither yes nor no', 'Other'];Yes
2126;Y has just told X that he/she is thinking of buying a flat in New York.;buying_a_flat;1748;Are parking fees included in your rental agreement?;I believe they are covered.;Parking fee is included to her rental agreement.;['Yes', 'No', 'Yes, subject to some conditions', 'In the middle, neither yes nor no', 'Other'];Yes
2127;Y has just told X that he/she is thinking of buying a flat in New York.;buying_a_flat;1749;Do you know how expensive New York is?;The city is very expensive.;He is aware of how expensive New York is.;['Yes', 'No', 'Yes, subject to some conditions', 'In the middle, neither yes nor no', 'Other'];Yes
2128;Y has just told X that he/she is considering switching his/her job.;switching_jobs;1709;Do you like working with people?;Chatting occasionally makes the day go by faster.;He likes working with people.;['Yes', 'No', 'Yes, subject to some conditions', 'In the middle, neither yes nor no', 'Other'];Yes
2129;X wants to know about Y's food preferences.;food_preferences;1750;Do you like fish?;I'm allergic to fish.;She is allergic to fish, so she doesn't like it.;['Yes', 'No', 'Yes, subject to some conditions', 'In the middle, neither yes nor no', 'Other'];No
2130;X and Y are childhood neighbours who unexpectedly run into each other at a cafe.;meeting_childhood_neighbour;1751;Are you married yet?;We're still engaged.;She is engaged but didn't get married.;['Yes', 'No', 'Yes, subject to some conditions', 'In the middle, neither yes nor no', 'Other'];No
2131;X wants to know about Y's food preferences.;food_preferences;1752;Do you like turkey?;I prefer chicken.;I prefer chicken rather than turkey.;['Yes', 'No', 'Yes, subject to some conditions', 'In the middle, neither yes nor no', 'Other'];No
2132;X wants to know about Y's food preferences.;food_preferences;1752;Do you like turkey?;I prefer chicken.;I prefer chicken rather than turkey.;['Yes', 'No', 'Yes, subject to some conditions', 'In the middle, neither yes nor no', 'Other'];No
2133;X wants to know about Y's music preferences.;music_preferences;1651;Do you like pop music?;When the singing is good.;He likes pop music if the music is good.;['Yes', 'No', 'Yes, subject to some conditions', 'In the middle, neither yes nor no', 'Other'];Yes, subject to some conditions
2134;X wants to know about Y's music preferences.;music_preferences;600;Have you been to the 360 amphitheater?;Several times, actually.;She has been to the 360 amphitheate several time.;['Yes', 'No', 'Yes, subject to some conditions', 'In the middle, neither yes nor no', 'Other'];Yes
2135;X wants to know what activities Y likes to do during weekends.;weekend_activities;1753;Are you into sight-seeing?;I love to see the attractions in every city I visit.;She loves sight-seeing in every city where she visits.;['Yes', 'No', 'Yes, subject to some conditions', 'In the middle, neither yes nor no', 'Other'];Yes
2136;X and Y are childhood neighbours who unexpectedly run into each other at a cafe.;meeting_childhood_neighbour;884;Do you live in town?;I live on the block over.;I live on the block over instead of living in town.;['Yes', 'No', 'Yes, subject to some conditions', 'In the middle, neither yes nor no', 'Other'];Yes
2137;Y has just moved into a neighbourhood and meets his/her new neighbour X.;meeting_new_neighbour;575;Would you like to talk about sports?;If you want to;If he wants she can talk about sports.;['Yes', 'No', 'Yes, subject to some conditions', 'In the middle, neither yes nor no', 'Other'];Yes, subject to some conditions
2138;Y has just told X that he/she is considering switching his/her job.;switching_jobs;635;Will you work on the weekends?;Depends if it's required.;If it's required, he works on the weekends.;['Yes', 'No', 'Yes, subject to some conditions', 'In the middle, neither yes nor no', 'Other'];Yes, subject to some conditions
2139;X and Y are colleagues who are leaving work on a Friday at the same time.;colleagues_leaving_work;1754;Going anywhere this weekend?;Work scheduled me in for the weekend.;He is not going anywhere as he has scheduled work for the weekend.;['Yes', 'No', 'Yes, subject to some conditions', 'In the middle, neither yes nor no', 'Other'];No
2140;X and Y are childhood neighbours who unexpectedly run into each other at a cafe.;meeting_childhood_neighbour;1755;Do you have any kids of your own now?;Not at the moment;She doesn't have her kids yet.;['Yes', 'No', 'Yes, subject to some conditions', 'In the middle, neither yes nor no', 'Other'];No
2141;X wants to know about Y's food preferences.;food_preferences;1750;Do you like fish?;I'm a pescatarian.;He doesn't like fish.;['Yes', 'No', 'Yes, subject to some conditions', 'In the middle, neither yes nor no', 'Other'];Yes
2142;Y has just moved into a neighbourhood and meets his/her new neighbour X.;meeting_new_neighbour;1756;Have you met the other neighbors?;They all seem to be out of town.;She didn't met the other neighbors because they all seem to be out of town.;['Yes', 'No', 'Yes, subject to some conditions', 'In the middle, neither yes nor no', 'Other'];No
2143;Y has just told X that he/she is thinking of buying a flat in New York.;buying_a_flat;1757;Do you like getting a massage?;I don't like strangers touching me.;He doesn't  like getting a massage from any stranger.;['Yes', 'No', 'Yes, subject to some conditions', 'In the middle, neither yes nor no', 'Other'];No
2144;X and Y are colleagues who are leaving work on a Friday at the same time.;colleagues_leaving_work;1758;Would you like to try that new Italian place down the road?;Let's try to get a reservation.;She is interested to try that new Italian place down the road.;['Yes', 'No', 'Yes, subject to some conditions', 'In the middle, neither yes nor no', 'Other'];Yes
2145;Y has just travelled from a different city to meet X.;travelling_to_meet_someone;679;Do you stay up late?;I usually stay up past 10pm.;I usually stay up late.;['Yes', 'No', 'Yes, subject to some conditions', 'In the middle, neither yes nor no', 'Other'];In the middle, neither yes nor no
2146;Y has just travelled from a different city to meet X.;travelling_to_meet_someone;1759;Have you eaten yet?;I was waiting on you;He didn't eat yet as she was waiting for him.;['Yes', 'No', 'Yes, subject to some conditions', 'In the middle, neither yes nor no', 'Other'];No
2147;X wants to know about Y's food preferences.;food_preferences;1760;Before we go any further I have to know, do you like lasagna?;I make lasagna all the time.;She likes lasagna and she make it all the time.;['Yes', 'No', 'Yes, subject to some conditions', 'In the middle, neither yes nor no', 'Other'];Yes
2148;X and Y are childhood neighbours who unexpectedly run into each other at a cafe.;meeting_childhood_neighbour;1761;Is your mom still teaching at the university?;she retired a while ago;His mom retired a while ago from the university.;['Yes', 'No', 'Yes, subject to some conditions', 'In the middle, neither yes nor no', 'Other'];No
2149;X wants to know about Y's food preferences.;food_preferences;1762;Do you eat meat?;I am a hunter.;She eats meat.;['Yes', 'No', 'Yes, subject to some conditions', 'In the middle, neither yes nor no', 'Other'];Yes
2150;Y has just told X that he/she is considering switching his/her job.;switching_jobs;980;Do you work a morning shift?;I work the night shift.;She works the night shift instead of morning shift.;['Yes', 'No', 'Yes, subject to some conditions', 'In the middle, neither yes nor no', 'Other'];No
2151;Y has just travelled from a different city to meet X.;travelling_to_meet_someone;1763;Did you enjoy your journey?;It was a pretty boring drive.;He did not enjoy his journey as it was a boring drive.;['Yes', 'No', 'Yes, subject to some conditions', 'In the middle, neither yes nor no', 'Other'];No
2152;X wants to know what sorts of books Y likes to read.;book_preferences;1764;Do you prefer biographies?;I do not read them;She doesn't read biographies.;['Yes', 'No', 'Yes, subject to some conditions', 'In the middle, neither yes nor no', 'Other'];No
2153;X wants to know about Y's music preferences.;music_preferences;1637;Would you go to a metal show?;I haven't been to one in years.;He didn't go to a metal so even once in a year.;['Yes', 'No', 'Yes, subject to some conditions', 'In the middle, neither yes nor no', 'Other'];In the middle, neither yes nor no
2154;X wants to know what sorts of books Y likes to read.;book_preferences;1765;Do you like sci-fi?;If it's also a fantasy book.;She likes Si-Fi if it's also a fantasy book.;['Yes', 'No', 'Yes, subject to some conditions', 'In the middle, neither yes nor no', 'Other'];Yes, subject to some conditions
2155;X wants to know what activities Y likes to do during weekends.;weekend_activities;1766;Did you like my music CD?;It was amazing!;He finds her music CD amazing.;['Yes', 'No', 'Yes, subject to some conditions', 'In the middle, neither yes nor no', 'Other'];Yes
2156;Y has just travelled from a different city to meet X.;travelling_to_meet_someone;1767;Are your studies going well?;I graduate in a few weeks.;She will graduate in a few weeks. So it seems her studies is going well.;['Yes', 'No', 'Yes, subject to some conditions', 'In the middle, neither yes nor no', 'Other'];Yes
2157;X wants to know about Y's food preferences.;food_preferences;1734;Are you eating on a budget?;We're trying to.;They are trying to eat on a budget.;['Yes', 'No', 'Yes, subject to some conditions', 'In the middle, neither yes nor no', 'Other'];Yes
2158;Y has just travelled from a different city to meet X.;travelling_to_meet_someone;1768;Shall we have dinner?;I'm starving.;He is interested for dinner.;['Yes', 'No', 'Yes, subject to some conditions', 'In the middle, neither yes nor no', 'Other'];Yes
2159;Y has just travelled from a different city to meet X.;travelling_to_meet_someone;1768;Shall we have dinner?;I'm starving.;He is interested for dinner.;['Yes', 'No', 'Yes, subject to some conditions', 'In the middle, neither yes nor no', 'Other'];Yes
2160;X and Y are colleagues who are leaving work on a Friday at the same time.;colleagues_leaving_work;1769;Are you glad the week is over?;I'm looking forward to the weekend.;She feels glad that the week is over.;['Yes', 'No', 'Yes, subject to some conditions', 'In the middle, neither yes nor no', 'Other'];Yes
2161;Y has just told X that he/she is thinking of buying a flat in New York.;buying_a_flat;1770;Did you visit any flats you're interested in yet?;I saw one potential place yesterday.;He visited a flat yesterday.;['Yes', 'No', 'Yes, subject to some conditions', 'In the middle, neither yes nor no', 'Other'];Yes
2162;Y has just moved into a neighbourhood and meets his/her new neighbour X.;meeting_new_neighbour;1617;Do you work in the area?;I work about 5 miles out from this area;She doesn't work in the area but she works five miles away from it.;['Yes', 'No', 'Yes, subject to some conditions', 'In the middle, neither yes nor no', 'Other'];No
2163;Y has just told X that he/she is considering switching his/her job.;switching_jobs;1771;Would you be interested in a new industry altogether?;I would love to try something new.;She is interested in a new industry.;['Yes', 'No', 'Yes, subject to some conditions', 'In the middle, neither yes nor no', 'Other'];Yes
2164;Y has just told X that he/she is thinking of buying a flat in New York.;buying_a_flat;1772;Does sushi fill you up?;The rice does.;The rice fills him up instead of sushi.;['Yes', 'No', 'Yes, subject to some conditions', 'In the middle, neither yes nor no', 'Other'];Yes
2165;Y has just told X that he/she is thinking of buying a flat in New York.;buying_a_flat;433;Did you consult with your partner/parents?;They're on board with it.;He consulted with your partner/parents.;['Yes', 'No', 'Yes, subject to some conditions', 'In the middle, neither yes nor no', 'Other'];Yes
2166;X wants to know about Y's music preferences.;music_preferences;1773;Do you like to sing?;Only when I'm alone.;She likes singing when she is alone.;['Yes', 'No', 'Yes, subject to some conditions', 'In the middle, neither yes nor no', 'Other'];Yes, subject to some conditions
2167;X wants to know about Y's music preferences.;music_preferences;1773;Do you like to sing?;Only when I'm alone.;She likes singing when she is alone.;['Yes', 'No', 'Yes, subject to some conditions', 'In the middle, neither yes nor no', 'Other'];Yes, subject to some conditions
2168;X wants to know about Y's music preferences.;music_preferences;1773;Do you like to sing?;Only when I'm alone.;She likes singing when she is alone.;['Yes', 'No', 'Yes, subject to some conditions', 'In the middle, neither yes nor no', 'Other'];Yes, subject to some conditions
2169;X wants to know about Y's music preferences.;music_preferences;1034;Have you gone to any good concerts lately?;I can't say I have.;He didn't attend any good concert.;['Yes', 'No', 'Yes, subject to some conditions', 'In the middle, neither yes nor no', 'Other'];No
2170;Y has just travelled from a different city to meet X.;travelling_to_meet_someone;1774;Do you like local cuisine?;I like a few restaurants here, and some are further away.;She likes a few restaurants here, and some are further away.;['Yes', 'No', 'Yes, subject to some conditions', 'In the middle, neither yes nor no', 'Other'];Yes
2171;X and Y are colleagues who are leaving work on a Friday at the same time.;colleagues_leaving_work;1775;Can you open the door for me?;Sorry, I have a box in my hands.;He is unable to open the door because there is a box in his hand.;['Yes', 'No', 'Yes, subject to some conditions', 'In the middle, neither yes nor no', 'Other'];No
2172;X wants to know about Y's food preferences.;food_preferences;1737;Do you like Italian food?;It is my favourite;She likes Italian food and its her favourite food.;['Yes', 'No', 'Yes, subject to some conditions', 'In the middle, neither yes nor no', 'Other'];Yes
2173;Y has just travelled from a different city to meet X.;travelling_to_meet_someone;1776;Your kids didn't come with you this time?;They are at summer camp back home.;Her kids could not come with her this time because they are at summer camp back home.;['Yes', 'No', 'Yes, subject to some conditions', 'In the middle, neither yes nor no', 'Other'];No
2174;X wants to know what activities Y likes to do during weekends.;weekend_activities;1777;Do you exercise?;I keep active as much as a can.;She practices exercise to be active.;['Yes', 'No', 'Yes, subject to some conditions', 'In the middle, neither yes nor no', 'Other'];Yes
2175;Y has just told X that he/she is considering switching his/her job.;switching_jobs;1778;Do you want to leave the job?;I'm sending resumes out this week.;She is searching a new job. So it seems see wants to leave the current job.;['Yes', 'No', 'Yes, subject to some conditions', 'In the middle, neither yes nor no', 'Other'];Yes
2176;Y has just told X that he/she is thinking of buying a flat in New York.;buying_a_flat;1779;Is there a secure parking area?;I don't drive a car.;He doesn't drive a car, so he doesn't know any parking area.;['Yes', 'No', 'Yes, subject to some conditions', 'In the middle, neither yes nor no', 'Other'];In the middle, neither yes nor no
2177;X wants to know what sorts of books Y likes to read.;book_preferences;1647;Have you heard of the Father Brown mysteries?;I haven't heard much about the mystery genre.;She is not interested in the mystery genre, so she didn't heard of the Father Brown mysteries.;['Yes', 'No', 'Yes, subject to some conditions', 'In the middle, neither yes nor no', 'Other'];No
2178;X wants to know what sorts of books Y likes to read.;book_preferences;1780;Are you interested in history?;Depends on the topic;He is interested in history but it is depending on the topic.;['Yes', 'No', 'Yes, subject to some conditions', 'In the middle, neither yes nor no', 'Other'];Yes, subject to some conditions
2179;Y has just told X that he/she is thinking of buying a flat in New York.;buying_a_flat;1781;What is the best park to visit?;I haven't visited the parks yet.;She didn't visit any park yet, so she doesn't know which one is the best park.;['Yes', 'No', 'Yes, subject to some conditions', 'In the middle, neither yes nor no', 'Other'];Other
2180;Y has just told X that he/she is thinking of buying a flat in New York.;buying_a_flat;1782;Would you like a lower level flat?;I want a view over the city.;He wants a view over the city. So he doesn't prefer a lower level flat.;['Yes', 'No', 'Yes, subject to some conditions', 'In the middle, neither yes nor no', 'Other'];No
2181;X and Y are childhood neighbours who unexpectedly run into each other at a cafe.;meeting_childhood_neighbour;488;Are your parents still living in your childhood house?;My sister lives there now.;No-one is living to her childhood house except her sister.;['Yes', 'No', 'Yes, subject to some conditions', 'In the middle, neither yes nor no', 'Other'];No
2182;Y has just told X that he/she is considering switching his/her job.;switching_jobs;1783;Are you computer savvy?;I grew up on computers.;He is a complete savvy.;['Yes', 'No', 'Yes, subject to some conditions', 'In the middle, neither yes nor no', 'Other'];Yes
2183;X and Y are childhood neighbours who unexpectedly run into each other at a cafe.;meeting_childhood_neighbour;979;Are you working with the government?;Ever since I lost my job in the private sector.;She is working with the government since she lost her job in the private sector.;['Yes', 'No', 'Yes, subject to some conditions', 'In the middle, neither yes nor no', 'Other'];Yes
2184;X wants to know about Y's food preferences.;food_preferences;1784;Have you tried Asian food before?;I went to a Japanese steakhouse last week.;Once she had Asian food when she went to a Japanese steakhouse last week.;['Yes', 'No', 'Yes, subject to some conditions', 'In the middle, neither yes nor no', 'Other'];Yes
2185;X wants to know what activities Y likes to do during weekends.;weekend_activities;1785;Are we playing basketball this weekend?;If my knee stops hurting.;He isn't playing basketball this weekend because of his knee issues.;['Yes', 'No', 'Yes, subject to some conditions', 'In the middle, neither yes nor no', 'Other'];Yes, subject to some conditions
2186;X wants to know what sorts of books Y likes to read.;book_preferences;1786;Do you read non-fiction books?;I have read some autobiographies before.;She read some autobiographies before. So it seems she reads non fiction books.;['Yes', 'No', 'Yes, subject to some conditions', 'In the middle, neither yes nor no', 'Other'];Yes
2187;X wants to know what activities Y likes to do during weekends.;weekend_activities;1121;Do you like soccer?;I like to watch it.;He likes to watch soccer.;['Yes', 'No', 'Yes, subject to some conditions', 'In the middle, neither yes nor no', 'Other'];Yes
2188;Y has just told X that he/she is thinking of buying a flat in New York.;buying_a_flat;1689;Have you ever been to New York?;I stay here weekly.;Every week she visits New York.;['Yes', 'No', 'Yes, subject to some conditions', 'In the middle, neither yes nor no', 'Other'];Yes
2189;X and Y are colleagues who are leaving work on a Friday at the same time.;colleagues_leaving_work;1787;Are we getting an end-of-year bonus?;I haven't heard anything about a bonus this year.;She doesn't aware of any bonus this year. So it seems they are not going to get an end-of-year bonus.;['Yes', 'No', 'Yes, subject to some conditions', 'In the middle, neither yes nor no', 'Other'];In the middle, neither yes nor no
2190;X and Y are colleagues who are leaving work on a Friday at the same time.;colleagues_leaving_work;1788;Glad it's the weekend?;I am too;He is also glad that it's the weekend.;['Yes', 'No', 'Yes, subject to some conditions', 'In the middle, neither yes nor no', 'Other'];Yes
2191;Y has just travelled from a different city to meet X.;travelling_to_meet_someone;1049;Did you enjoy the train ride up here?;It was very scenic.;She has rided the train up here which was very scenic.;['Yes', 'No', 'Yes, subject to some conditions', 'In the middle, neither yes nor no', 'Other'];Yes
2192;Y has just travelled from a different city to meet X.;travelling_to_meet_someone;1049;Did you enjoy the train ride up here?;It was very scenic.;She has rided the train up here which was very scenic.;['Yes', 'No', 'Yes, subject to some conditions', 'In the middle, neither yes nor no', 'Other'];Yes
2193;X wants to know about Y's food preferences.;food_preferences;842;Want to try a trendy new place?;A cool new place to eat would be interesting.;He is interested to try a trendy cool new place to eat.;['Yes', 'No', 'Yes, subject to some conditions', 'In the middle, neither yes nor no', 'Other'];Yes
2194;X wants to know what sorts of books Y likes to read.;book_preferences;1789;Do you like reading self help books?;I mostly read fantasy novels;I mostly read fantasy novels instead of reading self help books.;['Yes', 'No', 'Yes, subject to some conditions', 'In the middle, neither yes nor no', 'Other'];No
2195;Y has just told X that he/she is considering switching his/her job.;switching_jobs;1790;Are you looking for work in the same field?;I think that would be the smart move.;He finds working in the same field, a smart move.;['Yes', 'No', 'Yes, subject to some conditions', 'In the middle, neither yes nor no', 'Other'];Yes
2196;X and Y are colleagues who are leaving work on a Friday at the same time.;colleagues_leaving_work;1791;Are you busy Saturday?;I'm running a marathon.;She is very busy on Saturday.;['Yes', 'No', 'Yes, subject to some conditions', 'In the middle, neither yes nor no', 'Other'];Yes
2197;X wants to know what activities Y likes to do during weekends.;weekend_activities;1792;Do you like watching movies at the cinema?;Netflix is better.;He finds Netflix better than going out for cinema.;['Yes', 'No', 'Yes, subject to some conditions', 'In the middle, neither yes nor no', 'Other'];No
2198;Y has just told X that he/she is thinking of buying a flat in New York.;buying_a_flat;1793;Have you looked into the housing costs?;I was shocked at how much condo fees are but was otherwise not surprised.;She is awared of the housing costs which is very surprising to her.;['Yes', 'No', 'Yes, subject to some conditions', 'In the middle, neither yes nor no', 'Other'];Yes
2199;X wants to know what activities Y likes to do during weekends.;weekend_activities;1794;Want to join a team sport?;That would be fun.;He is interested to join a team sports.;['Yes', 'No', 'Yes, subject to some conditions', 'In the middle, neither yes nor no', 'Other'];Yes
2200;Y has just told X that he/she is thinking of buying a flat in New York.;buying_a_flat;1793;Have you looked into the housing costs?;I have just started doing that;She has started looking into the housing costs.;['Yes', 'No', 'Yes, subject to some conditions', 'In the middle, neither yes nor no', 'Other'];Yes
2201;X wants to know about Y's music preferences.;music_preferences;1795;Do you sing?;Only in the shower.;She likes singing during shower.;['Yes', 'No', 'Yes, subject to some conditions', 'In the middle, neither yes nor no', 'Other'];Yes, subject to some conditions
2202;X wants to know what activities Y likes to do during weekends.;weekend_activities;1796;Do you like eating out?;I love to eat out;He likes eating out.;['Yes', 'No', 'Yes, subject to some conditions', 'In the middle, neither yes nor no', 'Other'];Yes
2203;X wants to know about Y's food preferences.;food_preferences;1737;Do you like Italian food?;Anytime, any day.;She likes Italian foods.;['Yes', 'No', 'Yes, subject to some conditions', 'In the middle, neither yes nor no', 'Other'];Yes
2204;X and Y are childhood neighbours who unexpectedly run into each other at a cafe.;meeting_childhood_neighbour;1797;Are your parents okay?;They are doing great;His parents are doing great.;['Yes', 'No', 'Yes, subject to some conditions', 'In the middle, neither yes nor no', 'Other'];Yes
2205;X wants to know what activities Y likes to do during weekends.;weekend_activities;1148;Do you enjoy sports events?;When it's a close game.;She enjoys sports events when it's a close time.;['Yes', 'No', 'Yes, subject to some conditions', 'In the middle, neither yes nor no', 'Other'];Yes, subject to some conditions
2206;X wants to know about Y's food preferences.;food_preferences;462;Do you like steak?;I like eating steak cooked medium rare.;He likes eating steak cooked medium rare.;['Yes', 'No', 'Yes, subject to some conditions', 'In the middle, neither yes nor no', 'Other'];Yes, subject to some conditions
2207;X wants to know about Y's food preferences.;food_preferences;1798;Do you prefer healthy food?;I'm a fast food junkie.;He prefers fast food instead of having healthy food.;['Yes', 'No', 'Yes, subject to some conditions', 'In the middle, neither yes nor no', 'Other'];No
2208;X wants to know what activities Y likes to do during weekends.;weekend_activities;1799;Do you enjoy cooking or baking?;I enjoy both.;She enjoys cooking as well as baking.;['Yes', 'No', 'Yes, subject to some conditions', 'In the middle, neither yes nor no', 'Other'];Yes
2209;Y has just told X that he/she is considering switching his/her job.;switching_jobs;1735;Is it full-time?;Only part-time so far.;It is part-time so far rather than being full time..;['Yes', 'No', 'Yes, subject to some conditions', 'In the middle, neither yes nor no', 'Other'];No
2210;Y has just travelled from a different city to meet X.;travelling_to_meet_someone;1800;Is it good to see me?;I feel complete again.;She feels good and happy to see him.;['Yes', 'No', 'Yes, subject to some conditions', 'In the middle, neither yes nor no', 'Other'];Yes
2211;Y has just told X that he/she is thinking of buying a flat in New York.;buying_a_flat;1094;Is the price reasonable?;Fairly decent.;The price is fairly reasonable.;['Yes', 'No', 'Yes, subject to some conditions', 'In the middle, neither yes nor no', 'Other'];Yes
2212;Y has just travelled from a different city to meet X.;travelling_to_meet_someone;1801;Would you like to stay in this evening?;Nothing would be better than a night in.;He would like to stay in this evening.;['Yes', 'No', 'Yes, subject to some conditions', 'In the middle, neither yes nor no', 'Other'];Yes
2213;X wants to know what sorts of books Y likes to read.;book_preferences;1764;Do you prefer biographies?;I enjoy them here and there.;She enjoys biographies.;['Yes', 'No', 'Yes, subject to some conditions', 'In the middle, neither yes nor no', 'Other'];Yes
2214;X and Y are colleagues who are leaving work on a Friday at the same time.;colleagues_leaving_work;1802;Do you have to work this weekend?;Thankfully, I don't have to work then.;This weekend she doesn't have to work.;['Yes', 'No', 'Yes, subject to some conditions', 'In the middle, neither yes nor no', 'Other'];No
2215;Y has just moved into a neighbourhood and meets his/her new neighbour X.;meeting_new_neighbour;1634;Would you like to come around for dinner?;Dinner at yours would be lovely;He is interested  to come around for dinner.;['Yes', 'No', 'Yes, subject to some conditions', 'In the middle, neither yes nor no', 'Other'];Yes
2216;X wants to know about Y's food preferences.;food_preferences;1803;Is there anything you absolutely won't eat?;Cow's eyeballs!;She eats everyrhing excepts cow's eyeballs.;['Yes', 'No', 'Yes, subject to some conditions', 'In the middle, neither yes nor no', 'Other'];Yes
2217;X wants to know what activities Y likes to do during weekends.;weekend_activities;1804;Have you seen the new art exhibition that is in the town hall?;I really admire the local artists around here.;He went to the new art exhibition that is in the town hall and he was pleased to meet local artists around there.;['Yes', 'No', 'Yes, subject to some conditions', 'In the middle, neither yes nor no', 'Other'];In the middle, neither yes nor no
2218;Y has just moved into a neighbourhood and meets his/her new neighbour X.;meeting_new_neighbour;1070;Are you pleased with your house?;It's all I ever wanted.;The house is as per her choice and she is very satisfied with it.;['Yes', 'No', 'Yes, subject to some conditions', 'In the middle, neither yes nor no', 'Other'];Yes
2219;Y has just told X that he/she is considering switching his/her job.;switching_jobs;1805;Are you happy with your salary?;I would like a raise.;He is not satisfied with his current salary.;['Yes', 'No', 'Yes, subject to some conditions', 'In the middle, neither yes nor no', 'Other'];No
2220;X and Y are colleagues who are leaving work on a Friday at the same time.;colleagues_leaving_work;1806;Are you walking home?;I need to catch the next bus.;He is going home by bus.;['Yes', 'No', 'Yes, subject to some conditions', 'In the middle, neither yes nor no', 'Other'];No
2221;X wants to know what activities Y likes to do during weekends.;weekend_activities;1807;Do you like outdoors activities?;I like to do somethings outdoors;She likes doing outdoor activities.;['Yes', 'No', 'Yes, subject to some conditions', 'In the middle, neither yes nor no', 'Other'];Yes, subject to some conditions
2222;Y has just told X that he/she is considering switching his/her job.;switching_jobs;1808;Do you like the idea of signing up with recruitment agents?;I do have one working for me.;He prefers the idea of signing up with recruitment agents and he knows one agent who works for him.;['Yes', 'No', 'Yes, subject to some conditions', 'In the middle, neither yes nor no', 'Other'];Yes
2223;X wants to know about Y's music preferences.;music_preferences;734;Do you like pop?;I like it in the car.;She likes pop during travelling by car.;['Yes', 'No', 'Yes, subject to some conditions', 'In the middle, neither yes nor no', 'Other'];Yes, subject to some conditions
2224;X and Y are childhood neighbours who unexpectedly run into each other at a cafe.;meeting_childhood_neighbour;1809;Did you hear a about our friend John's marriage?;I'm out of the loop.;She didn't know about their friend John's marriage as she is not in touch with them.;['Yes', 'No', 'Yes, subject to some conditions', 'In the middle, neither yes nor no', 'Other'];No
2225;Y has just moved into a neighbourhood and meets his/her new neighbour X.;meeting_new_neighbour;1810;Are you new to this country?;I was born here.;He is not new to the country,;['Yes', 'No', 'Yes, subject to some conditions', 'In the middle, neither yes nor no', 'Other'];No
2226;Y has just moved into a neighbourhood and meets his/her new neighbour X.;meeting_new_neighbour;1810;Are you new to this country?;I was born here.;He is not new to the country,;['Yes', 'No', 'Yes, subject to some conditions', 'In the middle, neither yes nor no', 'Other'];No
2227;Y has just moved into a neighbourhood and meets his/her new neighbour X.;meeting_new_neighbour;1811;Is there a playground nearby?;I'm still not very familiar with the area.;She is not very familiar with the area yet, so she doesn't know whether is there a playground nearby or not.;['Yes', 'No', 'Yes, subject to some conditions', 'In the middle, neither yes nor no', 'Other'];In the middle, neither yes nor no
2228;X and Y are childhood neighbours who unexpectedly run into each other at a cafe.;meeting_childhood_neighbour;1812;Are you still married?;I'm still married to my high school sweetheart.;She is still married with her high school sweetheart.;['Yes', 'No', 'Yes, subject to some conditions', 'In the middle, neither yes nor no', 'Other'];Yes
2229;X wants to know what sorts of books Y likes to read.;book_preferences;1813;Are you a Stephen King fan?;I like It, Misery and The Shining.;He is not a fan of Stephen King, but he likes his Misery and The Shining.;['Yes', 'No', 'Yes, subject to some conditions', 'In the middle, neither yes nor no', 'Other'];Yes
2230;Y has just moved into a neighbourhood and meets his/her new neighbour X.;meeting_new_neighbour;1814;Have you been to Lake Travis yet?;The lake on the Colorado river is stunning and beautiful.;She visited to Lake Travis and finds it stunning and beautiful.;['Yes', 'No', 'Yes, subject to some conditions', 'In the middle, neither yes nor no', 'Other'];Yes
2231;X wants to know about Y's music preferences.;music_preferences;1815;Can we buy a rock CD to listen to together?;As long as it's classic rock.;He is interested to buy a rock CD to listen to together.;['Yes', 'No', 'Yes, subject to some conditions', 'In the middle, neither yes nor no', 'Other'];Yes, subject to some conditions
2232;Y has just travelled from a different city to meet X.;travelling_to_meet_someone;499;Do you plan to see your friend during this visit?;They are meeting me for lunch tomorrow.;She has plan to see her friend at lunch tomorrow.;['Yes', 'No', 'Yes, subject to some conditions', 'In the middle, neither yes nor no', 'Other'];Yes
2233;Y has just told X that he/she is considering switching his/her job.;switching_jobs;1731;Do you prefer a different career?;I think I need to change paths.;He is willing to choose a diffrent career.;['Yes', 'No', 'Yes, subject to some conditions', 'In the middle, neither yes nor no', 'Other'];Yes
2234;Y has just travelled from a different city to meet X.;travelling_to_meet_someone;1816;Do you want to do stuff that is unique to my town?;Whatever floats your boat.;She wants o do stuff that is unique to his town.;['Yes', 'No', 'Yes, subject to some conditions', 'In the middle, neither yes nor no', 'Other'];In the middle, neither yes nor no
2235;X and Y are childhood neighbours who unexpectedly run into each other at a cafe.;meeting_childhood_neighbour;903;Have you gotten a job?;I've been applying all around.;He applied all around for a job but didn't get any yet.;['Yes', 'No', 'Yes, subject to some conditions', 'In the middle, neither yes nor no', 'Other'];No
2236;X wants to know about Y's food preferences.;food_preferences;1817;Do you enjoy burgers and fries?;They are regular meal for me;She likes burgers and fries, so she has it regularly.;['Yes', 'No', 'Yes, subject to some conditions', 'In the middle, neither yes nor no', 'Other'];Yes
2237;X and Y are colleagues who are leaving work on a Friday at the same time.;colleagues_leaving_work;1737;Do you like Italian food?;I love lasagna.;He likes Italian foods specially lasagna.;['Yes', 'No', 'Yes, subject to some conditions', 'In the middle, neither yes nor no', 'Other'];Yes
2238;X wants to know about Y's food preferences.;food_preferences;788;Have you had Indian food recently?;It's too spicy for my taste.;Recently she tried Indian food and finds it very spicy.;['Yes', 'No', 'Yes, subject to some conditions', 'In the middle, neither yes nor no', 'Other'];No
2239;X wants to know what activities Y likes to do during weekends.;weekend_activities;604;Are you into books?;I read a lot of sci-fi novels;He loves reading books, specially sci-fi novels.;['Yes', 'No', 'Yes, subject to some conditions', 'In the middle, neither yes nor no', 'Other'];Yes, subject to some conditions
2240;X wants to know what activities Y likes to do during weekends.;weekend_activities;1818;Want to try Go Ape this weekend?;we might as well;He is interested to try Go Ape this weekend.;['Yes', 'No', 'Yes, subject to some conditions', 'In the middle, neither yes nor no', 'Other'];Yes
2241;X wants to know about Y's music preferences.;music_preferences;532;Are you going to see Elton John's farewell tour?;I'd hate to miss it.;She doesn't want to miss Elton John's farewell tour.;['Yes', 'No', 'Yes, subject to some conditions', 'In the middle, neither yes nor no', 'Other'];Yes
2242;Y has just told X that he/she is thinking of buying a flat in New York.;buying_a_flat;1819;Is there a job waiting for you in New York?;I'll have to start job hunting when I get there.;He will search a job in New York.;['Yes', 'No', 'Yes, subject to some conditions', 'In the middle, neither yes nor no', 'Other'];No
2243;X and Y are colleagues who are leaving work on a Friday at the same time.;colleagues_leaving_work;1820;Are you excited to go home?;I am quite excited;She is very excited to go home.;['Yes', 'No', 'Yes, subject to some conditions', 'In the middle, neither yes nor no', 'Other'];Yes
2244;Y has just travelled from a different city to meet X.;travelling_to_meet_someone;1821;Want me to show you around?;Give me the tour.;He is interested in a tour around.;['Yes', 'No', 'Yes, subject to some conditions', 'In the middle, neither yes nor no', 'Other'];Yes
2245;X and Y are colleagues who are leaving work on a Friday at the same time.;colleagues_leaving_work;1822;Are you in on Monday?;I'm in first thing Monday.;She is going to in on Monday.;['Yes', 'No', 'Yes, subject to some conditions', 'In the middle, neither yes nor no', 'Other'];Yes
2246;X wants to know about Y's music preferences.;music_preferences;1592;Have you been to the reggae fest here?;I'm always working on that weekend.;He didn't attend the reggae fest here yet due to his busy weekend.;['Yes', 'No', 'Yes, subject to some conditions', 'In the middle, neither yes nor no', 'Other'];No
2247;Y has just told X that he/she is thinking of buying a flat in New York.;buying_a_flat;1823;Did you get a job in that area?;I just got hired at a firm in New York.;She got a job at a firm in New York.;['Yes', 'No', 'Yes, subject to some conditions', 'In the middle, neither yes nor no', 'Other'];Yes
2248;X and Y are childhood neighbours who unexpectedly run into each other at a cafe.;meeting_childhood_neighbour;870;Have you been to the new restaurant?;Which one?;She is just asking whether he visited the new restaurant or not, and he is confused with which restaurant.;['Yes', 'No', 'Yes, subject to some conditions', 'In the middle, neither yes nor no', 'Other'];In the middle, neither yes nor no
2249;Y has just moved into a neighbourhood and meets his/her new neighbour X.;meeting_new_neighbour;614;are you married?;I have a domestic partner.;He is married.;['Yes', 'No', 'Yes, subject to some conditions', 'In the middle, neither yes nor no', 'Other'];No
2250;X wants to know what activities Y likes to do during weekends.;weekend_activities;717;Do you enjoy loud parties?;I prefer quiet parties.;I prefer quiet parties instead of loud parties.;['Yes', 'No', 'Yes, subject to some conditions', 'In the middle, neither yes nor no', 'Other'];No
2251;Y has just moved into a neighbourhood and meets his/her new neighbour X.;meeting_new_neighbour;1824;Are you from here?;I was born here.;She born and grew up here.;['Yes', 'No', 'Yes, subject to some conditions', 'In the middle, neither yes nor no', 'Other'];Yes
2252;X wants to know about Y's food preferences.;food_preferences;1825;Can you handle spicy foods?;I don't eat them very often.;He eats spicy foods rarely.;['Yes', 'No', 'Yes, subject to some conditions', 'In the middle, neither yes nor no', 'Other'];No
2253;X wants to know what activities Y likes to do during weekends.;weekend_activities;815;Did you go anywhere last weekend?;I went camping with my friends.;Last weekend she went camping with her friends.;['Yes', 'No', 'Yes, subject to some conditions', 'In the middle, neither yes nor no', 'Other'];Yes
2254;Y has just told X that he/she is considering switching his/her job.;switching_jobs;746;Do you have many different skills and talents?;I've worked in a number of different fields.;He has worked in a number of different fields. So it seems he has many different skills and talents.;['Yes', 'No', 'Yes, subject to some conditions', 'In the middle, neither yes nor no', 'Other'];Yes
2255;X wants to know what sorts of books Y likes to read.;book_preferences;1826;Is horror too much for you?;I love horrow;She loves horror.;['Yes', 'No', 'Yes, subject to some conditions', 'In the middle, neither yes nor no', 'Other'];No
2256;Y has just told X that he/she is considering switching his/her job.;switching_jobs;1827;Do you like working on your own or on a team?;Two is better than one.;He prefers working on a team.;['Yes', 'No', 'Yes, subject to some conditions', 'In the middle, neither yes nor no', 'Other'];Other
2257;X wants to know what activities Y likes to do during weekends.;weekend_activities;1828;Do you like live theater?;I have only been a couple of times but liked it;Though he has attended only a couple of times, he likes live theater.;['Yes', 'No', 'Yes, subject to some conditions', 'In the middle, neither yes nor no', 'Other'];Yes
2258;X and Y are colleagues who are leaving work on a Friday at the same time.;colleagues_leaving_work;924;Is that big project you were working on done?;I have a few finishing touches.;The project is about to be done.;['Yes', 'No', 'Yes, subject to some conditions', 'In the middle, neither yes nor no', 'Other'];No
2259;Y has just moved into a neighbourhood and meets his/her new neighbour X.;meeting_new_neighbour;910;Did you grow up in this city?;I lived here as a child;She grew up in this city.;['Yes', 'No', 'Yes, subject to some conditions', 'In the middle, neither yes nor no', 'Other'];Yes
2260;Y has just moved into a neighbourhood and meets his/her new neighbour X.;meeting_new_neighbour;1829;Did you go to college?;I did for a few years;Few years he went to college.;['Yes', 'No', 'Yes, subject to some conditions', 'In the middle, neither yes nor no', 'Other'];Yes
2261;Y has just travelled from a different city to meet X.;travelling_to_meet_someone;1830;Did you enjoy your flight?;I threw up twice.;He didn't enjoys his flight.;['Yes', 'No', 'Yes, subject to some conditions', 'In the middle, neither yes nor no', 'Other'];No
2262;X wants to know what sorts of books Y likes to read.;book_preferences;918;Do you like mystery novels?;Only if it's based on real life.;She likes mystery novels based on real life.;['Yes', 'No', 'Yes, subject to some conditions', 'In the middle, neither yes nor no', 'Other'];Yes, subject to some conditions
2263;X and Y are childhood neighbours who unexpectedly run into each other at a cafe.;meeting_childhood_neighbour;964;You finish school?;I eventually got a PhD.;Not  only school he has finished his PhD.;['Yes', 'No', 'Yes, subject to some conditions', 'In the middle, neither yes nor no', 'Other'];Yes
2264;Y has just told X that he/she is thinking of buying a flat in New York.;buying_a_flat;1831;Do you plan to move there someday?;It's a dream of mine to live by the ocean.;Her dream plan is to move there someday and to live by the ocean.;['Yes', 'No', 'Yes, subject to some conditions', 'In the middle, neither yes nor no', 'Other'];Yes
2265;Y has just told X that he/she is thinking of buying a flat in New York.;buying_a_flat;1832;Aren't property prices extremely high there?;They aren't as bad as I thought;The property prices are not as high as he thought of.;['Yes', 'No', 'Yes, subject to some conditions', 'In the middle, neither yes nor no', 'Other'];No
2266;X wants to know about Y's food preferences.;food_preferences;1833;Do you like spicy foods?;I won't eat it if it's too hot.;He doesn't eat too hot spicy food.;['Yes', 'No', 'Yes, subject to some conditions', 'In the middle, neither yes nor no', 'Other'];No
2267;X and Y are childhood neighbours who unexpectedly run into each other at a cafe.;meeting_childhood_neighbour;563;Did you dye your hair red?;My hair has always been this color.;Her red coloured hair is natural.;['Yes', 'No', 'Yes, subject to some conditions', 'In the middle, neither yes nor no', 'Other'];No
2268;Y has just travelled from a different city to meet X.;travelling_to_meet_someone;1834;Would you like to go to the movies?;If Star Wars is still showing.;She is interested to go to the movies if there is Star Wars.;['Yes', 'No', 'Yes, subject to some conditions', 'In the middle, neither yes nor no', 'Other'];Yes, subject to some conditions
2269;X wants to know about Y's music preferences.;music_preferences;892;Have you been to SXSW?;I go every year.;He uses to attend SXSW every year.;['Yes', 'No', 'Yes, subject to some conditions', 'In the middle, neither yes nor no', 'Other'];Yes
2270;X wants to know what sorts of books Y likes to read.;book_preferences;1835;Are you a fan of comic books;Superman is classic.;He is a fan of comics specially Superman.;['Yes', 'No', 'Yes, subject to some conditions', 'In the middle, neither yes nor no', 'Other'];Yes
2271;Y has just told X that he/she is considering switching his/her job.;switching_jobs;1836;Are you happy to be switching jobs?;A change is always a good thing;She is happy to be switching jobs.;['Yes', 'No', 'Yes, subject to some conditions', 'In the middle, neither yes nor no', 'Other'];Yes
2272;Y has just moved into a neighbourhood and meets his/her new neighbour X.;meeting_new_neighbour;1837;Have you got any children?;I only have fur babies.;She doesn't have any children yet.;['Yes', 'No', 'Yes, subject to some conditions', 'In the middle, neither yes nor no', 'Other'];No
2273;X wants to know what sorts of books Y likes to read.;book_preferences;1838;Do you go to bookstores?;I love Barnes and Noble.;He loves going to to bookstores, particularly Barnes and Noble.;['Yes', 'No', 'Yes, subject to some conditions', 'In the middle, neither yes nor no', 'Other'];Yes
2274;X wants to know what activities Y likes to do during weekends.;weekend_activities;576;Are you into History?;I read a lot of biographies.;I read a lot of biographies instead of reading history.;['Yes', 'No', 'Yes, subject to some conditions', 'In the middle, neither yes nor no', 'Other'];Yes
2275;X wants to know what sorts of books Y likes to read.;book_preferences;1826;Is horror too much for you?;Bring it on.;He likes horror.;['Yes', 'No', 'Yes, subject to some conditions', 'In the middle, neither yes nor no', 'Other'];No
2276;X and Y are colleagues who are leaving work on a Friday at the same time.;colleagues_leaving_work;1839;Have you been to Torchys?;I haven't had time.;She has not been to Torchys yet, due to the crisis of time.;['Yes', 'No', 'Yes, subject to some conditions', 'In the middle, neither yes nor no', 'Other'];No
2277;X and Y are colleagues who are leaving work on a Friday at the same time.;colleagues_leaving_work;1840;Do you want to get some fried chicken with me?;I already have plans;He is not able to get some fried chicken with her, as he has pre plan.;['Yes', 'No', 'Yes, subject to some conditions', 'In the middle, neither yes nor no', 'Other'];No
2278;X and Y are colleagues who are leaving work on a Friday at the same time.;colleagues_leaving_work;1841;Was work alright this week?;It was pretty easy going.;This week the work was pretty going easy.;['Yes', 'No', 'Yes, subject to some conditions', 'In the middle, neither yes nor no', 'Other'];Yes
2279;X wants to know what sorts of books Y likes to read.;book_preferences;1842;Do you like romance books?;The steamier the better.;He doesn't like romance books.;['Yes', 'No', 'Yes, subject to some conditions', 'In the middle, neither yes nor no', 'Other'];Yes
2280;X wants to know about Y's food preferences.;food_preferences;1843;Are you willing to travel 5 miles?;Only for pizza.;She is willing to travel 5 miles only for pizza.;['Yes', 'No', 'Yes, subject to some conditions', 'In the middle, neither yes nor no', 'Other'];Yes, subject to some conditions
2281;Y has just told X that he/she is thinking of buying a flat in New York.;buying_a_flat;666;Can we stay with you when we visit?;My apartment is too small.;The apartment is too small, so they can't stay there .;['Yes', 'No', 'Yes, subject to some conditions', 'In the middle, neither yes nor no', 'Other'];No
2282;X wants to know about Y's music preferences.;music_preferences;1844;Will you be going to see The Killers at Glastonbury this year ?;I missed getting tickets.;She is unable to see The Killers at Glastonbury this year because she missed booking the tickets.;['Yes', 'No', 'Yes, subject to some conditions', 'In the middle, neither yes nor no', 'Other'];No
2283;Y has just moved into a neighbourhood and meets his/her new neighbour X.;meeting_new_neighbour;1845;Do you work full time?;I'm always at the office.;He works full time.;['Yes', 'No', 'Yes, subject to some conditions', 'In the middle, neither yes nor no', 'Other'];Yes
2284;Y has just told X that he/she is thinking of buying a flat in New York.;buying_a_flat;1846;Is it close to a subway station?;II can walk to the subway.;It is close to a subway station.;['Yes', 'No', 'Yes, subject to some conditions', 'In the middle, neither yes nor no', 'Other'];Yes
2285;X wants to know what sorts of books Y likes to read.;book_preferences;1847;Are you into science fiction?;I hate science fiction;She hates science fiction.;['Yes', 'No', 'Yes, subject to some conditions', 'In the middle, neither yes nor no', 'Other'];No
2286;X wants to know about Y's food preferences.;food_preferences;1848;Do you like fancy food?;Simple meals are best.;Instead of having fancy food he prefers sinple meals.;['Yes', 'No', 'Yes, subject to some conditions', 'In the middle, neither yes nor no', 'Other'];No
2287;Y has just travelled from a different city to meet X.;travelling_to_meet_someone;1849;Did it take a while to get here?;I was here pretty quickly.;It didn't take much time to get there.;['Yes', 'No', 'Yes, subject to some conditions', 'In the middle, neither yes nor no', 'Other'];No
2288;X wants to know what sorts of books Y likes to read.;book_preferences;938;Are you into mystery thrillers?;I've never read any.;She never read mystery thrillers.;['Yes', 'No', 'Yes, subject to some conditions', 'In the middle, neither yes nor no', 'Other'];No
2289;X wants to know what sorts of books Y likes to read.;book_preferences;938;Are you into mystery thrillers?;I've never read any.;She never read mystery thrillers.;['Yes', 'No', 'Yes, subject to some conditions', 'In the middle, neither yes nor no', 'Other'];No
2290;X wants to know about Y's food preferences.;food_preferences;1850;Are you willing to spend more than $20?;If the food is worth it;He is ready to spend more than $20 if the food is worth of it.;['Yes', 'No', 'Yes, subject to some conditions', 'In the middle, neither yes nor no', 'Other'];Yes, subject to some conditions
2291;X and Y are childhood neighbours who unexpectedly run into each other at a cafe.;meeting_childhood_neighbour;1677;Is it true you adopted four children?;Somebody lied to you.;It isn't true that she adopted four children.;['Yes', 'No', 'Yes, subject to some conditions', 'In the middle, neither yes nor no', 'Other'];No
2292;Y has just moved into a neighbourhood and meets his/her new neighbour X.;meeting_new_neighbour;1851;Do your parents live in town?;They moved away 5 years ago.;Her parents are not living in the town since they moved away 5 years ago.;['Yes', 'No', 'Yes, subject to some conditions', 'In the middle, neither yes nor no', 'Other'];No
2293;X wants to know about Y's food preferences.;food_preferences;1852;Do you like a quiet meal?;I prefer a lively restaurant.;Instead of having quiet meal he prefers lively restaurant.;['Yes', 'No', 'Yes, subject to some conditions', 'In the middle, neither yes nor no', 'Other'];No
2294;Y has just told X that he/she is thinking of buying a flat in New York.;buying_a_flat;1853;Will it be affordable?;My mortgage payments will be reasonable.;It will be affordable as his mortgage payments will be reasonable.;['Yes', 'No', 'Yes, subject to some conditions', 'In the middle, neither yes nor no', 'Other'];Yes
2295;X wants to know about Y's food preferences.;food_preferences;579;Have you had pho?;I have and I'd like to have some more pho again.;She had and she would like to have some more pho again.;['Yes', 'No', 'Yes, subject to some conditions', 'In the middle, neither yes nor no', 'Other'];Yes
2296;X and Y are childhood neighbours who unexpectedly run into each other at a cafe.;meeting_childhood_neighbour;903;Have you gotten a job?;I'm an editor at a magazine.;He got job as an editor at a magazine.;['Yes', 'No', 'Yes, subject to some conditions', 'In the middle, neither yes nor no', 'Other'];Yes
2297;X wants to know what sorts of books Y likes to read.;book_preferences;1854;Would you be interested in history books?;History can teach you a lot.;She is interested in history books.;['Yes', 'No', 'Yes, subject to some conditions', 'In the middle, neither yes nor no', 'Other'];Yes
2298;X wants to know what activities Y likes to do during weekends.;weekend_activities;717;Do you enjoy loud parties?;They are okay now and again;He enjoys  enjoy loud parties for now.;['Yes', 'No', 'Yes, subject to some conditions', 'In the middle, neither yes nor no', 'Other'];Yes
2299;X wants to know what activities Y likes to do during weekends.;weekend_activities;1855;Does your family like skiing?;We have never skied.;Her family have never skied.;['Yes', 'No', 'Yes, subject to some conditions', 'In the middle, neither yes nor no', 'Other'];In the middle, neither yes nor no
2300;X and Y are childhood neighbours who unexpectedly run into each other at a cafe.;meeting_childhood_neighbour;1856;Are you happy with your life?;It has its ups and downs, but I'm satisfied.;Though his life has its ups and downs, but he is satisfied.;['Yes', 'No', 'Yes, subject to some conditions', 'In the middle, neither yes nor no', 'Other'];Yes
2301;X wants to know about Y's music preferences.;music_preferences;787;Do you like relaxing music?;I prefer heavy metal.;She prefers heavy metal rather than listening relaxing music.;['Yes', 'No', 'Yes, subject to some conditions', 'In the middle, neither yes nor no', 'Other'];No
2302;Y has just told X that he/she is thinking of buying a flat in New York.;buying_a_flat;1857;Can you afford an apartment?;I've been saving for a long time.;He has been saving for a long time, so that he can afford an apartment.;['Yes', 'No', 'Yes, subject to some conditions', 'In the middle, neither yes nor no', 'Other'];Yes
2303;X and Y are childhood neighbours who unexpectedly run into each other at a cafe.;meeting_childhood_neighbour;1858;Do you live nearby?;I live a few miles away;She lives a few miles away.;['Yes', 'No', 'Yes, subject to some conditions', 'In the middle, neither yes nor no', 'Other'];Yes
2304;Y has just told X that he/she is considering switching his/her job.;switching_jobs;1859;Do you want to work remotely?;I'd love to work at my home office.;He is willing to work at his home office remotely.;['Yes', 'No', 'Yes, subject to some conditions', 'In the middle, neither yes nor no', 'Other'];Yes
2305;Y has just told X that he/she is considering switching his/her job.;switching_jobs;883;Is your job difficult?;Anyone could do it.;Her job is as easy as anyone could do it.;['Yes', 'No', 'Yes, subject to some conditions', 'In the middle, neither yes nor no', 'Other'];No
2306;X wants to know what activities Y likes to do during weekends.;weekend_activities;1860;Want to try something creative?;How about a painting class?;He prefers a painting class to be creative.;['Yes', 'No', 'Yes, subject to some conditions', 'In the middle, neither yes nor no', 'Other'];Yes
2307;Y has just told X that he/she is thinking of buying a flat in New York.;buying_a_flat;1861;Do you need to be close to the subway?;That is a non-negotiable.;She needs to be close to the subway non-negotiably.;['Yes', 'No', 'Yes, subject to some conditions', 'In the middle, neither yes nor no', 'Other'];Yes
2308;X wants to know what activities Y likes to do during weekends.;weekend_activities;1747;Is there an activity you have a passion for?;I'm addicted to painting.;His passion is to painting and he's addicted to it.;['Yes', 'No', 'Yes, subject to some conditions', 'In the middle, neither yes nor no', 'Other'];Yes
2309;X wants to know what activities Y likes to do during weekends.;weekend_activities;1862;Want to go hunting on the weekend?;Hunting is cruel.;She doesn't want hunting on the weekend.;['Yes', 'No', 'Yes, subject to some conditions', 'In the middle, neither yes nor no', 'Other'];No
2310;Y has just moved into a neighbourhood and meets his/her new neighbour X.;meeting_new_neighbour;1863;Are you renting your place?;For now.;For now he is renting his place.;['Yes', 'No', 'Yes, subject to some conditions', 'In the middle, neither yes nor no', 'Other'];Yes
2311;Y has just moved into a neighbourhood and meets his/her new neighbour X.;meeting_new_neighbour;1863;Are you renting your place?;For now.;For now he is renting his place.;['Yes', 'No', 'Yes, subject to some conditions', 'In the middle, neither yes nor no', 'Other'];Yes
2312;X and Y are childhood neighbours who unexpectedly run into each other at a cafe.;meeting_childhood_neighbour;861;Are you very busy these days?;I'm working two jobs right now.;He is working for two jobs so he is very busy these days.;['Yes', 'No', 'Yes, subject to some conditions', 'In the middle, neither yes nor no', 'Other'];Yes
2313;X wants to know what activities Y likes to do during weekends.;weekend_activities;1864;Would you like to go camping?;I am afraid of wolves.;She is afraid of wolves, so she doesn't like to go campaign.;['Yes', 'No', 'Yes, subject to some conditions', 'In the middle, neither yes nor no', 'Other'];No
2314;Y has just travelled from a different city to meet X.;travelling_to_meet_someone;1865;Would you like to see a movie?;Only if it's a Oscar-nominated film.;He wants to see a movie if the movie is a Oscar nominated.;['Yes', 'No', 'Yes, subject to some conditions', 'In the middle, neither yes nor no', 'Other'];Yes, subject to some conditions
2315;X wants to know what sorts of books Y likes to read.;book_preferences;584;Do you like science fiction?;I'd rather read a mystery.;She prefers mysteryrather than science fiction.;['Yes', 'No', 'Yes, subject to some conditions', 'In the middle, neither yes nor no', 'Other'];No
2316;Y has just moved into a neighbourhood and meets his/her new neighbour X.;meeting_new_neighbour;1866;Are you originally from this town?;I grew up in Canada.;Originally he is not from this town. He grew up in Canada.;['Yes', 'No', 'Yes, subject to some conditions', 'In the middle, neither yes nor no', 'Other'];No
2317;X and Y are childhood neighbours who unexpectedly run into each other at a cafe.;meeting_childhood_neighbour;1867;You get married yet?;I have been with my wife for a few years now.;He got married few years ago.;['Yes', 'No', 'Yes, subject to some conditions', 'In the middle, neither yes nor no', 'Other'];Yes
2318;X wants to know what activities Y likes to do during weekends.;weekend_activities;1676;Do you enjoy travel?;When I'm traveling with a friend.;She enjoys traveling with friends.;['Yes', 'No', 'Yes, subject to some conditions', 'In the middle, neither yes nor no', 'Other'];Yes, subject to some conditions
2319;X wants to know about Y's food preferences.;food_preferences;1868;Can you eat meat?;I only eat chicken and fish.;He doesn't eat meat except chicken and fish.;['Yes', 'No', 'Yes, subject to some conditions', 'In the middle, neither yes nor no', 'Other'];Yes, subject to some conditions
2320;X and Y are childhood neighbours who unexpectedly run into each other at a cafe.;meeting_childhood_neighbour;744;Will you be going to the big New Year's Eve party this year?;I have not made plans yet.;She doesn't make a plan yet to attend the big New Year's Eve party this year;['Yes', 'No', 'Yes, subject to some conditions', 'In the middle, neither yes nor no', 'Other'];In the middle, neither yes nor no
2321;X wants to know what activities Y likes to do during weekends.;weekend_activities;783;Are you interested in going to the concert on Sunday?;I'll go if they play country music.;She is interested in going to the concert on Sunday if there is country music.;['Yes', 'No', 'Yes, subject to some conditions', 'In the middle, neither yes nor no', 'Other'];Yes, subject to some conditions
2322;X wants to know about Y's food preferences.;food_preferences;982;Does pizza sound ok?;Pizza is my favourite meal!;He loves Pizza as it is his favourite meal.;['Yes', 'No', 'Yes, subject to some conditions', 'In the middle, neither yes nor no', 'Other'];Yes
2323;X wants to know what sorts of books Y likes to read.;book_preferences;1869;Would you be interested in a fantasy book club?;That sounds fun.;She is interested in a fantasy book club.;['Yes', 'No', 'Yes, subject to some conditions', 'In the middle, neither yes nor no', 'Other'];Yes
2324;X wants to know about Y's music preferences.;music_preferences;1671;Would you like to go to a classical concert?;Those are kind of snoozers.;He doesn't like to go to a classical concert as he feels it a snoozers.;['Yes', 'No', 'Yes, subject to some conditions', 'In the middle, neither yes nor no', 'Other'];No
2325;X wants to know what activities Y likes to do during weekends.;weekend_activities;1745;Do you like going to the cinema or watching films in general?;I prefer sitcoms.;She prefers sitcoms instead of going to cinemas or watching films.;['Yes', 'No', 'Yes, subject to some conditions', 'In the middle, neither yes nor no', 'Other'];No
2326;X wants to know what activities Y likes to do during weekends.;weekend_activities;1870;Do you enjoy the nightlife here?;There isn't much going on around here;He doesn't enjoy the nightlife here, as he is not much going on around here.;['Yes', 'No', 'Yes, subject to some conditions', 'In the middle, neither yes nor no', 'Other'];No
2327;X wants to know about Y's music preferences.;music_preferences;603;Have you seen any live performances lately?;I saw one last month;She saw a live performance last month.;['Yes', 'No', 'Yes, subject to some conditions', 'In the middle, neither yes nor no', 'Other'];Yes
2328;Y has just told X that he/she is thinking of buying a flat in New York.;buying_a_flat;1871;Does it include a parking spot?;I think it does;It includes a parking spot.;['Yes', 'No', 'Yes, subject to some conditions', 'In the middle, neither yes nor no', 'Other'];Yes
2329;X wants to know about Y's music preferences.;music_preferences;1872;Have you been to any concerts recently?;I go to concerts every weekend.;She attends concerts on every weekend.;['Yes', 'No', 'Yes, subject to some conditions', 'In the middle, neither yes nor no', 'Other'];Yes
2330;Y has just told X that he/she is considering switching his/her job.;switching_jobs;1137;Are there benefits?;there are quite a few;There are few benefits.;['Yes', 'No', 'Yes, subject to some conditions', 'In the middle, neither yes nor no', 'Other'];Yes
2331;X wants to know what activities Y likes to do during weekends.;weekend_activities;1848;do you like fancy food?;If it isn't expensive.;She likes fancy foods if it is not expensive.;['Yes', 'No', 'Yes, subject to some conditions', 'In the middle, neither yes nor no', 'Other'];Yes, subject to some conditions
2332;X wants to know about Y's music preferences.;music_preferences;1873;Have you watched the x factor show;I don't like that show;He doesn't like watching  the x factor show.;['Yes', 'No', 'Yes, subject to some conditions', 'In the middle, neither yes nor no', 'Other'];Yes
2333;Y has just travelled from a different city to meet X.;travelling_to_meet_someone;1874;Was your trip ok?;It was uneventful.;The was uneventful.;['Yes', 'No', 'Yes, subject to some conditions', 'In the middle, neither yes nor no', 'Other'];Yes
2334;X and Y are childhood neighbours who unexpectedly run into each other at a cafe.;meeting_childhood_neighbour;1677;Is it true you adopted four children?;Only three!;She adopted three children.;['Yes', 'No', 'Yes, subject to some conditions', 'In the middle, neither yes nor no', 'Other'];No
2335;X and Y are colleagues who are leaving work on a Friday at the same time.;colleagues_leaving_work;1875;Are you watching a film tonight?;If there's a good one playing.;He is wealing to watch a film tonight if it's a good one.;['Yes', 'No', 'Yes, subject to some conditions', 'In the middle, neither yes nor no', 'Other'];Yes, subject to some conditions
2336;Y has just told X that he/she is thinking of buying a flat in New York.;buying_a_flat;1876;Can you see yourself living in a condo?;We'd be happy anywhere in the inner city.;They are happy living in a condo.;['Yes', 'No', 'Yes, subject to some conditions', 'In the middle, neither yes nor no', 'Other'];Yes
2337;Y has just travelled from a different city to meet X.;travelling_to_meet_someone;479;Do you want to grab some food?;I am really hungry.;She want to have some foods.;['Yes', 'No', 'Yes, subject to some conditions', 'In the middle, neither yes nor no', 'Other'];Yes
2338;Y has just travelled from a different city to meet X.;travelling_to_meet_someone;1877;Did you find my place OK?;I was very relaxed.;She finds his place very relaxed.;['Yes', 'No', 'Yes, subject to some conditions', 'In the middle, neither yes nor no', 'Other'];Yes
2339;Y has just told X that he/she is thinking of buying a flat in New York.;buying_a_flat;1656;Are you planning on moving there soon?;I'd like to buy a place in the city.;He would like to buy a place in the City. So it seems he is planning on moving their soon.;['Yes', 'No', 'Yes, subject to some conditions', 'In the middle, neither yes nor no', 'Other'];Yes
2340;X wants to know about Y's food preferences.;food_preferences;1878;Are there things you'd prefer not to eat today?;I want to avoid anything too heavy.;She prefers to avoid eating anything too heavy.;['Yes', 'No', 'Yes, subject to some conditions', 'In the middle, neither yes nor no', 'Other'];Yes
2341;X and Y are childhood neighbours who unexpectedly run into each other at a cafe.;meeting_childhood_neighbour;1147;Are you still interested in photography?;I lost interest in college.;Since college he lost his interest in photography.;['Yes', 'No', 'Yes, subject to some conditions', 'In the middle, neither yes nor no', 'Other'];No
2342;Y has just told X that he/she is considering switching his/her job.;switching_jobs;1879;In work, do you find yourself to be analytical?;I often think about things.;To work, he finds himself to be analytical.;['Yes', 'No', 'Yes, subject to some conditions', 'In the middle, neither yes nor no', 'Other'];Yes
2343;Y has just told X that he/she is considering switching his/her job.;switching_jobs;1880;Do you want something in a different field?;I need a change.;She wants something in a different field.;['Yes', 'No', 'Yes, subject to some conditions', 'In the middle, neither yes nor no', 'Other'];Yes
2344;X wants to know what sorts of books Y likes to read.;book_preferences;1881;Do you happen to enjoy war history or global history?;I'm not a fan really;He is not interested in war history or global history.;['Yes', 'No', 'Yes, subject to some conditions', 'In the middle, neither yes nor no', 'Other'];No
2345;X wants to know about Y's food preferences.;food_preferences;766;Have you eaten a lot of seafood?;Seafood is one of my favorites.;She has eaten a lot of sea foods, because sea foods are one of her favourites.;['Yes', 'No', 'Yes, subject to some conditions', 'In the middle, neither yes nor no', 'Other'];Yes
2346;X wants to know about Y's food preferences.;food_preferences;1882;Have you tried different ethnic foods?;I've tried everything I can.;He has tried different ethnic foods as much as he could.;['Yes', 'No', 'Yes, subject to some conditions', 'In the middle, neither yes nor no', 'Other'];Yes
2347;X wants to know about Y's food preferences.;food_preferences;1883;Are you a vegetarian?;I'm eating bacon for lunch;He he is going to eat bacon for lunch. So it seems he is not a vegetarian.;['Yes', 'No', 'Yes, subject to some conditions', 'In the middle, neither yes nor no', 'Other'];No
2348;X and Y are childhood neighbours who unexpectedly run into each other at a cafe.;meeting_childhood_neighbour;1884;Do you recognize me?;Of course I recognize you.;He could recognise her.;['Yes', 'No', 'Yes, subject to some conditions', 'In the middle, neither yes nor no', 'Other'];Yes
2349;X wants to know what sorts of books Y likes to read.;book_preferences;1885;Are you a fan of mystery novels?;When they're historical.;She is a fan of mystery novels if they are historical.;['Yes', 'No', 'Yes, subject to some conditions', 'In the middle, neither yes nor no', 'Other'];Yes, subject to some conditions
2350;X wants to know what sorts of books Y likes to read.;book_preferences;1886;Do you like suspense novels?;I prefer tension to violence.;She likes suspense novels.;['Yes', 'No', 'Yes, subject to some conditions', 'In the middle, neither yes nor no', 'Other'];Yes, subject to some conditions
2351;Y has just moved into a neighbourhood and meets his/her new neighbour X.;meeting_new_neighbour;1887;Do you work around here?;When I can I work at home;He works around here but most of the time he works at home.;['Yes', 'No', 'Yes, subject to some conditions', 'In the middle, neither yes nor no', 'Other'];Yes, subject to some conditions
2352;X wants to know what activities Y likes to do during weekends.;weekend_activities;1804;Have you seen the new art exhibition that is in the town hall?;That statue they just put up was very inspiring.;She went to the new art exhibition that was in the town hall.;['Yes', 'No', 'Yes, subject to some conditions', 'In the middle, neither yes nor no', 'Other'];Yes
2353;X and Y are childhood neighbours who unexpectedly run into each other at a cafe.;meeting_childhood_neighbour;1888;Have you seen the old neighborhood lately?;It seems a bit dilapidated.;He has seen the old neighbourhood lately and finds it a bit dilapidated;['Yes', 'No', 'Yes, subject to some conditions', 'In the middle, neither yes nor no', 'Other'];Yes
2354;X and Y are colleagues who are leaving work on a Friday at the same time.;colleagues_leaving_work;1889;Hey, are you off until Tuesday?;I'm off all week.;Instead of Tuesday he is off all week.;['Yes', 'No', 'Yes, subject to some conditions', 'In the middle, neither yes nor no', 'Other'];Yes
2355;X and Y are colleagues who are leaving work on a Friday at the same time.;colleagues_leaving_work;1890;Are you headed home?;that is the plan;Going straight to home is her plan.;['Yes', 'No', 'Yes, subject to some conditions', 'In the middle, neither yes nor no', 'Other'];Yes
2356;X wants to know what sorts of books Y likes to read.;book_preferences;1786;Do you read non-fiction books?;I read biographies and science books.;He reads biographies and science books. So it seems he doesn't prefer non fiction books.;['Yes', 'No', 'Yes, subject to some conditions', 'In the middle, neither yes nor no', 'Other'];Yes
2357;Y has just told X that he/she is considering switching his/her job.;switching_jobs;1891;Do you like your supervisor?;They are fine I guess.;She likes are supervisor.;['Yes', 'No', 'Yes, subject to some conditions', 'In the middle, neither yes nor no', 'Other'];Yes
2358;X wants to know what activities Y likes to do during weekends.;weekend_activities;1676;Do you enjoy travel?;Short trips help me revive.;She enjoys short trips which make her revive.;['Yes', 'No', 'Yes, subject to some conditions', 'In the middle, neither yes nor no', 'Other'];Yes
2359;Y has just told X that he/she is considering switching his/her job.;switching_jobs;1880;Do you want something in a different field?;I want to stay in management.;He wants to stay in management. So it seems he doesn't want something in a different field.;['Yes', 'No', 'Yes, subject to some conditions', 'In the middle, neither yes nor no', 'Other'];No
2360;X wants to know what sorts of books Y likes to read.;book_preferences;859;Do you enjoy horror?;I'm too easily creeped out.;She doesn't like horror as she is too easily creeped out.;['Yes', 'No', 'Yes, subject to some conditions', 'In the middle, neither yes nor no', 'Other'];No
2361;Y has just told X that he/she is thinking of buying a flat in New York.;buying_a_flat;1892;Have you set your budget for the purchase?;I have a price range in mind.;He already set his budget in his mind for the purchase.;['Yes', 'No', 'Yes, subject to some conditions', 'In the middle, neither yes nor no', 'Other'];Yes
2362;X and Y are childhood neighbours who unexpectedly run into each other at a cafe.;meeting_childhood_neighbour;1893;Did you recognise me straight away?;You look exactly the same as you used to.;He is looking as same as he used to, so see recognised him easily.;['Yes', 'No', 'Yes, subject to some conditions', 'In the middle, neither yes nor no', 'Other'];Yes
2363;Y has just told X that he/she is thinking of buying a flat in New York.;buying_a_flat;906;Do you have a practical reason for purchasing a flat in New York?;I wanted a good investment.;As a good investment he wants to purchase a flat in New York.;['Yes', 'No', 'Yes, subject to some conditions', 'In the middle, neither yes nor no', 'Other'];Yes
2364;X and Y are colleagues who are leaving work on a Friday at the same time.;colleagues_leaving_work;1894;Did you finish the project on time?;We missed our deadline by a week.;They couldn't finish the project on time and their late by a week.;['Yes', 'No', 'Yes, subject to some conditions', 'In the middle, neither yes nor no', 'Other'];No
2365;X wants to know what sorts of books Y likes to read.;book_preferences;1895;Want to read a new novel based on a true story?;What's it about?;She is interested in reading a new novel based on a true story and she is very curious to know more about it.;['Yes', 'No', 'Yes, subject to some conditions', 'In the middle, neither yes nor no', 'Other'];In the middle, neither yes nor no
2366;X wants to know about Y's food preferences.;food_preferences;1896;Are you a fan of salads?;Steak is what I really want.;She wants steaks instead of salads.;['Yes', 'No', 'Yes, subject to some conditions', 'In the middle, neither yes nor no', 'Other'];No
2367;X wants to know about Y's music preferences.;music_preferences;1897;Do you like top 40 music?;I only listen to classical music.;Instead of listening top 40 music he prefers to listen to classic music.;['Yes', 'No', 'Yes, subject to some conditions', 'In the middle, neither yes nor no', 'Other'];No
2368;Y has just told X that he/she is considering switching his/her job.;switching_jobs;1790;Are you looking for work in the same field?;I don't know how to do anything else.;She doesn't know the other works so she wants to work in the same field.;['Yes', 'No', 'Yes, subject to some conditions', 'In the middle, neither yes nor no', 'Other'];Yes
2369;Y has just moved into a neighbourhood and meets his/her new neighbour X.;meeting_new_neighbour;649;Is there a neighborhood watch program?;I think there is;There is a neighbourhood watch program.;['Yes', 'No', 'Yes, subject to some conditions', 'In the middle, neither yes nor no', 'Other'];Yes
2370;X wants to know about Y's food preferences.;food_preferences;596;Have you ever tried vegan cuisine?;I've had vegan salads before.;Once he had vegan salads.;['Yes', 'No', 'Yes, subject to some conditions', 'In the middle, neither yes nor no', 'Other'];Yes
2371;Y has just told X that he/she is thinking of buying a flat in New York.;buying_a_flat;533;Will you be working there?;I have a few prospects.;Besides working there he has a few prospects.;['Yes', 'No', 'Yes, subject to some conditions', 'In the middle, neither yes nor no', 'Other'];Yes
2372;Y has just moved into a neighbourhood and meets his/her new neighbour X.;meeting_new_neighbour;740;Do you want to come over for a meal?;What day were you thinking?;She is interested to come over for a meal.;['Yes', 'No', 'Yes, subject to some conditions', 'In the middle, neither yes nor no', 'Other'];Yes
2373;X and Y are colleagues who are leaving work on a Friday at the same time.;colleagues_leaving_work;1104;Will I be seeing you tomorrow for work?;you might be;He is coming for work tomorrow and they meet there.;['Yes', 'No', 'Yes, subject to some conditions', 'In the middle, neither yes nor no', 'Other'];In the middle, neither yes nor no
2374;X and Y are colleagues who are leaving work on a Friday at the same time.;colleagues_leaving_work;1898;Has this work week gone quickly for you?;It's gone at a snail's pace.;There was a heavy work load that's why the week passed at a snail's pace.;['Yes', 'No', 'Yes, subject to some conditions', 'In the middle, neither yes nor no', 'Other'];No
2375;X and Y are colleagues who are leaving work on a Friday at the same time.;colleagues_leaving_work;1627;Hi, are you okay?;Everything is just fine.;He is fine and his day is going well.;['Yes', 'No', 'Yes, subject to some conditions', 'In the middle, neither yes nor no', 'Other'];Yes
2376;Y has just told X that he/she is considering switching his/her job.;switching_jobs;1899;Have you taken a Uber?;Uber is much cheaper over a normal taxi.;She has taken a Uber as it is much cheaper than a normal taxi.;['Yes', 'No', 'Yes, subject to some conditions', 'In the middle, neither yes nor no', 'Other'];Yes
2377;X and Y are childhood neighbours who unexpectedly run into each other at a cafe.;meeting_childhood_neighbour;1900;Have you seen the new school library?;I have not been yet;He hasn't visit the new school library yet.;['Yes', 'No', 'Yes, subject to some conditions', 'In the middle, neither yes nor no', 'Other'];No
2378;X wants to know what activities Y likes to do during weekends.;weekend_activities;1119;Have you been to a farmer's market?;There's one close to us.;She went to a farmer's market nearby.;['Yes', 'No', 'Yes, subject to some conditions', 'In the middle, neither yes nor no', 'Other'];Yes
2379;X wants to know about Y's food preferences.;food_preferences;1901;Can you eat Indian food when it's spicy?;I'd rather have mild food.;He prefers to have mild Indian food rather than spicy.;['Yes', 'No', 'Yes, subject to some conditions', 'In the middle, neither yes nor no', 'Other'];No
2380;X and Y are colleagues who are leaving work on a Friday at the same time.;colleagues_leaving_work;1100;Want to get together this weekend?;I'd love to do something with you.;He is interested to get together this weekend.;['Yes', 'No', 'Yes, subject to some conditions', 'In the middle, neither yes nor no', 'Other'];Yes
2381;X and Y are childhood neighbours who unexpectedly run into each other at a cafe.;meeting_childhood_neighbour;1902;Are you living close?;I'm visiting from out of town, so I don't live close.;He is visiting from out of town so he doesn't live close.;['Yes', 'No', 'Yes, subject to some conditions', 'In the middle, neither yes nor no', 'Other'];No
2382;X wants to know about Y's food preferences.;food_preferences;1817;Do you enjoy burgers and fries?;If there isn't anything healthier.;If there is no other options available he can have burgers and fries.;['Yes', 'No', 'Yes, subject to some conditions', 'In the middle, neither yes nor no', 'Other'];Yes, subject to some conditions
2383;Y has just moved into a neighbourhood and meets his/her new neighbour X.;meeting_new_neighbour;1903;Do you want to hang out?;I'd love to get together.;She wants to hangout and spends sometimes together.;['Yes', 'No', 'Yes, subject to some conditions', 'In the middle, neither yes nor no', 'Other'];Yes
2384;X wants to know what activities Y likes to do during weekends.;weekend_activities;1904;Are you a fan of going to the cinema?;I enjoy reading more than watching movies.;He prefers reading rather than going to the cinema.;['Yes', 'No', 'Yes, subject to some conditions', 'In the middle, neither yes nor no', 'Other'];No
2385;Y has just moved into a neighbourhood and meets his/her new neighbour X.;meeting_new_neighbour;1905;Is it just you and your husband that live here?;We have a couple of rugrats too.;It is just she and her husband who live here.;['Yes', 'No', 'Yes, subject to some conditions', 'In the middle, neither yes nor no', 'Other'];No
2386;Y has just told X that he/she is considering switching his/her job.;switching_jobs;1906;Do you manage or supervise employees?;I manage a small team;He supervisor a small team.;['Yes', 'No', 'Yes, subject to some conditions', 'In the middle, neither yes nor no', 'Other'];Yes
2387;X and Y are childhood neighbours who unexpectedly run into each other at a cafe.;meeting_childhood_neighbour;567;Did your parents stay in your childhood home?;They bought a place in Florida and moved.;Her parents bought a place in Florida and moved from her childhood home.;['Yes', 'No', 'Yes, subject to some conditions', 'In the middle, neither yes nor no', 'Other'];No
2388;Y has just told X that he/she is thinking of buying a flat in New York.;buying_a_flat;1907;Does it have a view?;There are no windows.;The flat has no any window, as well as there is no view.;['Yes', 'No', 'Yes, subject to some conditions', 'In the middle, neither yes nor no', 'Other'];No
2389;Y has just told X that he/she is considering switching his/her job.;switching_jobs;1908;Do you spend a lot of time in an office?;Most of the day.;Most of the day he spends lot of time in an office.;['Yes', 'No', 'Yes, subject to some conditions', 'In the middle, neither yes nor no', 'Other'];Yes
2390;Y has just told X that he/she is considering switching his/her job.;switching_jobs;1909;Are you working in an office?;I am right now;Right now she is working in an office.;['Yes', 'No', 'Yes, subject to some conditions', 'In the middle, neither yes nor no', 'Other'];Yes
2391;Y has just moved into a neighbourhood and meets his/her new neighbour X.;meeting_new_neighbour;1910;Do you work from home?;I have a little office shed out back.;He has a office outback of his home.;['Yes', 'No', 'Yes, subject to some conditions', 'In the middle, neither yes nor no', 'Other'];Yes
2392;X and Y are childhood neighbours who unexpectedly run into each other at a cafe.;meeting_childhood_neighbour;884;Do you live in town?;My house is downtown.;He lives in downtown.;['Yes', 'No', 'Yes, subject to some conditions', 'In the middle, neither yes nor no', 'Other'];Yes
2393;Y has just travelled from a different city to meet X.;travelling_to_meet_someone;796;Are you still planning to retire next year?;Everything is going according to plan.;She is still planning to retire next year.;['Yes', 'No', 'Yes, subject to some conditions', 'In the middle, neither yes nor no', 'Other'];Yes
2394;X wants to know what sorts of books Y likes to read.;book_preferences;1911;Have you ever read horror novel books?;I was addicted to horror in high school.;He used to read horror books in High school but now he doesn't.;['Yes', 'No', 'Yes, subject to some conditions', 'In the middle, neither yes nor no', 'Other'];Yes
2395;X and Y are childhood neighbours who unexpectedly run into each other at a cafe.;meeting_childhood_neighbour;964;You finish school?;I got my doctorate.;Not only school he finished his doctorate degree.;['Yes', 'No', 'Yes, subject to some conditions', 'In the middle, neither yes nor no', 'Other'];Yes
2396;X wants to know about Y's music preferences.;music_preferences;1912;Have you ever listened to Papa Roach?;What's his sound?;She didn't listen to Papa Roach and she doesn't know his sound too.;['Yes', 'No', 'Yes, subject to some conditions', 'In the middle, neither yes nor no', 'Other'];No
2397;Y has just told X that he/she is considering switching his/her job.;switching_jobs;1913;Is it a newly formed company?;They were founded in 1945.;It is not a new company. The company was founded in 1945.;['Yes', 'No', 'Yes, subject to some conditions', 'In the middle, neither yes nor no', 'Other'];No
2398;X and Y are childhood neighbours who unexpectedly run into each other at a cafe.;meeting_childhood_neighbour;1914;Hey are you still living in Maryland?;I live in California now.;She left living in Maryland and she is living in California.;['Yes', 'No', 'Yes, subject to some conditions', 'In the middle, neither yes nor no', 'Other'];No
2399;X wants to know what sorts of books Y likes to read.;book_preferences;1915;Do you like series of books?;I have the attention span of a goldfish.;She likes series of books.;['Yes', 'No', 'Yes, subject to some conditions', 'In the middle, neither yes nor no', 'Other'];No
2400;Y has just told X that he/she is thinking of buying a flat in New York.;buying_a_flat;765;Have you found a place yet?;I still on the prowl.;He is still prowling to find a place.;['Yes', 'No', 'Yes, subject to some conditions', 'In the middle, neither yes nor no', 'Other'];No
2401;X wants to know about Y's music preferences.;music_preferences;1916;Have you heard Mozart?;I listen to Mozart at bedtime.;She likes listening to Mozart at bedtime.;['Yes', 'No', 'Yes, subject to some conditions', 'In the middle, neither yes nor no', 'Other'];Yes
2402;Y has just told X that he/she is considering switching his/her job.;switching_jobs;1917;You know when you starting your new job?;In a week from now.;Within he is going to start his new job.;['Yes', 'No', 'Yes, subject to some conditions', 'In the middle, neither yes nor no', 'Other'];Yes
2403;X wants to know about Y's music preferences.;music_preferences;1918;Do you listen to classical?;I prefer pop.;Instead of listening classical he prefers pop.;['Yes', 'No', 'Yes, subject to some conditions', 'In the middle, neither yes nor no', 'Other'];No
2404;X wants to know about Y's music preferences.;music_preferences;1918;Do you listen to classical?;I prefer pop.;Instead of listening classical he prefers pop.;['Yes', 'No', 'Yes, subject to some conditions', 'In the middle, neither yes nor no', 'Other'];No
2405;Y has just told X that he/she is considering switching his/her job.;switching_jobs;1919;Will the new job pay better?;I'd make twice as much money.;The new job pays better, that's why she could make twice as much money.;['Yes', 'No', 'Yes, subject to some conditions', 'In the middle, neither yes nor no', 'Other'];Yes
2406;X wants to know what sorts of books Y likes to read.;book_preferences;690;Would you like a romance story?;Only if it had a dark undertone.;He likes a romance story if it has a dark undertone.;['Yes', 'No', 'Yes, subject to some conditions', 'In the middle, neither yes nor no', 'Other'];Yes, subject to some conditions
2407;X wants to know what sorts of books Y likes to read.;book_preferences;1920;Do you like nonfiction?;I always want to learn more.;He always wants to learn more, that's why he prefers to read nonfictions.;['Yes', 'No', 'Yes, subject to some conditions', 'In the middle, neither yes nor no', 'Other'];Yes
2408;X wants to know what sorts of books Y likes to read.;book_preferences;1921;Did you see the newest Harlequin romance line?;I have no idea what that is.;She has no idea about the newest Harlequin romance line.;['Yes', 'No', 'Yes, subject to some conditions', 'In the middle, neither yes nor no', 'Other'];No
2409;Y has just told X that he/she is considering switching his/her job.;switching_jobs;1922;Have you spoken to your colleagues?;I'm keeping it a secret.;He wants to keep it a secret, so he didn't talk to his colleagues.;['Yes', 'No', 'Yes, subject to some conditions', 'In the middle, neither yes nor no', 'Other'];No
2410;Y has just told X that he/she is thinking of buying a flat in New York.;buying_a_flat;1748;Are parking fees included in your rental agreement?;There's not a parking lot for cars.;There's not a parking lot for cars, so parking fees are not included in his rental agreement;['Yes', 'No', 'Yes, subject to some conditions', 'In the middle, neither yes nor no', 'Other'];No
2411;Y has just travelled from a different city to meet X.;travelling_to_meet_someone;1923;Did you bring a warm coat?;I have a down jacket.;Instead of a warm coat he has a town jacket.;['Yes', 'No', 'Yes, subject to some conditions', 'In the middle, neither yes nor no', 'Other'];Yes
2412;X and Y are colleagues who are leaving work on a Friday at the same time.;colleagues_leaving_work;1924;Are you going to eat out for dinner?;I have leftovers at home.;She had dinner at home so she is not going to out for it.;['Yes', 'No', 'Yes, subject to some conditions', 'In the middle, neither yes nor no', 'Other'];No
2413;Y has just told X that he/she is considering switching his/her job.;switching_jobs;1925;Is it very tiring?;I'm always tired after work.;He is always tired after work.;['Yes', 'No', 'Yes, subject to some conditions', 'In the middle, neither yes nor no', 'Other'];Yes
2414;X wants to know about Y's food preferences.;food_preferences;1926;Want to have a taste of leg of lamb?;Lamb turns me off.;He doesn't like eating lamb.;['Yes', 'No', 'Yes, subject to some conditions', 'In the middle, neither yes nor no', 'Other'];No
2415;X wants to know about Y's food preferences.;food_preferences;429;Are you still on a Paleo diet?;I gave up last week.;She left dieting on a Paleo diet last week.;['Yes', 'No', 'Yes, subject to some conditions', 'In the middle, neither yes nor no', 'Other'];No
2416;X and Y are childhood neighbours who unexpectedly run into each other at a cafe.;meeting_childhood_neighbour;1927;Did you move to a different city?;We live in Portland now.;He moved to Poland now.;['Yes', 'No', 'Yes, subject to some conditions', 'In the middle, neither yes nor no', 'Other'];Yes
2417;X wants to know what sorts of books Y likes to read.;book_preferences;1567;Have you ever ready Stephen King books?;They're too scary for me.;She read Stephen king books and she finds it very scary.;['Yes', 'No', 'Yes, subject to some conditions', 'In the middle, neither yes nor no', 'Other'];No
2418;X wants to know what activities Y likes to do during weekends.;weekend_activities;1598;Is karaoke something you enjoy?;I can only do that when I'm drunk.;She enjoys karaoke, only if she is drunk.;['Yes', 'No', 'Yes, subject to some conditions', 'In the middle, neither yes nor no', 'Other'];Yes, subject to some conditions
2419;X wants to know what sorts of books Y likes to read.;book_preferences;1928;Have you checked out the New York Times bestseller list?;I've never looked at it before.;He never check out the New York Times bestseller lists.;['Yes', 'No', 'Yes, subject to some conditions', 'In the middle, neither yes nor no', 'Other'];No
2420;X and Y are childhood neighbours who unexpectedly run into each other at a cafe.;meeting_childhood_neighbour;1929;Have any children?;I pregnant with my first.;It's her fast time of pregnancy.;['Yes', 'No', 'Yes, subject to some conditions', 'In the middle, neither yes nor no', 'Other'];No
2421;X wants to know about Y's music preferences.;music_preferences;1645;Do you like rock?;Only if it's modern rock.;He likes modern rock.;['Yes', 'No', 'Yes, subject to some conditions', 'In the middle, neither yes nor no', 'Other'];Yes, subject to some conditions
2422;X and Y are colleagues who are leaving work on a Friday at the same time.;colleagues_leaving_work;1930;Want to go for a beer?;I would enjoy that;She wants to go for a beer.;['Yes', 'No', 'Yes, subject to some conditions', 'In the middle, neither yes nor no', 'Other'];Yes
2423;X wants to know what activities Y likes to do during weekends.;weekend_activities;639;Did you like that Ethiopian place we tried the other day?;I'd rather have something spicier.;She didn't like that Ethiopian place, they tried the other day.;['Yes', 'No', 'Yes, subject to some conditions', 'In the middle, neither yes nor no', 'Other'];No
2424;Y has just travelled from a different city to meet X.;travelling_to_meet_someone;479;Do you want to grab some food?;sounds like a plan;He wants to have some foods.;['Yes', 'No', 'Yes, subject to some conditions', 'In the middle, neither yes nor no', 'Other'];Yes
2425;Y has just travelled from a different city to meet X.;travelling_to_meet_someone;1931;Are your family happy and in good health ?;Everyone is thriving.;Her family is happy and in good health .;['Yes', 'No', 'Yes, subject to some conditions', 'In the middle, neither yes nor no', 'Other'];Yes
2426;Y has just told X that he/she is considering switching his/her job.;switching_jobs;661;Do you have to travel frequently?;I don't travel at all for my job.;He doesn't have to travel at all for his job.;['Yes', 'No', 'Yes, subject to some conditions', 'In the middle, neither yes nor no', 'Other'];No
2427;X and Y are colleagues who are leaving work on a Friday at the same time.;colleagues_leaving_work;924;Is that big project you were working on done?;I'm taking part of it home to work on.;The big project is not done yet, so he is taking part of it home to work on.;['Yes', 'No', 'Yes, subject to some conditions', 'In the middle, neither yes nor no', 'Other'];No
2428;X wants to know what activities Y likes to do during weekends.;weekend_activities;1024;Have you ever been to the opera?;La Boheme is my favourite.;He likes opera specially La Boheme.;['Yes', 'No', 'Yes, subject to some conditions', 'In the middle, neither yes nor no', 'Other'];Yes
2429;X wants to know about Y's food preferences.;food_preferences;1932;Do you eat red meat?;My favorite is steak.;She prefers steaks instead of red meat.;['Yes', 'No', 'Yes, subject to some conditions', 'In the middle, neither yes nor no', 'Other'];Yes
2430;X wants to know about Y's food preferences.;food_preferences;1047;Do you like burger places?;I love them;He loves burger places.;['Yes', 'No', 'Yes, subject to some conditions', 'In the middle, neither yes nor no', 'Other'];Yes
2431;X and Y are childhood neighbours who unexpectedly run into each other at a cafe.;meeting_childhood_neighbour;1933;Do you like where you're working?;It's not my dream job.;She achoeved her dream job and is working there.;['Yes', 'No', 'Yes, subject to some conditions', 'In the middle, neither yes nor no', 'Other'];No
2432;X wants to know what activities Y likes to do during weekends.;weekend_activities;1934;Are you into outdoor art?;If it makes me think.;He likes outdoor  art it makes him to think.;['Yes', 'No', 'Yes, subject to some conditions', 'In the middle, neither yes nor no', 'Other'];Yes, subject to some conditions
2433;X wants to know about Y's food preferences.;food_preferences;1901;Can you eat Indian food when it's spicy?;The spicier, the better.;She likes Indian foods though it is spicy.;['Yes', 'No', 'Yes, subject to some conditions', 'In the middle, neither yes nor no', 'Other'];Yes
2434;X wants to know what activities Y likes to do during weekends.;weekend_activities;1644;Do you like to swim?;Only when the sun is out.;He likes to swim on a sunny day.;['Yes', 'No', 'Yes, subject to some conditions', 'In the middle, neither yes nor no', 'Other'];Yes, subject to some conditions
2435;X wants to know about Y's music preferences.;music_preferences;1935;Do you like a lot of bass in your music?;I usually have the bass cranked.;He doesn't like a lot of bass in your music.;['Yes', 'No', 'Yes, subject to some conditions', 'In the middle, neither yes nor no', 'Other'];Yes
2436;Y has just moved into a neighbourhood and meets his/her new neighbour X.;meeting_new_neighbour;849;Do have any pets?;I am not keen on cats or dogs.;She doesn't like any pet either it's dog or cat.;['Yes', 'No', 'Yes, subject to some conditions', 'In the middle, neither yes nor no', 'Other'];No
2437;X and Y are colleagues who are leaving work on a Friday at the same time.;colleagues_leaving_work;816;Do you drive?;Not in a long time.;Long time he didn't drive.;['Yes', 'No', 'Yes, subject to some conditions', 'In the middle, neither yes nor no', 'Other'];No
2438;X and Y are colleagues who are leaving work on a Friday at the same time.;colleagues_leaving_work;1936;Do you have any big plans for the weekend?;I have a number of things to do this weekend;She has a big plans of things sto do  this weekend.;['Yes', 'No', 'Yes, subject to some conditions', 'In the middle, neither yes nor no', 'Other'];Yes
2439;Y has just travelled from a different city to meet X.;travelling_to_meet_someone;1937;Are you up for going to the museum tomorrow?;I've been looking forward to it.;He is looking forward for going to the museum tomorrow.;['Yes', 'No', 'Yes, subject to some conditions', 'In the middle, neither yes nor no', 'Other'];Yes
2440;Y has just moved into a neighbourhood and meets his/her new neighbour X.;meeting_new_neighbour;1938;Would you like to grab a coffee?;I only drink tea.;She drinks only tea, so she is not interested for haviing coffee.;['Yes', 'No', 'Yes, subject to some conditions', 'In the middle, neither yes nor no', 'Other'];No
2441;X wants to know about Y's food preferences.;food_preferences;1124;Do you have any food intolerances?;Pineapple doesn't agree with me.;He eats everything excepts pineapple.;['Yes', 'No', 'Yes, subject to some conditions', 'In the middle, neither yes nor no', 'Other'];Yes
2442;Y has just told X that he/she is thinking of buying a flat in New York.;buying_a_flat;667;Are you good at making new friends?;I'm a people person.;She is good at making new friends as she is a people person.;['Yes', 'No', 'Yes, subject to some conditions', 'In the middle, neither yes nor no', 'Other'];Yes
2443;Y has just moved into a neighbourhood and meets his/her new neighbour X.;meeting_new_neighbour;1939;Have you met other neighbours?;No one's been around when I'm home yet.;He  didn't meet any neighbour, because no one's been around when he is home yet.;['Yes', 'No', 'Yes, subject to some conditions', 'In the middle, neither yes nor no', 'Other'];No
2444;X wants to know what sorts of books Y likes to read.;book_preferences;1940;Do you enjoy reading classics?;I haven't touched any since school.;she never read classics since he school.;['Yes', 'No', 'Yes, subject to some conditions', 'In the middle, neither yes nor no', 'Other'];No
2445;X and Y are colleagues who are leaving work on a Friday at the same time.;colleagues_leaving_work;1941;Want to grab a drink with me?;let's do it next week instead.;She wants to have a drink with him but in next week.;['Yes', 'No', 'Yes, subject to some conditions', 'In the middle, neither yes nor no', 'Other'];Yes, subject to some conditions
2446;X wants to know about Y's music preferences.;music_preferences;1942;Have you ever heard merengue music?;I haven't heard of it.;He never heard merengue music.;['Yes', 'No', 'Yes, subject to some conditions', 'In the middle, neither yes nor no', 'Other'];No
2447;Y has just told X that he/she is considering switching his/her job.;switching_jobs;806;Any thoughts on what you'd do instead?;Work on a farm sounds interesting.;She is thinking to switch her job to a farm.;['Yes', 'No', 'Yes, subject to some conditions', 'In the middle, neither yes nor no', 'Other'];Yes
2448;Y has just travelled from a different city to meet X.;travelling_to_meet_someone;1943;Do you like travelling up town?;I refuse to ever go back.;He is not interested in travelling up town.;['Yes', 'No', 'Yes, subject to some conditions', 'In the middle, neither yes nor no', 'Other'];No
2449;X and Y are colleagues who are leaving work on a Friday at the same time.;colleagues_leaving_work;1944;Are you heading out on the town?;I'm planning on staying home.;She is planning on staying home instead of heading out on the town.;['Yes', 'No', 'Yes, subject to some conditions', 'In the middle, neither yes nor no', 'Other'];No
2450;Y has just told X that he/she is thinking of buying a flat in New York.;buying_a_flat;1871;Does it include a parking spot?;Parking costs extra.;It doesn't nclude a parking spot. Here parking cost is extra.;['Yes', 'No', 'Yes, subject to some conditions', 'In the middle, neither yes nor no', 'Other'];No
2451;X wants to know about Y's food preferences.;food_preferences;1945;Are you into trendy places?;Trends are overrated.;Trends are overrated, so she is not interested into trendy places.;['Yes', 'No', 'Yes, subject to some conditions', 'In the middle, neither yes nor no', 'Other'];No
2452;Y has just moved into a neighbourhood and meets his/her new neighbour X.;meeting_new_neighbour;1946;Do you enjoy dancing?;I have two left feet.;He enjoys dancing.;['Yes', 'No', 'Yes, subject to some conditions', 'In the middle, neither yes nor no', 'Other'];No
2453;Y has just moved into a neighbourhood and meets his/her new neighbour X.;meeting_new_neighbour;1946;Do you enjoy dancing?;I have two left feet.;He enjoys dancing.;['Yes', 'No', 'Yes, subject to some conditions', 'In the middle, neither yes nor no', 'Other'];No
2454;X wants to know what activities Y likes to do during weekends.;weekend_activities;1947;Are you in the mood for something sweet?;I can always go for dessert.;She is always in a mood for something sweet.;['Yes', 'No', 'Yes, subject to some conditions', 'In the middle, neither yes nor no', 'Other'];Yes
2455;X wants to know what sorts of books Y likes to read.;book_preferences;1948;Do you own an electronic reader?;I have a Kindle.;He has a Kindle as an electronic reader.;['Yes', 'No', 'Yes, subject to some conditions', 'In the middle, neither yes nor no', 'Other'];Yes
2456;Y has just told X that he/she is considering switching his/her job.;switching_jobs;1949;Do you do your job remotely?;For the most part.;For the most part she is doing a remote job.;['Yes', 'No', 'Yes, subject to some conditions', 'In the middle, neither yes nor no', 'Other'];Yes
2457;Y has just travelled from a different city to meet X.;travelling_to_meet_someone;1950;Did you encounter a lot of traffic coming here?;it was quite busy with cars;He encounters a lot of traffic coming here as  it was quite busy with cars.;['Yes', 'No', 'Yes, subject to some conditions', 'In the middle, neither yes nor no', 'Other'];Yes
2458;Y has just travelled from a different city to meet X.;travelling_to_meet_someone;487;Wanna go for some Chinese food?;that sounds great;She is interested to go for some Chinese food.;['Yes', 'No', 'Yes, subject to some conditions', 'In the middle, neither yes nor no', 'Other'];Yes
2459;X wants to know what activities Y likes to do during weekends.;weekend_activities;1951;Are you afraid of heights?;You could say that.;She is afraid of heights.;['Yes', 'No', 'Yes, subject to some conditions', 'In the middle, neither yes nor no', 'Other'];Yes
2460;X and Y are childhood neighbours who unexpectedly run into each other at a cafe.;meeting_childhood_neighbour;1755;Do you have any kids of your own now?;It's too soon for kids.;She doesn't have any kids.;['Yes', 'No', 'Yes, subject to some conditions', 'In the middle, neither yes nor no', 'Other'];No
2461;Y has just moved into a neighbourhood and meets his/her new neighbour X.;meeting_new_neighbour;688;Is the beach a place you like to go?;I tend to stay away from the beach because I cannot swim.;He doesn't like beach and tries to stay away from the beach because he cannot swim.;['Yes', 'No', 'Yes, subject to some conditions', 'In the middle, neither yes nor no', 'Other'];No
2462;Y has just told X that he/she is considering switching his/her job.;switching_jobs;1112;Are you happy at your present job?;I look forward to work every day.;He is very happy at his present job and looks forward to work every day.;['Yes', 'No', 'Yes, subject to some conditions', 'In the middle, neither yes nor no', 'Other'];Yes
2463;Y has just travelled from a different city to meet X.;travelling_to_meet_someone;1952;Are you enjoying your visit?;It's been so nice seeing you!;She is feeling nice seeing him.;['Yes', 'No', 'Yes, subject to some conditions', 'In the middle, neither yes nor no', 'Other'];Yes
2464;X wants to know about Y's music preferences.;music_preferences;1051;Want to go the the concert tonight?;that would be great;He is interestd to attend the concert tonight.;['Yes', 'No', 'Yes, subject to some conditions', 'In the middle, neither yes nor no', 'Other'];Yes
2465;X and Y are childhood neighbours who unexpectedly run into each other at a cafe.;meeting_childhood_neighbour;1914;Hey are you still living in Maryland?;I moved to New York.;She is not still living in Maryland. She moved to New York.;['Yes', 'No', 'Yes, subject to some conditions', 'In the middle, neither yes nor no', 'Other'];No
2466;Y has just told X that he/she is considering switching his/her job.;switching_jobs;647;Are you looking for a role with a flexible schedule?;That would be ideal.;He is looking for a role with a flexible schedule.;['Yes', 'No', 'Yes, subject to some conditions', 'In the middle, neither yes nor no', 'Other'];Yes
2467;X and Y are colleagues who are leaving work on a Friday at the same time.;colleagues_leaving_work;1953;Are going shopping?;I can't, I maxed my credit card.;She is not going for shoping because she doesn't max his credit card.;['Yes', 'No', 'Yes, subject to some conditions', 'In the middle, neither yes nor no', 'Other'];No
2468;Y has just travelled from a different city to meet X.;travelling_to_meet_someone;741;Do you want to rest before we catch up?;I just need 10 minutes to freshen up.;She needs only 10 minutes before they catch up.;['Yes', 'No', 'Yes, subject to some conditions', 'In the middle, neither yes nor no', 'Other'];No
2469;X wants to know about Y's food preferences.;food_preferences;325;do you like salads?;Only if they are drizzled with vinaigrette.;He likes salads if they are drizzled with vinaigrette.;['Yes', 'No', 'Yes, subject to some conditions', 'In the middle, neither yes nor no', 'Other'];Yes, subject to some conditions
2470;Y has just travelled from a different city to meet X.;travelling_to_meet_someone;1954;Would you like a glass of water?;I would thanks;She wants a glass of water.;['Yes', 'No', 'Yes, subject to some conditions', 'In the middle, neither yes nor no', 'Other'];Yes
2471;X wants to know what activities Y likes to do during weekends.;weekend_activities;1955;Shall we go back to that same deli we tried last week?;I'm game.;He wants to go back to that same deli they tried last week.;['Yes', 'No', 'Yes, subject to some conditions', 'In the middle, neither yes nor no', 'Other'];Yes
2472;X and Y are colleagues who are leaving work on a Friday at the same time.;colleagues_leaving_work;1956;Do you want to go for a drink in the local pub ?;I have some free time tomorrow.;She wants to go for a drink in the local pub, if the plan is for tomorrow.;['Yes', 'No', 'Yes, subject to some conditions', 'In the middle, neither yes nor no', 'Other'];Yes, subject to some conditions
2473;Y has just told X that he/she is considering switching his/her job.;switching_jobs;635;Will you work on the weekends?;I prefer not to take work home with me.;He prefers not to take work home with him, so he works on the weekends.;['Yes', 'No', 'Yes, subject to some conditions', 'In the middle, neither yes nor no', 'Other'];No
2474;X wants to know about Y's food preferences.;food_preferences;1957;Do you like Mexican food?;I don't like anything spicy.;She doesn't like Mecican food.;['Yes', 'No', 'Yes, subject to some conditions', 'In the middle, neither yes nor no', 'Other'];No
2475;Y has just told X that he/she is thinking of buying a flat in New York.;buying_a_flat;1871;Does it include a parking spot?;I'll have to pay for parking on site.;It doesn't include a parking spot, so she need to pay for parking on site.;['Yes', 'No', 'Yes, subject to some conditions', 'In the middle, neither yes nor no', 'Other'];No
2476;Y has just told X that he/she is considering switching his/her job.;switching_jobs;1958;Would you have to work weekends?;Thankfully not;She doesn't have to work weekends.;['Yes', 'No', 'Yes, subject to some conditions', 'In the middle, neither yes nor no', 'Other'];No
2477;X and Y are childhood neighbours who unexpectedly run into each other at a cafe.;meeting_childhood_neighbour;1959;Are you happy with your life now?;I'm very content.;He is happy with his life now.;['Yes', 'No', 'Yes, subject to some conditions', 'In the middle, neither yes nor no', 'Other'];Yes
2478;Y has just travelled from a different city to meet X.;travelling_to_meet_someone;1960;Was your flight okay?;The flight over was smooth.;Her flight was okay and smooth.;['Yes', 'No', 'Yes, subject to some conditions', 'In the middle, neither yes nor no', 'Other'];Yes
2479;X wants to know what sorts of books Y likes to read.;book_preferences;1961;Have  you read Malcolm Gladwell's book?;I didn't know he wrote books.;He didn't  read Malcolm Gladwell's book. Even he didn't know his name.;['Yes', 'No', 'Yes, subject to some conditions', 'In the middle, neither yes nor no', 'Other'];No
2480;Y has just moved into a neighbourhood and meets his/her new neighbour X.;meeting_new_neighbour;1962;Where you born in this city?;I was born in another country.;She didn't born in this city.;['Yes', 'No', 'Yes, subject to some conditions', 'In the middle, neither yes nor no', 'Other'];No
2481;Y has just moved into a neighbourhood and meets his/her new neighbour X.;meeting_new_neighbour;1962;Where you born in this city?;I was born in another country.;She didn't born in this city.;['Yes', 'No', 'Yes, subject to some conditions', 'In the middle, neither yes nor no', 'Other'];No
2482;X and Y are colleagues who are leaving work on a Friday at the same time.;colleagues_leaving_work;1924;Are you going to eat out for dinner?;I'm going to just stay home and cook something.;He is going to just stay home and cook something rather than going to eat out for dinner.;['Yes', 'No', 'Yes, subject to some conditions', 'In the middle, neither yes nor no', 'Other'];No
2483;Y has just told X that he/she is thinking of buying a flat in New York.;buying_a_flat;1963;Is it close to the subway?;It's about a five-minute walk from the subway.;It is not  close to the subway but it is five minute far from it.;['Yes', 'No', 'Yes, subject to some conditions', 'In the middle, neither yes nor no', 'Other'];Yes
2484;X wants to know about Y's music preferences.;music_preferences;925;Do you enjoy listening to the guitar?;Very much so.;She enjoys listening to the guitar.;['Yes', 'No', 'Yes, subject to some conditions', 'In the middle, neither yes nor no', 'Other'];Yes
2485;X wants to know what activities Y likes to do during weekends.;weekend_activities;1964;Have you ever tried skating?;I grew up ice skating.;He tried skating many time as he grew up skating.;['Yes', 'No', 'Yes, subject to some conditions', 'In the middle, neither yes nor no', 'Other'];Yes
2486;Y has just travelled from a different city to meet X.;travelling_to_meet_someone;1954;Would you like a glass of water?;I'm parched.;She is parched and wants a glass of water.;['Yes', 'No', 'Yes, subject to some conditions', 'In the middle, neither yes nor no', 'Other'];Yes
2487;Y has just travelled from a different city to meet X.;travelling_to_meet_someone;1954;Would you like a glass of water?;I'm parched.;She is parched and wants a glass of water.;['Yes', 'No', 'Yes, subject to some conditions', 'In the middle, neither yes nor no', 'Other'];Yes
2488;X and Y are childhood neighbours who unexpectedly run into each other at a cafe.;meeting_childhood_neighbour;1965;Are you happy at work?;I'm very unhappy in my job.;He is very unhappy in his job.;['Yes', 'No', 'Yes, subject to some conditions', 'In the middle, neither yes nor no', 'Other'];No
2489;Y has just travelled from a different city to meet X.;travelling_to_meet_someone;1674;Do you know much about this town?;Tell me about it.;She doesn't know much about this town, but she is curious to know about it.;['Yes', 'No', 'Yes, subject to some conditions', 'In the middle, neither yes nor no', 'Other'];No
2490;X wants to know about Y's music preferences.;music_preferences;1966;Do you like any current artists in the charts?;I like Sia's music.;He likes Sia's music from current artists in the charts.;['Yes', 'No', 'Yes, subject to some conditions', 'In the middle, neither yes nor no', 'Other'];Yes
2491;X wants to know about Y's music preferences.;music_preferences;1967;Do you like techno music?;Dance music isn't really my vibe.;She doesn't like techno music.;['Yes', 'No', 'Yes, subject to some conditions', 'In the middle, neither yes nor no', 'Other'];No
2492;X wants to know what activities Y likes to do during weekends.;weekend_activities;1113;Do you have busy weekends?;I keep my weekends free.;He is free on weekends.;['Yes', 'No', 'Yes, subject to some conditions', 'In the middle, neither yes nor no', 'Other'];No
2493;Y has just told X that he/she is considering switching his/her job.;switching_jobs;1968;Do you like to do repetitive work?;I find it pretty boring.;She doesn't like  to do repetitive work as it is pretty boring.;['Yes', 'No', 'Yes, subject to some conditions', 'In the middle, neither yes nor no', 'Other'];No
2494;Y has just told X that he/she is thinking of buying a flat in New York.;buying_a_flat;1782;Would you like a lower level flat?;I'd rather live a bit higher up.;He is willing to live a bit higher up rather than living at lower level flat.;['Yes', 'No', 'Yes, subject to some conditions', 'In the middle, neither yes nor no', 'Other'];No
2495;X wants to know what activities Y likes to do during weekends.;weekend_activities;1113;Do you have busy weekends?;They are all packed with activities.;Her weekends are packed with activities.;['Yes', 'No', 'Yes, subject to some conditions', 'In the middle, neither yes nor no', 'Other'];Yes
2496;X wants to know what sorts of books Y likes to read.;book_preferences;1022;Are nonfiction books interesting to you?;I'll read anything.;He reads anything. So it seems he likes nonfiction books too.;['Yes', 'No', 'Yes, subject to some conditions', 'In the middle, neither yes nor no', 'Other'];Yes
2497;X wants to know about Y's music preferences.;music_preferences;1969;Do you like electric guitars?;I play around on one at home.;She likes electric guitars and she plays it as well.;['Yes', 'No', 'Yes, subject to some conditions', 'In the middle, neither yes nor no', 'Other'];Yes
2498;X wants to know what sorts of books Y likes to read.;book_preferences;802;Do you like Harry Potter?;I think it's for kids.;He doesn't like Harry Potter.;['Yes', 'No', 'Yes, subject to some conditions', 'In the middle, neither yes nor no', 'Other'];No
2499;Y has just told X that he/she is considering switching his/her job.;switching_jobs;1970;Are you getting any benefits?;I have medical and paid vacation.;She got benifits of medical and paid vacation.;['Yes', 'No', 'Yes, subject to some conditions', 'In the middle, neither yes nor no', 'Other'];Yes
2500;Y has just moved into a neighbourhood and meets his/her new neighbour X.;meeting_new_neighbour;1971;Do you like it here?;So far it seems like a great place to live.;He likes the place so far.;['Yes', 'No', 'Yes, subject to some conditions', 'In the middle, neither yes nor no', 'Other'];Yes
2501;Y has just moved into a neighbourhood and meets his/her new neighbour X.;meeting_new_neighbour;1972;Were you born in this country?;I didn't live in this country till I was a teenager.;She was not born in this country. She came to the country as teenager.;['Yes', 'No', 'Yes, subject to some conditions', 'In the middle, neither yes nor no', 'Other'];No
2502;X and Y are colleagues who are leaving work on a Friday at the same time.;colleagues_leaving_work;1973;Do you want to go see a movie tonight?;I'd rather do something physical.;I'd like to do something physical instead of going a movie tonight.;['Yes', 'No', 'Yes, subject to some conditions', 'In the middle, neither yes nor no', 'Other'];No
2503;X and Y are childhood neighbours who unexpectedly run into each other at a cafe.;meeting_childhood_neighbour;992;Did you move to Chattanooga?;I moved house to Niagara Falls.;I moved house to Niagara Falls rather than Chattanooga.;['Yes', 'No', 'Yes, subject to some conditions', 'In the middle, neither yes nor no', 'Other'];No
2504;X wants to know what activities Y likes to do during weekends.;weekend_activities;732;Are you into football?;Only during the World Cup.;He likes football during the World Cup.;['Yes', 'No', 'Yes, subject to some conditions', 'In the middle, neither yes nor no', 'Other'];Yes, subject to some conditions
2505;Y has just travelled from a different city to meet X.;travelling_to_meet_someone;869;Would you like to have a bar-b-que?;Let's invite everyone over.;She is interested to have a bar-b-que and to invite everyone over.;['Yes', 'No', 'Yes, subject to some conditions', 'In the middle, neither yes nor no', 'Other'];Yes
